,true_phase,MAE,pred_phase,pred_phase_h,post_mode,post_mean,post_std_c,ext_time_hours
0,10.995574287564276,0.6000000000000001,0.8168140899333463,3.1200000000000006,0.8168140899333463,0.29614073107640343,1.6610690106892807,42
1,10.995574287564276,7.799999999999999,5.215043804959057,19.920000000000005,5.215043804959057,5.343632049032665,0.4961480932236786,42
2,10.995574287564276,0.8400000000000021,0.7539822368615504,2.8800000000000003,0.7539822368615504,0.7296038094772926,0.6505974648413058,42
3,10.995574287564276,3.0000000000000004,1.7592918860102844,6.7200000000000015,1.7592918860102844,2.323905251713875,0.7390107913451253,42
4,10.995574287564276,1.0800000000000007,1.2566370614359172,4.800000000000001,1.2566370614359172,1.3493862587716428,0.4020333638699882,42
5,10.995574287564276,2.759999999999998,1.6964600329384885,6.480000000000001,1.6964600329384885,1.8214197490468427,0.33915970056947903,42
6,10.995574287564276,3.0000000000000004,1.7592918860102844,6.7200000000000015,1.7592918860102844,1.9177901792630647,0.37609437698456283,42
7,10.995574287564276,2.0400000000000023,0.4398229715025711,1.6800000000000004,0.4398229715025711,0.27469908079784766,0.5810891175954961,42
8,10.995574287564276,3.239999999999999,1.8221237390820801,6.960000000000001,1.8221237390820801,1.9971267376505577,0.452192053054277,42
9,10.995574287564276,4.2,2.0734511513692637,7.920000000000002,2.0734511513692637,2.2930842964031197,0.49399797816549645,42
10,10.995574287564276,0.11999999999999933,0.942477796076938,3.6000000000000005,0.942477796076938,1.067849676295257,1.824203987832236,42
11,10.995574287564276,10.2,4.586725274241099,17.520000000000003,4.586725274241099,4.73179620369393,0.624666748993844,42
12,10.995574287564276,4.6800000000000015,2.199114857512855,8.4,2.199114857512855,2.238268013090663,0.26700842976877026,42
13,10.995574287564276,0.6000000000000001,1.1309733552923256,4.32,1.1309733552923256,1.2434958556533104,0.44891065976054284,42
14,10.995574287564276,11.88,4.1469023027385274,15.840000000000003,4.1469023027385274,3.9492962986447537,1.6372692151084391,42
15,10.995574287564276,0.6000000000000001,1.1309733552923256,4.32,1.1309733552923256,1.2869958507163974,0.8192216800847726,42
16,10.995574287564276,1.8,1.4451326206513049,5.5200000000000005,1.4451326206513049,1.609096884397077,0.5223103516414228,42
17,10.995574287564276,1.559999999999998,1.3823007675795091,5.280000000000001,1.3823007675795091,1.512703355580049,0.5289525390387236,42
18,10.995574287564276,9.24,3.392920065876977,12.960000000000003,3.392920065876977,2.7956648374228057,0.7367928212045376,42
19,10.995574287564276,3.480000000000001,0.06283185307179587,0.24000000000000005,0.06283185307179587,5.986928322585747,0.6415947912216562,42
20,10.995574287564276,1.8,0.5026548245743669,1.9200000000000004,0.5026548245743669,0.16943495170033424,0.8042535158523981,42
21,10.995574287564276,0.359999999999998,1.0681415022205298,4.080000000000001,1.0681415022205298,1.978766558410367,2.125224139329691,42
22,10.995574287564276,8.280000000000001,3.1415926535897936,12.000000000000004,3.1415926535897936,2.7151861105875383,0.6209076991693464,42
23,10.995574287564276,7.079999999999999,5.403539364174445,20.640000000000004,5.403539364174445,5.575154783619041,0.5331497248411265,42
24,10.995574287564276,3.0000000000000004,1.7592918860102844,6.7200000000000015,1.7592918860102844,2.1941896320492935,0.704335231214683,42
25,10.995574287564276,1.5600000000000014,0.5654866776461628,2.16,0.5654866776461628,0.06291379093509945,1.0585072468075674,42
26,10.995574287564276,9.96,4.649557127312894,17.76,4.649557127312894,5.3280007105808584,1.093167680248493,42
27,10.995574287564276,1.8,1.4451326206513049,5.5200000000000005,1.4451326206513049,1.7617945531883237,0.7882981318803662,42
28,10.995574287564276,9.96,3.5814156250923643,13.680000000000001,3.5814156250923643,3.0288130441749623,0.8031020931070814,42
29,10.995574287564276,0.11999999999999933,1.0053096491487339,3.8400000000000007,1.0053096491487339,1.1464381171243159,1.283080292655663,42
30,10.995574287564276,11.16,3.8955748904513436,14.880000000000003,3.8955748904513436,3.501617849705811,1.1038306118009134,42
31,10.995574287564276,9.0,3.330088212805181,12.720000000000002,3.330088212805181,2.713044215590186,0.73871243619079,42
32,10.995574287564276,0.6000000000000001,0.8168140899333463,3.1200000000000006,0.8168140899333463,0.5295933052933576,1.5119012317267289,42
33,10.995574287564276,0.3600000000000014,0.8796459430051422,3.3600000000000008,0.8796459430051422,0.8591095354613991,0.8059145455303784,42
34,10.995574287564276,2.2800000000000007,1.5707963267948968,6.000000000000002,1.5707963267948968,2.1304144358458994,0.8348147440998691,42
35,10.995574287564276,10.200000000000001,3.6442474781641603,13.920000000000002,3.6442474781641603,2.8669976902405754,1.0366974715226718,42
36,10.995574287564276,7.800000000000001,3.0159289474462017,11.520000000000001,3.0159289474462017,2.848411798565778,0.43678020300866827,42
37,10.995574287564276,3.239999999999999,1.8221237390820801,6.960000000000001,1.8221237390820801,1.9009921110417312,0.3429440759032834,42
38,10.995574287564276,1.0800000000000007,1.2566370614359172,4.800000000000001,1.2566370614359172,2.529678540573546,1.5166971890775367,42
39,10.995574287564276,1.5600000000000014,0.5654866776461628,2.16,0.5654866776461628,0.3092206733619501,0.7796107230430563,42
40,10.995574287564276,8.999999999999998,4.900884539600078,18.720000000000006,4.900884539600078,5.757602458399118,0.8815987422751118,42
41,10.995574287564276,0.359999999999998,1.0681415022205298,4.080000000000001,1.0681415022205298,1.3064722987693587,1.2334822407115125,42
42,10.995574287564276,1.0800000000000007,0.6911503837897546,2.6400000000000006,0.6911503837897546,0.16826198225692895,1.2373433219819165,42
43,10.995574287564276,9.720000000000002,3.518583772020569,13.440000000000003,3.518583772020569,3.0867144698273754,0.6732502110700396,42
44,10.995574287564276,1.0800000000000007,1.2566370614359172,4.800000000000001,1.2566370614359172,1.6373733048927437,0.9206643888296818,42
45,10.995574287564276,1.0800000000000007,1.2566370614359172,4.800000000000001,1.2566370614359172,1.4130642968541478,0.7163707737146242,42
46,10.995574287564276,0.8400000000000021,0.7539822368615504,2.8800000000000003,0.7539822368615504,0.596656658797696,1.0213012191751263,42
47,10.995574287564276,3.959999999999998,2.0106192982974678,7.6800000000000015,2.0106192982974678,2.2355353731910146,0.46953161508903274,42
48,10.995574287564276,9.480000000000002,3.455751918948773,13.200000000000003,3.455751918948773,3.02996802035663,0.6558603915039071,42
49,10.995574287564276,1.3199999999999994,1.3194689145077132,5.040000000000001,1.3194689145077132,1.7541466919002768,0.9334230498913109,42
50,10.995574287564276,0.8399999999999987,1.1938052083641215,4.5600000000000005,1.1938052083641215,1.3044840233162132,0.751741265774633,42
51,10.995574287564276,0.6000000000000001,0.8168140899333463,3.1200000000000006,0.8168140899333463,0.7039719425428673,1.093883516813279,42
52,10.995574287564276,3.7199999999999998,1.9477874452256718,7.440000000000001,1.9477874452256718,2.2298556508359666,0.5252361531220614,42
53,10.995574287564276,2.0399999999999987,1.5079644737231008,5.760000000000001,1.5079644737231008,1.6564775457931589,0.4690599201296532,42
54,10.995574287564276,6.8400000000000025,2.7646015351590183,10.560000000000002,2.7646015351590183,2.668690503492891,0.4461250832629817,42
55,10.995574287564276,3.959999999999998,2.0106192982974678,7.6800000000000015,2.0106192982974678,2.1224602264417403,0.36574062310157257,42
56,10.995574287564276,2.759999999999998,1.6964600329384885,6.480000000000001,1.6964600329384885,2.007458080185541,0.6013762360340559,42
57,10.995574287564276,8.76,3.267256359733385,12.480000000000002,3.267256359733385,2.6921512002139076,0.7041789169445135,42
58,10.995574287564276,3.0000000000000004,1.7592918860102844,6.7200000000000015,1.7592918860102844,2.2954782336157047,0.7232605123379187,42
59,10.995574287564276,10.2,4.586725274241099,17.520000000000003,4.586725274241099,4.702420385203375,0.6238892133489881,42
60,10.995574287564276,0.11999999999999933,0.942477796076938,3.6000000000000005,0.942477796076938,0.7982514162005889,1.5064984920888904,42
61,10.995574287564276,5.88,5.717698629533424,21.840000000000003,5.717698629533424,5.682749692782838,0.5172264491670711,42
62,10.995574287564276,0.6000000000000001,0.8168140899333463,3.1200000000000006,0.8168140899333463,0.8019145846038782,0.6395189759241643,42
63,10.995574287564276,1.3199999999999994,1.3194689145077132,5.040000000000001,1.3194689145077132,2.2247565120471036,1.2957156255979805,42
64,10.995574287564276,2.7600000000000016,0.25132741228718347,0.9600000000000002,0.25132741228718347,5.879589169422855,0.8206486931800175,42
65,10.995574287564276,3.7199999999999998,1.9477874452256718,7.440000000000001,1.9477874452256718,2.114666128994867,0.42863775901724865,42
66,10.995574287564276,10.680000000000001,3.769911184307752,14.400000000000002,3.769911184307752,2.977600607900761,1.1913828374186708,42
67,10.995574287564276,0.359999999999998,1.0681415022205298,4.080000000000001,1.0681415022205298,1.1683268303197678,0.46833050358763223,42
68,10.995574287564276,3.96,6.220353454107791,23.76,6.220353454107791,5.918250914854415,0.612314167994609,42
69,10.995574287564276,0.6000000000000001,1.1309733552923256,4.32,1.1309733552923256,1.4648833395347105,1.1800545533281206,42
70,10.995574287564276,1.559999999999998,1.3823007675795091,5.280000000000001,1.3823007675795091,2.0036445906369544,1.0284130582192654,42
71,10.995574287564276,9.24,4.838052686528282,18.48,4.838052686528282,5.475490857425311,0.8910473961553087,42
72,10.995574287564276,1.0800000000000007,1.2566370614359172,4.800000000000001,1.2566370614359172,1.4120488108811533,0.5460014396620545,42
73,10.995574287564276,1.559999999999998,1.3823007675795091,5.280000000000001,1.3823007675795091,1.771869629368492,0.7495413883192618,42
74,10.995574287564276,2.759999999999998,1.6964600329384885,6.480000000000001,1.6964600329384885,1.9479530328853927,0.49715716208066535,42
75,10.995574287564276,10.680000000000001,3.769911184307752,14.400000000000002,3.769911184307752,3.4346167597817696,0.8336895779863147,42
76,10.995574287564276,1.0800000000000007,1.2566370614359172,4.800000000000001,1.2566370614359172,1.3282335033505996,0.4139030767895338,42
77,10.995574287564276,6.12,2.5761059759436304,9.840000000000002,2.5761059759436304,2.6060471435055623,0.24606931952331326,42
78,10.995574287564276,3.2400000000000007,0.12566370614359174,0.4800000000000001,0.12566370614359174,6.071009991022072,0.6783470554449503,42
79,10.995574287564276,3.7199999999999998,1.9477874452256718,7.440000000000001,1.9477874452256718,2.0757587858867064,0.3726115005846779,42
80,10.995574287564276,3.480000000000001,1.884955592153876,7.200000000000001,1.884955592153876,2.1376031086539364,0.48159457919323184,42
81,10.995574287564276,0.8399999999999987,1.1938052083641215,4.5600000000000005,1.1938052083641215,1.389544877370198,0.7513487941606335,42
82,10.995574287564276,11.64,4.209734155810323,16.080000000000002,4.209734155810323,5.400699618378434,2.992853688869172,42
83,10.995574287564276,4.92,2.261946710584651,8.64,2.261946710584651,2.3244143291559816,0.32866372111335584,42
84,10.995574287564276,1.5600000000000014,0.5654866776461628,2.16,0.5654866776461628,0.11502718882669383,0.9628841315756926,42
85,10.995574287564276,1.8,0.5026548245743669,1.9200000000000004,0.5026548245743669,6.236319479237583,1.031110364516252,42
86,10.995574287564276,0.11999999999999933,0.942477796076938,3.6000000000000005,0.942477796076938,1.031852159237771,1.052498982418602,42
87,10.995574287564276,0.359999999999998,1.0681415022205298,4.080000000000001,1.0681415022205298,1.2905446953346182,1.145506665335565,42
88,10.995574287564276,0.359999999999998,1.0681415022205298,4.080000000000001,1.0681415022205298,1.081461919429504,0.3388117793245233,42
89,10.995574287564276,3.480000000000001,0.06283185307179587,0.24000000000000005,0.06283185307179587,6.067945983065922,0.5868725077437628,42
90,10.995574287564276,1.3199999999999994,0.6283185307179586,2.4000000000000004,0.6283185307179586,0.5500465996559367,0.6157538658909946,42
91,10.995574287564276,0.3600000000000014,0.8796459430051422,3.3600000000000008,0.8796459430051422,0.9273118446800702,0.40864230426533216,42
92,10.995574287564276,1.0800000000000007,0.6911503837897546,2.6400000000000006,0.6911503837897546,0.34718133649874755,1.105352716477444,42
93,10.995574287564276,6.36,5.592034923389832,21.360000000000003,5.592034923389832,5.649149314390057,0.4641679721458137,42
94,10.995574287564276,0.6000000000000001,1.1309733552923256,4.32,1.1309733552923256,1.2181533573309031,0.35430722009491933,42
95,10.995574287564276,1.8,0.5026548245743669,1.9200000000000004,0.5026548245743669,0.17744662464933034,0.8973675562791942,42
96,10.995574287564276,0.359999999999998,1.0681415022205298,4.080000000000001,1.0681415022205298,2.268646829675292,2.0870105694941232,42
97,10.995574287564276,1.8,1.4451326206513049,5.5200000000000005,1.4451326206513049,1.743708677627154,0.5955988327244299,42
98,10.995574287564276,0.6000000000000001,0.8168140899333463,3.1200000000000006,0.8168140899333463,0.7915540117551668,0.696592807358693,42
99,10.995574287564276,2.2800000000000007,1.5707963267948968,6.000000000000002,1.5707963267948968,1.7843269170119598,0.5061278389492349,42
100,10.995574287564276,0.359999999999998,1.0681415022205298,4.080000000000001,1.0681415022205298,1.173399186322089,0.694115854563456,42
101,10.995574287564276,3.0000000000000018,0.1884955592153876,0.7200000000000001,0.1884955592153876,5.8988707669319,0.7476721541689345,42
102,10.995574287564276,2.0399999999999987,1.5079644737231008,5.760000000000001,1.5079644737231008,2.0028970482476876,0.8132316626835702,42
103,10.995574287564276,1.559999999999998,1.3823007675795091,5.280000000000001,1.3823007675795091,1.7317317196003716,0.8099417464897581,42
104,10.995574287564276,0.8400000000000021,0.7539822368615504,2.8800000000000003,0.7539822368615504,0.5130073660362993,1.2161484198342827,42
105,10.995574287564276,10.680000000000001,3.769911184307752,14.400000000000002,3.769911184307752,2.8318776295337904,1.201018808127751,42
106,10.995574287564276,1.559999999999998,1.3823007675795091,5.280000000000001,1.3823007675795091,1.4994308072063018,0.3626937784582477,42
107,10.995574287564276,0.8399999999999987,1.1938052083641215,4.5600000000000005,1.1938052083641215,1.3450662517724628,1.0066078835734493,42
108,10.995574287564276,1.3199999999999994,1.3194689145077132,5.040000000000001,1.3194689145077132,1.8004385860744407,1.047476782500217,42
109,10.995574287564276,9.96,3.5814156250923643,13.680000000000001,3.5814156250923643,2.9062767229679967,0.8602798684275066,42
110,10.995574287564276,0.8400000000000021,0.7539822368615504,2.8800000000000003,0.7539822368615504,0.5710254103736667,1.1732557290239636,42
111,10.995574287564276,11.4,3.9584067435231396,15.120000000000003,3.9584067435231396,3.7879453119174475,0.7260332544885587,42
112,10.995574287564276,0.6000000000000001,0.8168140899333463,3.1200000000000006,0.8168140899333463,0.7682825160757103,0.8187819753833224,42
113,10.995574287564276,4.2,2.0734511513692637,7.920000000000002,2.0734511513692637,2.406639289620427,0.5693230789700462,42
114,10.995574287564276,1.3199999999999994,0.6283185307179586,2.4000000000000004,0.6283185307179586,0.6170734788413066,0.40507462470638056,42
115,10.995574287564276,1.5600000000000014,0.5654866776461628,2.16,0.5654866776461628,0.5299263684742359,0.457181711081571,42
116,10.995574287564276,2.7600000000000016,0.25132741228718347,0.9600000000000002,0.25132741228718347,6.183932220820166,0.7069011394800812,42
117,10.995574287564276,2.5199999999999996,1.6336281798666925,6.240000000000001,1.6336281798666925,1.8482723495883902,0.4880963382014532,42
118,10.995574287564276,11.64,4.0212385965949355,15.360000000000003,4.0212385965949355,3.4782194447279307,1.564899006977056,42
119,10.995574287564276,2.2800000000000007,0.3769911184307752,1.4400000000000002,0.3769911184307752,6.2499841700456535,0.7867987272742248,42
120,10.995574287564276,11.16,4.335397861953915,16.560000000000002,4.335397861953915,4.798534289200203,1.6080118401397407,42
121,10.995574287564276,2.0400000000000023,0.4398229715025711,1.6800000000000004,0.4398229715025711,5.999465093547426,0.9826429122810645,42
122,10.995574287564276,6.840000000000001,5.46637121724624,20.880000000000003,5.46637121724624,5.641446940261733,0.6791832624003552,42
123,10.995574287564276,1.8,1.4451326206513049,5.5200000000000005,1.4451326206513049,1.6020323000084,0.503125833231868,42
124,10.995574287564276,10.200000000000001,3.6442474781641603,13.920000000000002,3.6442474781641603,2.8136025702570158,1.0308545857963167,42
125,10.995574287564276,8.999999999999998,4.900884539600078,18.720000000000006,4.900884539600078,5.640528334493698,0.8623119602563375,42
126,10.995574287564276,7.079999999999999,5.403539364174445,20.640000000000004,5.403539364174445,5.670734735504589,0.6373316180762859,42
127,10.995574287564276,5.640000000000001,5.7805304826052195,22.080000000000002,5.7805304826052195,5.734232689740612,0.4981572783536844,42
128,10.995574287564276,3.2400000000000007,0.12566370614359174,0.4800000000000001,0.12566370614359174,5.755714834285176,0.8085615574430514,42
129,10.995574287564276,0.11999999999999933,1.0053096491487339,3.8400000000000007,1.0053096491487339,1.0566964666852856,1.173407709894538,42
130,10.995574287564276,3.0000000000000004,1.7592918860102844,6.7200000000000015,1.7592918860102844,2.1173858647063892,0.61226002101254,42
131,10.995574287564276,1.0800000000000007,0.6911503837897546,2.6400000000000006,0.6911503837897546,0.4974737547171595,0.9597063726940127,42
132,10.995574287564276,9.24,4.838052686528282,18.48,4.838052686528282,5.2406860062851655,0.7881412017044682,42
133,10.995574287564276,1.0800000000000007,0.6911503837897546,2.6400000000000006,0.6911503837897546,0.6920243142432563,0.48733104837061575,42
134,10.995574287564276,1.5600000000000014,0.5654866776461628,2.16,0.5654866776461628,0.5228635971443736,0.41544109514299504,42
135,10.995574287564276,1.0800000000000007,0.6911503837897546,2.6400000000000006,0.6911503837897546,0.44548302053037453,0.9576554213675241,42
136,10.995574287564276,8.040000000000001,5.152211951887261,19.680000000000003,5.152211951887261,5.484625558132192,0.6590812002603337,42
137,10.995574287564276,2.2800000000000007,1.5707963267948968,6.000000000000002,1.5707963267948968,1.8186369266898983,0.513446558421839,42
138,10.995574287564276,2.0399999999999987,1.5079644737231008,5.760000000000001,1.5079644737231008,1.646346574263852,0.43918125472351904,42
139,10.995574287564276,6.119999999999998,5.6548667764616285,21.600000000000005,5.6548667764616285,5.6623913655147735,0.44316002679030925,42
140,10.995574287564276,10.920000000000002,3.832743037379548,14.640000000000002,3.832743037379548,2.6508647001346155,1.3682123866250628,42
141,10.995574287564276,9.96,4.649557127312894,17.76,4.649557127312894,5.608884807804284,1.1936491035846741,42
142,10.995574287564276,0.8400000000000021,0.7539822368615504,2.8800000000000003,0.7539822368615504,0.7137058663212467,0.863817538628731,42
143,10.995574287564276,8.520000000000001,5.026548245743669,19.200000000000003,5.026548245743669,5.451588353197829,0.6784861747861493,42
144,10.995574287564276,10.440000000000001,3.7070793312359562,14.160000000000002,3.7070793312359562,2.721475889090054,1.143156801496575,42
145,10.995574287564276,0.8399999999999987,1.1938052083641215,4.5600000000000005,1.1938052083641215,1.4617658740478348,0.8963178740230042,42
146,10.995574287564276,11.88,4.084070449666731,15.600000000000001,4.084070449666731,3.8565200863483104,1.1918518498822004,42
147,10.995574287564276,3.480000000000001,1.884955592153876,7.200000000000001,1.884955592153876,1.9836606260286405,0.37304151561738624,42
148,10.995574287564276,0.8399999999999987,1.1938052083641215,4.5600000000000005,1.1938052083641215,1.7929521470134562,1.3226613818417905,42
149,10.995574287564276,1.8,1.4451326206513049,5.5200000000000005,1.4451326206513049,2.1376831397038307,1.1115901008480664,42
150,10.995574287564276,4.6800000000000015,2.199114857512855,8.4,2.199114857512855,2.6229515919573974,0.5866512841262255,42
151,10.995574287564276,1.559999999999998,1.3823007675795091,5.280000000000001,1.3823007675795091,1.4891258797411668,0.3640583687272429,42
152,10.995574287564276,10.920000000000002,3.832743037379548,14.640000000000002,3.832743037379548,2.7960390951201846,1.2864391463854001,42
153,10.995574287564276,0.11999999999999933,1.0053096491487339,3.8400000000000007,1.0053096491487339,1.1963189540490788,1.3291860521758692,42
154,10.995574287564276,3.0000000000000004,1.7592918860102844,6.7200000000000015,1.7592918860102844,2.148856073187357,0.6170382932793014,42
155,10.995574287564276,0.6000000000000001,1.1309733552923256,4.32,1.1309733552923256,2.4478704904545,1.7889841365658028,42
156,10.995574287564276,0.6000000000000001,0.8168140899333463,3.1200000000000006,0.8168140899333463,0.8131118159198184,0.880690799969346,42
157,10.995574287564276,4.199999999999998,6.157521601035995,23.520000000000003,6.157521601035995,5.801122168796112,0.6521898799455099,42
158,10.995574287564276,0.3600000000000014,0.8796459430051422,3.3600000000000008,0.8796459430051422,0.9296446408985362,0.7018950606929697,42
159,10.995574287564276,11.64,4.209734155810323,16.080000000000002,4.209734155810323,4.207379847447394,0.9566602441736847,42
160,10.995574287564276,0.6000000000000001,0.8168140899333463,3.1200000000000006,0.8168140899333463,0.8039096740542059,0.8024724108346245,42
161,10.995574287564276,0.8399999999999987,1.1938052083641215,4.5600000000000005,1.1938052083641215,1.601133011070058,1.1112982233443687,42
162,10.995574287564276,1.3199999999999994,1.3194689145077132,5.040000000000001,1.3194689145077132,1.4192016296958678,0.33167959383200923,42
163,10.995574287564276,0.6000000000000001,1.1309733552923256,4.32,1.1309733552923256,2.1657826918766574,1.7424104485987175,42
164,10.995574287564276,3.2400000000000007,0.12566370614359174,0.4800000000000001,0.12566370614359174,5.905049802090687,0.7453013829815908,42
165,10.995574287564276,3.959999999999998,2.0106192982974678,7.6800000000000015,2.0106192982974678,2.218416149099903,0.46005372198080935,42
166,10.995574287564276,1.0800000000000007,1.2566370614359172,4.800000000000001,1.2566370614359172,2.0341093604765854,1.286805631723757,42
167,10.995574287564276,0.6000000000000001,1.1309733552923256,4.32,1.1309733552923256,2.1403010754294063,1.790518192013878,42
168,10.995574287564276,0.359999999999998,1.0681415022205298,4.080000000000001,1.0681415022205298,1.3142388410259749,1.3780414801566003,42
169,10.995574287564276,1.5600000000000014,0.5654866776461628,2.16,0.5654866776461628,6.276926331976158,1.115279413403759,42
170,10.995574287564276,0.11999999999999933,0.942477796076938,3.6000000000000005,0.942477796076938,1.0054758110845086,0.4888369139537646,42
171,10.995574287564276,11.16,3.8955748904513436,14.880000000000003,3.8955748904513436,2.84718321964933,1.4644007210123506,42
172,10.995574287564276,11.88,4.084070449666731,15.600000000000001,4.084070449666731,3.8224090183937727,1.4189626682554786,42
173,10.995574287564276,0.11999999999999933,1.0053096491487339,3.8400000000000007,1.0053096491487339,1.0609776336699699,0.6448606474285308,42
174,10.995574287564276,8.040000000000001,5.152211951887261,19.680000000000003,5.152211951887261,5.6657263649646294,0.7157682444036235,42
175,10.995574287564276,10.920000000000002,4.39822971502571,16.8,4.39822971502571,5.523317523678775,1.4925269023196974,42
176,10.995574287564276,0.11999999999999933,1.0053096491487339,3.8400000000000007,1.0053096491487339,1.068999332864906,0.9033831147739055,42
177,10.995574287564276,1.8,1.4451326206513049,5.5200000000000005,1.4451326206513049,1.6364811945772562,0.4752405963746193,42
178,10.995574287564276,2.5199999999999996,1.6336281798666925,6.240000000000001,1.6336281798666925,2.0825159736697496,0.74398463422594,42
179,10.995574287564276,3.0000000000000004,1.7592918860102844,6.7200000000000015,1.7592918860102844,1.989815569004379,0.5098784823601339,42
180,10.995574287564276,10.200000000000001,3.6442474781641603,13.920000000000002,3.6442474781641603,3.085454123935713,0.8837760491566593,42
181,10.995574287564276,0.6000000000000001,1.1309733552923256,4.32,1.1309733552923256,1.7039749189492543,1.3805214433122248,42
182,10.995574287564276,1.5600000000000014,0.5654866776461628,2.16,0.5654866776461628,5.75243916816373,1.2450900852453788,42
183,10.995574287564276,11.16,4.335397861953915,16.560000000000002,4.335397861953915,4.4706395218078345,1.3381284751616715,42
184,10.995574287564276,0.3600000000000014,0.8796459430051422,3.3600000000000008,0.8796459430051422,0.646505295462438,2.063781529536986,42
185,10.995574287564276,7.080000000000001,2.8274333882308142,10.800000000000002,2.8274333882308142,2.6290916062940224,0.5163864407877573,42
186,10.995574287564276,2.759999999999998,1.6964600329384885,6.480000000000001,1.6964600329384885,2.545685738617864,0.8787503713143915,42
187,10.995574287564276,2.0400000000000023,0.4398229715025711,1.6800000000000004,0.4398229715025711,0.01538155915909679,0.9058956193210921,42
188,10.995574287564276,0.8399999999999987,1.1938052083641215,4.5600000000000005,1.1938052083641215,1.2452854649181335,0.34846483656798505,42
189,10.995574287564276,10.920000000000002,3.832743037379548,14.640000000000002,3.832743037379548,3.5015335642232825,0.91625350271516,42
190,10.995574287564276,9.24,3.392920065876977,12.960000000000003,3.392920065876977,2.821094447895862,0.7590792296389702,42
191,10.995574287564276,0.8399999999999987,1.1938052083641215,4.5600000000000005,1.1938052083641215,1.2495128543908924,0.43844107997784726,42
192,10.995574287564276,0.8399999999999987,1.1938052083641215,4.5600000000000005,1.1938052083641215,1.3022477518864908,0.5478474163508921,42
193,10.995574287564276,5.640000000000001,5.7805304826052195,22.080000000000002,5.7805304826052195,5.729191724405262,0.49252299845532255,42
194,10.995574287564276,10.68,4.461061568097507,17.040000000000003,4.461061568097507,4.91799304877072,1.2620071389997114,42
195,10.995574287564276,2.2800000000000007,0.3769911184307752,1.4400000000000002,0.3769911184307752,6.2767929917638465,0.8031626289713042,42
196,10.995574287564276,0.359999999999998,1.0681415022205298,4.080000000000001,1.0681415022205298,2.220616941874929,2.0854044287226774,42
197,10.995574287564276,2.759999999999998,1.6964600329384885,6.480000000000001,1.6964600329384885,2.113021524122029,0.6477250757791897,42
198,10.995574287564276,2.5199999999999996,1.6336281798666925,6.240000000000001,1.6336281798666925,1.9790328753524757,0.6028181148610136,42
199,10.995574287564276,9.96,4.649557127312894,17.76,4.649557127312894,5.639558367432604,1.1587369905245597,42
200,10.995574287564276,0.11999999999999933,0.942477796076938,3.6000000000000005,0.942477796076938,1.0802300862975183,1.4387037210085774,42
201,10.995574287564276,8.28,5.089380098815465,19.440000000000005,5.089380098815465,5.435873314951658,0.6483129180420976,42
202,10.995574287564276,7.799999999999999,5.215043804959057,19.920000000000005,5.215043804959057,5.63450702614991,0.6854204952858648,42
203,10.995574287564276,0.8399999999999987,1.1938052083641215,4.5600000000000005,1.1938052083641215,1.6712363165249526,1.1733947073927704,42
204,10.995574287564276,1.0800000000000007,0.6911503837897546,2.6400000000000006,0.6911503837897546,0.5933532777904379,0.7533701542600367,42
205,10.995574287564276,6.36,5.592034923389832,21.360000000000003,5.592034923389832,5.6328367537517,0.552176803731162,42
206,10.995574287564276,0.8400000000000021,0.7539822368615504,2.8800000000000003,0.7539822368615504,0.5216509818159587,1.1723782821862776,42
207,10.995574287564276,9.720000000000002,4.71238898038469,18.0,4.71238898038469,5.309670938117812,1.02544009436399,42
208,10.995574287564276,0.8400000000000021,0.7539822368615504,2.8800000000000003,0.7539822368615504,0.6002395631364829,1.1243237810311781,42
209,10.995574287564276,3.0000000000000004,1.7592918860102844,6.7200000000000015,1.7592918860102844,2.148835243235787,0.6752497403606457,42
210,10.995574287564276,3.480000000000001,1.884955592153876,7.200000000000001,1.884955592153876,2.350928178661452,0.6498403459072623,42
211,10.995574287564276,11.88,4.1469023027385274,15.840000000000003,4.1469023027385274,3.586070179574064,2.3455669657318934,42
212,10.995574287564276,0.11999999999999933,1.0053096491487339,3.8400000000000007,1.0053096491487339,1.0365066962668676,0.4378417038805512,42
213,10.995574287564276,1.559999999999998,1.3823007675795091,5.280000000000001,1.3823007675795091,2.2021189649732853,1.1928881681459527,42
214,10.995574287564276,0.11999999999999933,0.942477796076938,3.6000000000000005,0.942477796076938,0.9377375261516113,0.7809190098600846,42
215,10.995574287564276,4.92,2.261946710584651,8.64,2.261946710584651,2.5358367404473294,0.5480777734785959,42
216,10.995574287564276,0.8399999999999987,1.1938052083641215,4.5600000000000005,1.1938052083641215,1.2381425148509615,0.36698202671568037,42
569,13.08996938995747,5.479999999999999,1.6336281798666925,6.240000000000001,1.6336281798666925,1.9276798141414542,0.621525609540291,50
570,13.08996938995747,1.399999999999998,2.7017696820872223,10.320000000000002,2.7017696820872223,2.6769206394199334,0.3295020099336542,50
571,13.08996938995747,0.760000000000002,3.267256359733385,12.480000000000002,3.267256359733385,3.0714868619206688,0.4758759442175992,50
572,13.08996938995747,4.120000000000004,4.1469023027385274,15.840000000000003,4.1469023027385274,4.104053972148089,0.7000239552628598,50
573,13.08996938995747,1.480000000000003,3.455751918948773,13.200000000000003,3.455751918948773,2.8783535817867993,0.7690738257609157,50
574,13.08996938995747,10.600000000000005,5.843362335677016,22.320000000000004,5.843362335677016,5.800464654166588,0.35205120463540274,50
575,13.08996938995747,3.8800000000000017,4.084070449666731,15.600000000000001,4.084070449666731,4.021432166439062,0.5119938683816836,50
576,13.08996938995747,1.7200000000000035,3.518583772020569,13.440000000000003,3.518583772020569,3.205432439304213,0.6433162228707084,50
577,13.08996938995747,5.96,1.5079644737231008,5.760000000000001,1.5079644737231008,1.8520449490428668,0.7305425019078151,50
578,13.08996938995747,5.320000000000004,4.461061568097507,17.040000000000003,4.461061568097507,4.558852894505392,0.6598428115951389,50
579,13.08996938995747,2.2000000000000024,3.6442474781641603,13.920000000000002,3.6442474781641603,3.0254728730182245,0.9289886636021695,50
580,13.08996938995747,2.4400000000000026,3.7070793312359562,14.160000000000002,3.7070793312359562,3.460979614683147,0.5682839985365284,50
581,13.08996938995747,0.760000000000002,3.267256359733385,12.480000000000002,3.267256359733385,2.926137433141621,0.5647263352648675,50
582,13.08996938995747,4.840000000000003,4.335397861953915,16.560000000000002,4.335397861953915,4.485279450381979,1.070321049966653,50
583,13.08996938995747,0.0400000000000026,3.0787608005179976,11.760000000000002,3.0787608005179976,2.905410200296259,0.42254362190975525,50
584,13.08996938995747,0.0400000000000026,3.0787608005179976,11.760000000000002,3.0787608005179976,2.894046350251085,0.4379506854712873,50
585,13.08996938995747,0.28000000000000297,3.1415926535897936,12.000000000000004,3.1415926535897936,2.9564996550869402,0.4471298128238359,50
586,13.08996938995747,4.519999999999998,1.884955592153876,7.200000000000001,1.884955592153876,2.453517222617973,0.6824850661355384,50
587,13.08996938995747,3.8800000000000017,4.084070449666731,15.600000000000001,4.084070449666731,3.927986369614002,0.7189006881074902,50
588,13.08996938995747,1.9600000000000022,3.5814156250923643,13.680000000000001,3.5814156250923643,3.1981896891463095,0.6555292110508576,50
589,13.08996938995747,2.6800000000000033,3.769911184307752,14.400000000000002,3.769911184307752,3.5035962168276615,0.7123275985257401,50
590,13.08996938995747,2.359999999999996,2.450442269800039,9.360000000000003,2.450442269800039,2.515135595032281,0.4397015291872054,50
591,13.08996938995747,1.399999999999998,2.7017696820872223,10.320000000000002,2.7017696820872223,2.6346257468133505,0.47799281825908735,50
592,13.08996938995747,2.6800000000000033,3.769911184307752,14.400000000000002,3.769911184307752,3.3019012757513817,0.9052655871078935,50
593,13.08996938995747,5.080000000000002,4.39822971502571,16.8,4.39822971502571,4.629556751203121,1.1250971448529483,50
594,13.08996938995747,4.840000000000003,4.335397861953915,16.560000000000002,4.335397861953915,4.345881858896132,0.5178947665626625,50
595,13.08996938995747,1.9600000000000022,3.5814156250923643,13.680000000000001,3.5814156250923643,3.0458303434691194,0.7826683570965989,50
596,13.08996938995747,8.599999999999998,0.8168140899333463,3.1200000000000006,0.8168140899333463,0.5635722895818245,1.3864370277680664,50
597,13.08996938995747,0.19999999999999776,3.0159289474462017,11.520000000000001,3.0159289474462017,2.7597057506383313,0.4933198447073673,50
598,13.08996938995747,0.4399999999999981,2.9530970943744057,11.280000000000001,2.9530970943744057,2.7798516638347945,0.44786864669510634,50
599,13.08996938995747,1.480000000000003,3.455751918948773,13.200000000000003,3.455751918948773,3.1626826172832345,0.5383130787927792,50
600,13.08996938995747,4.120000000000004,4.1469023027385274,15.840000000000003,4.1469023027385274,4.107360770259936,0.7216750781875209,50
601,13.08996938995747,0.0400000000000026,3.0787608005179976,11.760000000000002,3.0787608005179976,2.8600713326955907,0.48820883759942096,50
602,13.08996938995747,0.0400000000000026,3.0787608005179976,11.760000000000002,3.0787608005179976,2.9423656997532874,0.3860953226559268,50
603,13.08996938995747,5.800000000000004,4.586725274241099,17.520000000000003,4.586725274241099,4.767292032826415,0.6706578962621247,50
604,13.08996938995747,3.640000000000003,4.0212385965949355,15.360000000000003,4.0212385965949355,3.8887028872740506,0.8028740992442026,50
605,13.08996938995747,5.24,1.6964600329384885,6.480000000000001,1.6964600329384885,1.9410548775747076,0.5293223390106312,50
606,13.08996938995747,0.28000000000000297,3.1415926535897936,12.000000000000004,3.1415926535897936,2.934211495116316,0.4438922122143384,50
607,13.08996938995747,1.9600000000000022,3.5814156250923643,13.680000000000001,3.5814156250923643,3.151347267975604,0.6967032333094544,50
608,13.08996938995747,0.760000000000002,3.267256359733385,12.480000000000002,3.267256359733385,2.9787931744608835,0.5305071740620009,50
609,13.08996938995747,1.9600000000000022,3.5814156250923643,13.680000000000001,3.5814156250923643,2.9257209969147033,0.893514788737065,50
610,13.08996938995747,0.6799999999999985,2.8902652413026098,11.040000000000001,2.8902652413026098,2.8443300597039602,0.2603632180770854,50
611,13.08996938995747,7.399999999999999,1.1309733552923256,4.32,1.1309733552923256,1.404652537195503,0.9762008748704977,50
612,13.08996938995747,4.600000000000004,4.272566008882119,16.320000000000004,4.272566008882119,4.6718227091466815,1.790836836056385,50
613,13.08996938995747,2.2000000000000024,3.6442474781641603,13.920000000000002,3.6442474781641603,2.728695603899003,1.0386792741867859,50
614,13.08996938995747,4.840000000000003,4.335397861953915,16.560000000000002,4.335397861953915,4.312958126118829,0.6049756671190278,50
615,13.08996938995747,3.1600000000000024,3.8955748904513436,14.880000000000003,3.8955748904513436,3.662511514470596,0.7255784022094134,50
616,13.08996938995747,1.9600000000000022,3.5814156250923643,13.680000000000001,3.5814156250923643,3.3592144785458187,0.5672009424438412,50
617,13.08996938995747,2.9200000000000035,3.832743037379548,14.640000000000002,3.832743037379548,3.52868079990552,0.8699244054105612,50
618,13.08996938995747,0.4399999999999981,2.9530970943744057,11.280000000000001,2.9530970943744057,2.795675695541563,0.4521553725620515,50
619,13.08996938995747,1.7200000000000035,3.518583772020569,13.440000000000003,3.518583772020569,3.3019820787838126,0.525894375584227,50
620,13.08996938995747,2.9200000000000035,3.832743037379548,14.640000000000002,3.832743037379548,3.426317670631365,0.9587404701132444,50
621,13.08996938995747,2.6800000000000033,3.769911184307752,14.400000000000002,3.769911184307752,3.429357763787077,0.7600900653539661,50
622,13.08996938995747,5.560000000000002,4.523893421169302,17.28,4.523893421169302,4.570914055067642,0.49987521295400633,50
623,13.08996938995747,1.399999999999998,2.7017696820872223,10.320000000000002,2.7017696820872223,2.6181608166639387,0.500157040032413,50
624,13.08996938995747,0.19999999999999776,3.0159289474462017,11.520000000000001,3.0159289474462017,2.761301771426413,0.5179547276232386,50
625,13.08996938995747,0.28000000000000297,3.1415926535897936,12.000000000000004,3.1415926535897936,2.814640450928418,0.5484072339174006,50
626,13.08996938995747,0.4399999999999981,2.9530970943744057,11.280000000000001,2.9530970943744057,2.7520986642484253,0.4911055249164065,50
627,13.08996938995747,4.600000000000004,4.272566008882119,16.320000000000004,4.272566008882119,4.2700920014995,0.6621987975367628,50
628,13.08996938995747,4.519999999999998,1.884955592153876,7.200000000000001,1.884955592153876,2.414851347690907,0.6716836753013009,50
629,13.08996938995747,6.44,1.3823007675795091,5.280000000000001,1.3823007675795091,2.3654848017003354,1.2246580513123122,50
630,13.08996938995747,2.9200000000000035,3.832743037379548,14.640000000000002,3.832743037379548,3.6220696691655987,0.5652297071168798,50
631,13.08996938995747,3.4000000000000026,3.9584067435231396,15.120000000000003,3.9584067435231396,3.7980568541957718,0.6326763525406126,50
632,13.08996938995747,2.6800000000000033,3.769911184307752,14.400000000000002,3.769911184307752,3.2597712881604086,0.9326987499907722,50
633,13.08996938995747,3.640000000000003,4.0212385965949355,15.360000000000003,4.0212385965949355,3.8485476862577634,0.9758494169228406,50
634,13.08996938995747,1.480000000000003,3.455751918948773,13.200000000000003,3.455751918948773,2.9202218352294613,0.7705664644230794,50
635,13.08996938995747,1.1599999999999975,2.7646015351590183,10.560000000000002,2.7646015351590183,2.5784097984110828,0.5418912994530617,50
636,13.08996938995747,0.6799999999999985,2.8902652413026098,11.040000000000001,2.8902652413026098,2.724934940264056,0.4688214809004696,50
637,13.08996938995747,1.480000000000003,3.455751918948773,13.200000000000003,3.455751918948773,3.100382876447322,0.6164039694107227,50
638,13.08996938995747,10.600000000000005,5.843362335677016,22.320000000000004,5.843362335677016,5.7571154150411745,0.47196067602708813,50
639,13.08996938995747,4.840000000000003,4.335397861953915,16.560000000000002,4.335397861953915,4.2950375442812625,0.5337960187138151,50
640,13.08996938995747,5.560000000000002,4.523893421169302,17.28,4.523893421169302,4.599412951015921,0.5666715701965914,50
641,13.08996938995747,3.4000000000000026,3.9584067435231396,15.120000000000003,3.9584067435231396,3.7931308949906346,0.8141637193154312,50
642,13.08996938995747,4.360000000000002,4.209734155810323,16.080000000000002,4.209734155810323,4.2164081315696045,1.3711148898917187,50
643,13.08996938995747,1.480000000000003,3.455751918948773,13.200000000000003,3.455751918948773,3.175601740058672,0.5672577921140416,50
644,13.08996938995747,5.320000000000004,4.461061568097507,17.040000000000003,4.461061568097507,4.5539815323844115,0.746054796199064,50
645,13.08996938995747,3.8800000000000017,4.084070449666731,15.600000000000001,4.084070449666731,3.667073442417653,1.747241892301195,50
646,13.08996938995747,7.399999999999999,1.1309733552923256,4.32,1.1309733552923256,2.2055120172388594,1.7146112881772064,50
647,13.08996938995747,2.6800000000000033,3.769911184307752,14.400000000000002,3.769911184307752,3.607413907741538,0.5568686680543695,50
648,13.08996938995747,2.9200000000000035,3.832743037379548,14.640000000000002,3.832743037379548,3.6311233725508396,0.6346369670077375,50
649,13.08996938995747,3.8800000000000017,4.084070449666731,15.600000000000001,4.084070449666731,3.505031203942457,1.8971131056556494,50
650,13.08996938995747,2.4400000000000026,3.7070793312359562,14.160000000000002,3.7070793312359562,2.963575470809536,1.0528619858259862,50
651,13.08996938995747,5.080000000000002,4.39822971502571,16.8,4.39822971502571,4.519200309489914,0.8128373566370329,50
652,13.08996938995747,8.84,0.7539822368615504,2.8800000000000003,0.7539822368615504,0.11821024604716758,1.4396865625502187,50
653,13.08996938995747,2.599999999999998,2.387610416728243,9.120000000000001,2.387610416728243,2.4718149252865143,0.42637082039549196,50
654,13.08996938995747,0.760000000000002,3.267256359733385,12.480000000000002,3.267256359733385,2.991847899453786,0.5000159541382413,50
655,13.08996938995747,2.1199999999999974,2.5132741228718345,9.600000000000001,2.5132741228718345,2.561611593129732,0.35711360812076665,50
656,13.08996938995747,5.320000000000004,4.461061568097507,17.040000000000003,4.461061568097507,4.49490060483851,0.7157487857307231,50
657,13.08996938995747,6.7600000000000025,4.838052686528282,18.48,4.838052686528282,5.275133285345345,0.8242051260440498,50
658,13.08996938995747,4.600000000000004,4.272566008882119,16.320000000000004,4.272566008882119,4.672991945182019,1.7299282741397668,50
659,13.08996938995747,9.319999999999999,0.6283185307179586,2.4000000000000004,0.6283185307179586,0.23426208257372605,1.0923899078614774,50
660,13.08996938995747,2.9200000000000035,3.832743037379548,14.640000000000002,3.832743037379548,3.5223989158285915,0.7857679592431654,50
661,13.08996938995747,6.199999999999998,1.4451326206513049,5.5200000000000005,1.4451326206513049,1.6545443530127153,0.5099432681251942,50
662,13.08996938995747,2.6800000000000033,3.769911184307752,14.400000000000002,3.769911184307752,2.8916201943589663,1.1885001558804873,50
663,13.08996938995747,1.9600000000000022,3.5814156250923643,13.680000000000001,3.5814156250923643,3.181803414559029,0.6690190234541352,50
664,13.08996938995747,1.480000000000003,3.455751918948773,13.200000000000003,3.455751918948773,2.7326772446706267,0.8365227777165695,50
665,13.08996938995747,1.2400000000000027,3.392920065876977,12.960000000000003,3.392920065876977,2.762141430714833,0.7577110969574137,50
666,13.08996938995747,4.76,1.8221237390820801,6.960000000000001,1.8221237390820801,2.4798152803447624,0.7426323826784792,50
667,13.08996938995747,10.040000000000001,0.4398229715025711,1.6800000000000004,0.4398229715025711,6.275757541183924,1.0036106741693618,50
668,13.08996938995747,0.760000000000002,3.267256359733385,12.480000000000002,3.267256359733385,2.746577183962096,0.686344579633838,50
669,13.08996938995747,3.1600000000000024,3.8955748904513436,14.880000000000003,3.8955748904513436,3.3719356116772827,1.1907869778951792,50
670,13.08996938995747,2.9200000000000035,3.832743037379548,14.640000000000002,3.832743037379548,2.680332711906267,1.346505621531477,50
671,13.08996938995747,5.320000000000004,4.461061568097507,17.040000000000003,4.461061568097507,4.62409596994817,1.1013172129073192,50
672,13.08996938995747,2.2000000000000024,3.6442474781641603,13.920000000000002,3.6442474781641603,3.058116887685212,0.875288966833348,50
673,13.08996938995747,8.920000000000003,5.403539364174445,20.640000000000004,5.403539364174445,5.606409274981328,0.5880116032591769,50
674,13.08996938995747,11.239999999999998,0.12566370614359174,0.4800000000000001,0.12566370614359174,6.066599161313249,0.6467527450385465,50
675,13.08996938995747,0.760000000000002,3.267256359733385,12.480000000000002,3.267256359733385,2.904809012211292,0.6019420740511038,50
676,13.08996938995747,1.480000000000003,3.455751918948773,13.200000000000003,3.455751918948773,3.091813942904058,0.631689804065551,50
677,13.08996938995747,0.760000000000002,3.267256359733385,12.480000000000002,3.267256359733385,2.99321433530607,0.5401955190702166,50
678,13.08996938995747,8.599999999999998,0.8168140899333463,3.1200000000000006,0.8168140899333463,0.9229152152251283,0.8487231927117752,50
679,13.08996938995747,3.559999999999996,2.1362830044410597,8.160000000000002,2.1362830044410597,2.517049967875731,0.5478702291403553,50
680,13.08996938995747,2.6800000000000033,3.769911184307752,14.400000000000002,3.769911184307752,2.970600213541411,1.1306370034906195,50
681,13.08996938995747,0.28000000000000297,3.1415926535897936,12.000000000000004,3.1415926535897936,2.8360494013240682,0.5415711078449608,50
682,13.08996938995747,10.040000000000001,0.4398229715025711,1.6800000000000004,0.4398229715025711,0.118821556325024,0.9229722469046238,50
683,13.08996938995747,3.4000000000000026,3.9584067435231396,15.120000000000003,3.9584067435231396,3.5927219307841254,1.149073361033261,50
684,13.08996938995747,3.4000000000000026,3.9584067435231396,15.120000000000003,3.9584067435231396,3.642145188363836,0.9657646726179532,50
685,13.08996938995747,4.120000000000004,4.1469023027385274,15.840000000000003,4.1469023027385274,3.982930860394584,1.124961691059995,50
686,13.08996938995747,5.560000000000002,4.523893421169302,17.28,4.523893421169302,4.654880229847762,0.6525848035105047,50
687,13.08996938995747,7.640000000000001,1.0681415022205298,4.080000000000001,1.0681415022205298,1.1030995609369123,0.7025147694735278,50
688,13.08996938995747,0.760000000000002,3.267256359733385,12.480000000000002,3.267256359733385,2.67884601031824,0.6992895435924891,50
689,13.08996938995747,4.840000000000003,4.335397861953915,16.560000000000002,4.335397861953915,4.403850286908481,0.8997539014449156,50
690,13.08996938995747,0.19999999999999776,3.0159289474462017,11.520000000000001,3.0159289474462017,2.8189643267321696,0.44914458223724624,50
691,13.08996938995747,3.640000000000003,4.0212385965949355,15.360000000000003,4.0212385965949355,3.752285990568325,1.2902350866826624,50
692,13.08996938995747,6.280000000000002,4.71238898038469,18.0,4.71238898038469,5.153346554316687,0.9108400414932543,50
693,13.08996938995747,6.199999999999998,1.4451326206513049,5.5200000000000005,1.4451326206513049,1.578586662378104,0.38575246602760455,50
694,13.08996938995747,3.4000000000000026,3.9584067435231396,15.120000000000003,3.9584067435231396,3.7917742394735576,0.634039581828623,50
695,13.08996938995747,2.6800000000000033,3.769911184307752,14.400000000000002,3.769911184307752,3.2896402080045104,0.9244123723981186,50
696,13.08996938995747,4.76,1.8221237390820801,6.960000000000001,1.8221237390820801,2.1612887844692446,0.5589912453043626,50
697,13.08996938995747,1.2400000000000027,3.392920065876977,12.960000000000003,3.392920065876977,2.799833305929024,0.7180707477293728,50
698,13.08996938995747,4.600000000000004,4.272566008882119,16.320000000000004,4.272566008882119,4.309627224792473,0.8999087386484508,50
699,13.08996938995747,6.040000000000003,4.649557127312894,17.76,4.649557127312894,4.912524116787004,0.8306575425050402,50
700,13.08996938995747,3.4000000000000026,3.9584067435231396,15.120000000000003,3.9584067435231396,3.0189643360746627,1.4371265706167204,50
701,13.08996938995747,0.6799999999999985,2.8902652413026098,11.040000000000001,2.8902652413026098,2.7811666978670138,0.38197731125027184,50
702,13.08996938995747,7.720000000000004,5.089380098815465,19.440000000000005,5.089380098815465,5.438433001087702,0.6529463755126405,50
703,13.08996938995747,2.1199999999999974,2.5132741228718345,9.600000000000001,2.5132741228718345,2.506604270411794,0.37978487740250005,50
704,13.08996938995747,2.1199999999999974,2.5132741228718345,9.600000000000001,2.5132741228718345,2.515176331794623,0.37523799945771186,50
705,13.08996938995747,3.4000000000000026,3.9584067435231396,15.120000000000003,3.9584067435231396,3.657158741192359,0.9672530803751063,50
706,13.08996938995747,1.9600000000000022,3.5814156250923643,13.680000000000001,3.5814156250923643,3.1946014334062567,0.7057210966453235,50
707,13.08996938995747,6.280000000000002,4.71238898038469,18.0,4.71238898038469,5.524900071306698,1.010882076705466,50
708,13.08996938995747,2.2000000000000024,3.6442474781641603,13.920000000000002,3.6442474781641603,3.326752698218968,0.6335911399694735,50
709,13.08996938995747,3.640000000000003,4.0212385965949355,15.360000000000003,4.0212385965949355,3.6582095101947782,1.2032120137595703,50
710,13.08996938995747,1.7200000000000035,3.518583772020569,13.440000000000003,3.518583772020569,3.2167874441348765,0.5622367129420986,50
711,13.08996938995747,4.120000000000004,4.1469023027385274,15.840000000000003,4.1469023027385274,4.1115381765102,0.5723969824552558,50
712,13.08996938995747,6.040000000000003,4.649557127312894,17.76,4.649557127312894,5.254017334130505,1.0161430618179856,50
713,13.08996938995747,0.5200000000000016,3.204424506661589,12.240000000000002,3.204424506661589,2.981386687096801,0.4934051936418101,50
714,13.08996938995747,1.9600000000000022,3.5814156250923643,13.680000000000001,3.5814156250923643,3.093604218062091,0.7996069511811162,50
715,13.08996938995747,3.1600000000000024,3.8955748904513436,14.880000000000003,3.8955748904513436,2.88617330887368,1.37649606090361,50
716,13.08996938995747,1.2400000000000027,3.392920065876977,12.960000000000003,3.392920065876977,2.9209566225445824,0.6787296119242413,50
717,13.08996938995747,5.719999999999997,1.5707963267948968,6.000000000000002,1.5707963267948968,2.140066853735033,0.8758138966341384,50
718,13.08996938995747,2.6800000000000033,3.769911184307752,14.400000000000002,3.769911184307752,3.2842940812371983,0.9534290852968492,50
719,13.08996938995747,0.5200000000000016,3.204424506661589,12.240000000000002,3.204424506661589,2.6023143010895424,0.6867601229170489,50
720,13.08996938995747,5.96,1.5079644737231008,5.760000000000001,1.5079644737231008,1.970679085087199,0.8496410581828087,50
721,13.08996938995747,1.0000000000000024,3.330088212805181,12.720000000000002,3.330088212805181,3.132875278021393,0.4713075322251855,50
722,13.08996938995747,1.480000000000003,3.455751918948773,13.200000000000003,3.455751918948773,3.1359342847206517,0.5837228279261384,50
723,13.08996938995747,2.6800000000000033,3.769911184307752,14.400000000000002,3.769911184307752,3.100254477547157,1.064626918570632,50
724,13.08996938995747,1.480000000000003,3.455751918948773,13.200000000000003,3.455751918948773,2.7511704151530463,0.8647883362086434,50
725,13.08996938995747,5.96,1.5079644737231008,5.760000000000001,1.5079644737231008,2.2095396386770254,0.9626630994279202,50
726,13.08996938995747,6.44,1.3823007675795091,5.280000000000001,1.3823007675795091,2.480909261250697,1.3098574021199239,50
727,13.08996938995747,5.24,1.6964600329384885,6.480000000000001,1.6964600329384885,2.2514362570589577,0.764453390134011,50
728,13.08996938995747,1.9600000000000022,3.5814156250923643,13.680000000000001,3.5814156250923643,2.844543542315084,0.9868637051702154,50
729,13.08996938995747,5.320000000000004,4.461061568097507,17.040000000000003,4.461061568097507,4.6834222968327825,0.9061702381991458,50
730,13.08996938995747,1.9600000000000022,3.5814156250923643,13.680000000000001,3.5814156250923643,3.2755511327314744,0.5926188159292631,50
731,13.08996938995747,1.2400000000000027,3.392920065876977,12.960000000000003,3.392920065876977,2.645786844995765,0.789104316561561,50
732,13.08996938995747,2.6800000000000033,3.769911184307752,14.400000000000002,3.769911184307752,3.482991409356639,0.6568396942808505,50
733,13.08996938995747,3.1600000000000024,3.8955748904513436,14.880000000000003,3.8955748904513436,3.7202143847516473,0.5900682002799137,50
734,13.08996938995747,3.1600000000000024,3.8955748904513436,14.880000000000003,3.8955748904513436,3.5828321512147085,0.9696036042422316,50
735,13.08996938995747,3.4000000000000026,3.9584067435231396,15.120000000000003,3.9584067435231396,3.7622145852685382,0.7194592914695804,50
736,13.08996938995747,3.1600000000000024,3.8955748904513436,14.880000000000003,3.8955748904513436,3.58048533017731,0.8907008185306742,50
737,13.08996938995747,1.480000000000003,3.455751918948773,13.200000000000003,3.455751918948773,2.921472383127531,0.7205801527025301,50
738,13.08996938995747,1.2400000000000027,3.392920065876977,12.960000000000003,3.392920065876977,2.9228521119444872,0.6681656739468951,50
739,13.08996938995747,0.760000000000002,3.267256359733385,12.480000000000002,3.267256359733385,2.9284868796327608,0.5362965832096735,50
740,13.08996938995747,6.44,1.3823007675795091,5.280000000000001,1.3823007675795091,2.138760799470431,1.143131472221081,50
741,13.08996938995747,0.4399999999999981,2.9530970943744057,11.280000000000001,2.9530970943744057,2.6811632643924503,0.5489694074242757,50
742,13.08996938995747,3.1600000000000024,3.8955748904513436,14.880000000000003,3.8955748904513436,3.6363336946045424,0.7319660205351348,50
743,13.08996938995747,0.4399999999999981,2.9530970943744057,11.280000000000001,2.9530970943744057,2.780235714553865,0.4795335607148587,50
744,13.08996938995747,5.800000000000004,4.586725274241099,17.520000000000003,4.586725274241099,5.604766406797362,1.1988868943208077,50
745,13.08996938995747,1.0000000000000024,3.330088212805181,12.720000000000002,3.330088212805181,3.0659285548421593,0.5321997314021836,50
746,13.08996938995747,3.4000000000000026,3.9584067435231396,15.120000000000003,3.9584067435231396,3.769941776969459,0.6169489273124091,50
747,13.08996938995747,0.4399999999999981,2.9530970943744057,11.280000000000001,2.9530970943744057,2.7305838108250224,0.4976582181444339,50
748,13.08996938995747,2.6800000000000033,3.769911184307752,14.400000000000002,3.769911184307752,3.498874057348858,0.6280093508584387,50
749,13.08996938995747,3.1600000000000024,3.8955748904513436,14.880000000000003,3.8955748904513436,3.6862969316874117,0.8188150628463825,50
750,13.08996938995747,2.9200000000000035,3.832743037379548,14.640000000000002,3.832743037379548,3.58377314366386,0.664773227524766,50
751,13.08996938995747,1.9600000000000022,3.5814156250923643,13.680000000000001,3.5814156250923643,2.7230810969762915,0.9747937008505396,50
752,13.08996938995747,5.800000000000004,4.586725274241099,17.520000000000003,4.586725274241099,4.684003010913137,0.637941307979117,50
753,13.08996938995747,8.599999999999998,0.8168140899333463,3.1200000000000006,0.8168140899333463,0.634184723723354,1.1876834673415135,50
754,13.08996938995747,1.480000000000003,3.455751918948773,13.200000000000003,3.455751918948773,3.104700585491019,0.6251551793550999,50
755,13.08996938995747,7.000000000000004,4.900884539600078,18.720000000000006,4.900884539600078,5.442694062758561,0.8345426156873945,50
756,13.08996938995747,4.360000000000002,4.209734155810323,16.080000000000002,4.209734155810323,4.213262897071657,0.8481329111347171,50
757,13.08996938995747,7.720000000000004,5.089380098815465,19.440000000000005,5.089380098815465,5.208977441948775,0.4678356249021824,50
758,13.08996938995747,5.96,1.5079644737231008,5.760000000000001,1.5079644737231008,1.7321130700029614,0.567032954338767,50
759,13.08996938995747,5.320000000000004,4.461061568097507,17.040000000000003,4.461061568097507,4.488064327648746,0.5514978173129759,50
760,13.08996938995747,8.680000000000005,5.340707511102649,20.400000000000006,5.340707511102649,5.505058065206368,0.4956037378183185,50
761,13.08996938995747,7.960000000000003,5.152211951887261,19.680000000000003,5.152211951887261,5.310981148488276,0.5218057795268792,50
762,13.08996938995747,8.599999999999998,0.8168140899333463,3.1200000000000006,0.8168140899333463,0.8377975356212024,0.3579994535316494,50
763,13.08996938995747,6.280000000000002,4.71238898038469,18.0,4.71238898038469,4.948432289234756,0.7714204054757593,50
764,13.08996938995747,1.480000000000003,3.455751918948773,13.200000000000003,3.455751918948773,2.7538142805143915,0.8649290342278393,50
765,13.08996938995747,2.6800000000000033,3.769911184307752,14.400000000000002,3.769911184307752,2.8862457452282486,1.1793171621173444,50
766,13.08996938995747,4.600000000000004,4.272566008882119,16.320000000000004,4.272566008882119,4.27501621678695,0.8963310114857684,50
767,13.08996938995747,4.600000000000004,4.272566008882119,16.320000000000004,4.272566008882119,4.287266725939629,0.9278979707438133,50
768,13.08996938995747,2.4400000000000026,3.7070793312359562,14.160000000000002,3.7070793312359562,3.286548826024852,0.8697224515362589,50
769,13.08996938995747,6.280000000000002,4.71238898038469,18.0,4.71238898038469,5.515995336248007,1.0088867580147927,50
770,13.08996938995747,5.479999999999999,1.6336281798666925,6.240000000000001,1.6336281798666925,2.276788883970755,0.8743191447772679,50
771,13.08996938995747,2.2000000000000024,3.6442474781641603,13.920000000000002,3.6442474781641603,2.7485362476584725,1.0621191669758945,50
772,13.08996938995747,1.9600000000000022,3.5814156250923643,13.680000000000001,3.5814156250923643,3.108733430896277,0.795788143367837,50
773,13.08996938995747,8.680000000000005,5.340707511102649,20.400000000000006,5.340707511102649,5.490402037620722,0.518788666468999,50
774,13.08996938995747,3.8800000000000017,4.084070449666731,15.600000000000001,4.084070449666731,3.9559353001703452,0.8058709227547806,50
775,13.08996938995747,4.600000000000004,4.272566008882119,16.320000000000004,4.272566008882119,4.334363303312314,1.3776249524429423,50
776,13.08996938995747,5.080000000000002,4.39822971502571,16.8,4.39822971502571,4.7112706540139335,1.3640338705765815,50
777,13.08996938995747,3.8800000000000017,4.084070449666731,15.600000000000001,4.084070449666731,4.019591895748874,0.6257065951130185,50
778,13.08996938995747,3.4000000000000026,3.9584067435231396,15.120000000000003,3.9584067435231396,3.7359979067824467,0.8901686559459833,50
779,13.08996938995747,5.560000000000002,4.523893421169302,17.28,4.523893421169302,4.64240799024709,0.8268205359640696,50
780,13.08996938995747,4.360000000000002,4.209734155810323,16.080000000000002,4.209734155810323,4.1098577387793505,0.7682681245263719,50
781,13.08996938995747,7.720000000000004,5.089380098815465,19.440000000000005,5.089380098815465,5.474552285337573,0.6855766326893861,50
782,13.08996938995747,2.6800000000000033,3.769911184307752,14.400000000000002,3.769911184307752,3.542072985496309,0.6424478169798552,50
783,13.08996938995747,0.760000000000002,3.267256359733385,12.480000000000002,3.267256359733385,2.716371654752341,0.6894771702713072,50
784,13.08996938995747,4.2799999999999985,1.9477874452256718,7.440000000000001,1.9477874452256718,2.3283079604047257,0.602043336606258,50
785,13.08996938995747,2.6800000000000033,3.769911184307752,14.400000000000002,3.769911184307752,3.461702091041634,0.7198420527257399,50
786,13.08996938995747,5.560000000000002,4.523893421169302,17.28,4.523893421169302,5.202667236514884,1.2118636053956005,50
787,13.08996938995747,4.840000000000003,4.335397861953915,16.560000000000002,4.335397861953915,4.358649953676698,0.7632495466076885,50
788,13.08996938995747,3.8800000000000017,4.084070449666731,15.600000000000001,4.084070449666731,3.913842815524108,0.9971511796407581,50
789,13.08996938995747,3.8800000000000017,4.084070449666731,15.600000000000001,4.084070449666731,3.8520556148278025,1.0930466810350556,50
790,13.08996938995747,0.760000000000002,3.267256359733385,12.480000000000002,3.267256359733385,2.8963853717822015,0.6087872243789358,50
791,13.08996938995747,0.28000000000000297,3.1415926535897936,12.000000000000004,3.1415926535897936,2.636257366490396,0.6443070132126882,50
792,13.08996938995747,5.560000000000002,4.523893421169302,17.28,4.523893421169302,4.544605762545711,0.45505298736023464,50
793,13.08996938995747,9.400000000000004,5.529203070318037,21.120000000000005,5.529203070318037,5.576134970393357,0.4689236476248927,50
794,13.08996938995747,1.9600000000000022,3.5814156250923643,13.680000000000001,3.5814156250923643,3.0735638659180027,0.7841940892691991,50
795,13.08996938995747,1.2400000000000027,3.392920065876977,12.960000000000003,3.392920065876977,2.7199577634592096,0.82700340005276,50
796,13.08996938995747,0.0400000000000026,3.0787608005179976,11.760000000000002,3.0787608005179976,2.7618786184265844,0.5371857074466571,50
797,13.08996938995747,2.4400000000000026,3.7070793312359562,14.160000000000002,3.7070793312359562,3.294430543994667,0.7994597136092066,50
798,13.08996938995747,1.480000000000003,3.455751918948773,13.200000000000003,3.455751918948773,2.8274824802827965,0.8049906662343739,50
799,13.08996938995747,2.2000000000000024,3.6442474781641603,13.920000000000002,3.6442474781641603,2.7648938249485404,1.1062226887826814,50
800,13.08996938995747,4.600000000000004,4.272566008882119,16.320000000000004,4.272566008882119,4.251111137345088,0.8214585980809156,50
801,13.08996938995747,4.600000000000004,4.272566008882119,16.320000000000004,4.272566008882119,4.276973697634753,0.9256647369667717,50
802,13.08996938995747,2.6800000000000033,3.769911184307752,14.400000000000002,3.769911184307752,3.326834518976047,0.8529652652609795,50
803,13.08996938995747,6.520000000000004,4.775220833456486,18.240000000000002,4.775220833456486,5.478503647433269,0.9300677744937923,50
804,13.08996938995747,5.479999999999999,1.6336281798666925,6.240000000000001,1.6336281798666925,2.2990070576999795,0.832506234424992,50
805,13.08996938995747,2.4400000000000026,3.7070793312359562,14.160000000000002,3.7070793312359562,2.7726423421192234,1.0800077246406614,50
806,13.08996938995747,7.720000000000004,5.089380098815465,19.440000000000005,5.089380098815465,5.585473763782463,0.780849144844425,50
807,13.08996938995747,2.2000000000000024,3.6442474781641603,13.920000000000002,3.6442474781641603,3.194682334730367,0.8138146496943796,50
808,13.08996938995747,8.200000000000005,5.215043804959057,19.920000000000005,5.215043804959057,5.438756042275497,0.5631743337589505,50
809,13.08996938995747,8.680000000000005,5.340707511102649,20.400000000000006,5.340707511102649,5.524239505713721,0.5297657947046329,50
810,13.08996938995747,7.720000000000004,5.089380098815465,19.440000000000005,5.089380098815465,5.272714268734665,0.5351326060741405,50
811,13.08996938995747,1.8799999999999986,2.5761059759436304,9.840000000000002,2.5761059759436304,2.564548914169438,0.47559949705293786,50
812,13.08996938995747,6.280000000000002,4.71238898038469,18.0,4.71238898038469,5.005016518264945,0.8041764215794053,50
813,13.08996938995747,5.320000000000004,4.461061568097507,17.040000000000003,4.461061568097507,4.51771141408875,0.5380624108454206,50
814,13.08996938995747,9.799999999999999,0.5026548245743669,1.9200000000000004,0.5026548245743669,6.141648506207909,1.0743861433598754,50
815,13.08996938995747,5.24,1.6964600329384885,6.480000000000001,1.6964600329384885,2.0239529230090962,0.6119722538557756,50
816,13.08996938995747,3.640000000000003,4.0212385965949355,15.360000000000003,4.0212385965949355,3.916651916894983,0.7068601599064572,50
817,13.08996938995747,2.6800000000000033,3.769911184307752,14.400000000000002,3.769911184307752,3.1163524243781966,1.1146235071498833,50
818,13.08996938995747,4.120000000000004,4.1469023027385274,15.840000000000003,4.1469023027385274,3.9344585572428614,1.4548681238090517,50
819,13.08996938995747,3.8800000000000017,4.084070449666731,15.600000000000001,4.084070449666731,3.9722222202879838,0.8762394947742774,50
820,13.08996938995747,1.1599999999999975,2.7646015351590183,10.560000000000002,2.7646015351590183,2.7008825912124452,0.4004600136794999,50
821,13.08996938995747,4.76,1.8221237390820801,6.960000000000001,1.8221237390820801,2.5471580906500932,0.7868873865397951,50
822,13.08996938995747,4.360000000000002,4.209734155810323,16.080000000000002,4.209734155810323,4.339305232004575,2.11700804930605,50
823,13.08996938995747,2.6800000000000033,3.769911184307752,14.400000000000002,3.769911184307752,3.4831156579650058,0.6487861535487484,50
824,13.08996938995747,1.0000000000000024,3.330088212805181,12.720000000000002,3.330088212805181,3.0390263959809096,0.5636552798255683,50
825,13.08996938995747,4.360000000000002,4.209734155810323,16.080000000000002,4.209734155810323,4.130065245619715,0.6385990670867059,50
826,13.08996938995747,3.8800000000000017,4.084070449666731,15.600000000000001,4.084070449666731,3.9473987052975774,0.6668719674598561,50
827,13.08996938995747,6.44,1.3823007675795091,5.280000000000001,1.3823007675795091,2.379520543569855,1.1815711296585718,50
828,13.08996938995747,3.8800000000000017,4.084070449666731,15.600000000000001,4.084070449666731,3.6249403690260493,1.477152699197553,50
829,13.08996938995747,1.2400000000000027,3.392920065876977,12.960000000000003,3.392920065876977,2.8078075078668734,0.7567804224097949,50
830,13.08996938995747,3.640000000000003,4.0212385965949355,15.360000000000003,4.0212385965949355,3.832279845358812,0.8182897112464123,50
831,13.08996938995747,3.8800000000000017,4.084070449666731,15.600000000000001,4.084070449666731,3.9919748527451553,0.8116748442508631,50
832,13.08996938995747,1.2400000000000027,3.392920065876977,12.960000000000003,3.392920065876977,3.126884712296165,0.5531409513056555,50
833,13.08996938995747,3.640000000000003,4.0212385965949355,15.360000000000003,4.0212385965949355,3.945627602268306,0.5300779120946978,50
834,13.08996938995747,3.1600000000000024,3.8955748904513436,14.880000000000003,3.8955748904513436,3.677612960704927,0.7551734493941349,50
835,13.08996938995747,1.1599999999999975,2.7646015351590183,10.560000000000002,2.7646015351590183,2.6800632885919193,0.41916342193140055,50
836,13.08996938995747,2.6800000000000033,3.769911184307752,14.400000000000002,3.769911184307752,3.130307700145033,1.0556780807560282,50
837,13.08996938995747,4.76,1.8221237390820801,6.960000000000001,1.8221237390820801,2.3613191374639526,0.6863004136178835,50
838,13.08996938995747,4.840000000000003,4.335397861953915,16.560000000000002,4.335397861953915,4.343169988391165,0.7906169984798511,50
839,13.08996938995747,6.919999999999997,1.2566370614359172,4.800000000000001,1.2566370614359172,1.6089481557067074,0.9616349286294819,50
840,13.08996938995747,2.4400000000000026,3.7070793312359562,14.160000000000002,3.7070793312359562,3.549373293528179,0.48410243566675265,50
841,13.08996938995747,1.2400000000000027,3.392920065876977,12.960000000000003,3.392920065876977,2.6981903720615388,0.7505905180352909,50
842,13.08996938995747,7.960000000000003,5.152211951887261,19.680000000000003,5.152211951887261,5.301852390525513,0.5182982681112026,50
843,13.08996938995747,0.5200000000000016,3.204424506661589,12.240000000000002,3.204424506661589,2.9523503890708485,0.49065792416566917,50
844,13.08996938995747,4.120000000000004,4.1469023027385274,15.840000000000003,4.1469023027385274,4.023917355477997,0.9662873006412275,50
845,13.08996938995747,3.8800000000000017,4.084070449666731,15.600000000000001,4.084070449666731,3.9204426539582014,0.8680957956582589,50
846,13.08996938995747,7.240000000000003,4.9637163926718735,18.960000000000004,4.9637163926718735,5.2053187570847195,0.6331349959005507,50
847,13.08996938995747,2.9200000000000035,3.832743037379548,14.640000000000002,3.832743037379548,3.6196763758371726,0.594163792175035,50
848,13.08996938995747,2.2000000000000024,3.6442474781641603,13.920000000000002,3.6442474781641603,3.2276940678836676,0.720010976441674,50
849,13.08996938995747,6.040000000000003,4.649557127312894,17.76,4.649557127312894,4.99003167359019,0.9347339956818693,50
850,13.08996938995747,4.600000000000004,4.272566008882119,16.320000000000004,4.272566008882119,4.340178023735954,1.036161264970076,50
851,13.08996938995747,3.1600000000000024,3.8955748904513436,14.880000000000003,3.8955748904513436,3.7001617408600294,0.6303027357565352,50
852,13.08996938995747,3.640000000000003,4.0212385965949355,15.360000000000003,4.0212385965949355,3.8242545149106966,1.0033291488326685,50
853,13.08996938995747,2.9200000000000035,3.832743037379548,14.640000000000002,3.832743037379548,3.6582815742383197,0.6089962485482722,50
854,13.08996938995747,5.320000000000004,4.461061568097507,17.040000000000003,4.461061568097507,4.6886652009778125,1.0168004732639822,50
855,13.08996938995747,5.800000000000004,4.586725274241099,17.520000000000003,4.586725274241099,4.7721076757906875,0.7389811640304402,50
856,13.08996938995747,5.080000000000002,4.39822971502571,16.8,4.39822971502571,4.767406376881503,1.2794045690085647,50
857,13.08996938995747,3.640000000000003,4.0212385965949355,15.360000000000003,4.0212385965949355,3.828401266560767,1.0169567043021688,50
858,13.08996938995747,2.1199999999999974,2.5132741228718345,9.600000000000001,2.5132741228718345,2.5471370424107582,0.42396436702734963,50
859,13.08996938995747,3.1600000000000024,3.8955748904513436,14.880000000000003,3.8955748904513436,3.6855581426726145,0.7999196527379258,50
860,13.08996938995747,1.2400000000000027,3.392920065876977,12.960000000000003,3.392920065876977,3.1048759436298443,0.5397838829632885,50
861,13.08996938995747,3.8800000000000017,4.084070449666731,15.600000000000001,4.084070449666731,3.990987833204952,0.7907918773560583,50
862,13.08996938995747,0.19999999999999776,3.0159289474462017,11.520000000000001,3.0159289474462017,2.751155614052111,0.49898113877414196,50
863,13.08996938995747,4.600000000000004,4.272566008882119,16.320000000000004,4.272566008882119,4.229816663563483,0.6431147647046517,50
864,13.08996938995747,3.4000000000000026,3.9584067435231396,15.120000000000003,3.9584067435231396,3.7578201933071695,0.6671476728550775,50
865,13.08996938995747,3.1600000000000024,3.8955748904513436,14.880000000000003,3.8955748904513436,3.6794986980546,0.6859425140154558,50
866,13.08996938995747,1.7200000000000035,3.518583772020569,13.440000000000003,3.518583772020569,2.867045892820233,0.8877473663011238,50
867,6.8067840827778845,3.640000000000003,4.0212385965949355,15.360000000000003,4.0212385965949355,3.7258037376064754,1.0276667059115254,26
868,6.8067840827778845,2.9200000000000035,3.832743037379548,14.640000000000002,3.832743037379548,3.1615288389210776,1.2097400568162262,26
869,6.8067840827778845,3.1600000000000024,3.8955748904513436,14.880000000000003,3.8955748904513436,3.5326406806947452,0.9997903635666756,26
870,6.8067840827778845,4.2799999999999985,1.9477874452256718,7.440000000000001,1.9477874452256718,2.3163347305491655,0.5644480115846834,26
871,6.8067840827778845,2.359999999999996,2.450442269800039,9.360000000000003,2.450442269800039,2.483646597278906,0.42076496720275397,26
872,6.8067840827778845,3.4000000000000026,3.9584067435231396,15.120000000000003,3.9584067435231396,3.7995356443090142,0.6322229445591279,26
873,6.8067840827778845,2.9200000000000035,3.832743037379548,14.640000000000002,3.832743037379548,3.5274077285866072,0.8635375369928335,26
874,6.8067840827778845,3.0799999999999987,2.261946710584651,8.64,2.261946710584651,2.311766811912837,0.28651037964037046,26
875,6.8067840827778845,3.4000000000000026,3.9584067435231396,15.120000000000003,3.9584067435231396,3.6163775475533133,1.0285356385255324,26
876,6.8067840827778845,2.2000000000000024,3.6442474781641603,13.920000000000002,3.6442474781641603,3.2456288737536765,0.7799028950297705,26
877,6.8067840827778845,1.1599999999999975,2.7646015351590183,10.560000000000002,2.7646015351590183,2.7236314410886022,0.3041624665529383,26
878,6.8067840827778845,3.319999999999997,2.199114857512855,8.4,2.199114857512855,2.2536607444915844,0.35333821238693164,26
879,6.8067840827778845,4.2799999999999985,1.9477874452256718,7.440000000000001,1.9477874452256718,2.242540688093531,0.5243578195046225,26
880,6.8067840827778845,2.9200000000000035,3.832743037379548,14.640000000000002,3.832743037379548,3.428793209178261,1.0387433018436512,26
881,6.8067840827778845,8.920000000000003,5.403539364174445,20.640000000000004,5.403539364174445,5.604190887962098,0.6442692858362824,26
882,6.8067840827778845,2.9200000000000035,3.832743037379548,14.640000000000002,3.832743037379548,3.3992269097390677,0.9335800613754819,26
883,6.8067840827778845,4.600000000000004,4.272566008882119,16.320000000000004,4.272566008882119,4.255126813213256,0.9216392547341097,26
884,6.8067840827778845,0.0400000000000026,3.0787608005179976,11.760000000000002,3.0787608005179976,2.6973482661620927,0.5778777201904716,26
885,6.8067840827778845,3.8800000000000017,4.084070449666731,15.600000000000001,4.084070449666731,3.9736075691571306,1.0932993927393226,26
886,6.8067840827778845,2.4400000000000026,3.7070793312359562,14.160000000000002,3.7070793312359562,3.0460724451509757,1.0411507088360046,26
887,6.8067840827778845,3.1600000000000024,3.8955748904513436,14.880000000000003,3.8955748904513436,3.486012584716952,0.9896661409322254,26
888,6.8067840827778845,4.04,2.0106192982974678,7.6800000000000015,2.0106192982974678,2.1615432642851653,0.3952092411765137,26
889,6.8067840827778845,3.0799999999999987,2.261946710584651,8.64,2.261946710584651,2.2901196185375325,0.24761730540404342,26
890,6.8067840827778845,1.0000000000000024,3.330088212805181,12.720000000000002,3.330088212805181,2.7987072567687954,0.7205372813981217,26
891,6.8067840827778845,4.76,1.8221237390820801,6.960000000000001,1.8221237390820801,2.5366283593961683,0.7702540636320852,26
892,6.8067840827778845,3.8800000000000017,4.084070449666731,15.600000000000001,4.084070449666731,3.825417287677225,1.3449055613532046,26
893,6.8067840827778845,4.360000000000002,4.209734155810323,16.080000000000002,4.209734155810323,4.188208760302148,0.4992862770583321,26
894,6.8067840827778845,1.9600000000000022,3.5814156250923643,13.680000000000001,3.5814156250923643,3.0630666742852197,0.7918704592620834,26
895,6.8067840827778845,1.9600000000000022,3.5814156250923643,13.680000000000001,3.5814156250923643,3.2701170979501963,0.6288365961899801,26
896,6.8067840827778845,5.479999999999999,1.6336281798666925,6.240000000000001,1.6336281798666925,1.9552855942122678,0.6337008828197601,26
897,6.8067840827778845,5.080000000000002,4.39822971502571,16.8,4.39822971502571,5.6348991858500534,1.5935000285840906,26
898,6.8067840827778845,1.399999999999998,2.7017696820872223,10.320000000000002,2.7017696820872223,2.6957855161201274,0.3287510326913887,26
899,6.8067840827778845,4.04,2.0106192982974678,7.6800000000000015,2.0106192982974678,2.496053764670535,0.6325456050524838,26
900,6.8067840827778845,0.5200000000000016,3.204424506661589,12.240000000000002,3.204424506661589,2.7665524215145467,0.6116215079646855,26
901,6.8067840827778845,1.6399999999999981,2.6389378290154264,10.080000000000002,2.6389378290154264,2.6229606955852867,0.43033425984522905,26
902,6.8067840827778845,1.2400000000000027,3.392920065876977,12.960000000000003,3.392920065876977,2.818914705818671,0.7744580276471091,26
903,6.8067840827778845,1.7200000000000035,3.518583772020569,13.440000000000003,3.518583772020569,3.049618834442013,0.7469156896904147,26
904,6.8067840827778845,2.9200000000000035,3.832743037379548,14.640000000000002,3.832743037379548,3.5215249626939222,0.7433409087468953,26
905,6.8067840827778845,5.719999999999997,1.5707963267948968,6.000000000000002,1.5707963267948968,2.3548161774987197,0.891787694784578,26
906,6.8067840827778845,0.28000000000000297,3.1415926535897936,12.000000000000004,3.1415926535897936,2.866327444514203,0.5226798537427956,26
907,6.8067840827778845,4.04,2.0106192982974678,7.6800000000000015,2.0106192982974678,2.0536789071964394,0.3112163740313809,26
908,6.8067840827778845,4.04,2.0106192982974678,7.6800000000000015,2.0106192982974678,2.386353975565694,0.5934793906577398,26
909,6.8067840827778845,2.84,2.324778563656447,8.88,2.324778563656447,2.3438112820082266,0.3349673987564546,26
910,6.8067840827778845,5.479999999999999,1.6336281798666925,6.240000000000001,1.6336281798666925,2.338782789908094,0.8306036273320293,26
911,6.8067840827778845,3.0799999999999987,2.261946710584651,8.64,2.261946710584651,2.447611557389538,0.5102270328992243,26
912,6.8067840827778845,6.199999999999998,1.4451326206513049,5.5200000000000005,1.4451326206513049,2.0040860606771145,0.8850644785989182,26
913,6.8067840827778845,4.76,1.8221237390820801,6.960000000000001,1.8221237390820801,2.1487552030715453,0.5796749787265244,26
914,6.8067840827778845,2.6800000000000033,3.769911184307752,14.400000000000002,3.769911184307752,3.4903586634905275,0.6445197376704594,26
915,6.8067840827778845,1.6399999999999981,2.6389378290154264,10.080000000000002,2.6389378290154264,2.575606480612288,0.5132986681501293,26
916,6.8067840827778845,2.6800000000000033,3.769911184307752,14.400000000000002,3.769911184307752,3.140805355643579,1.1414999915446415,26
917,6.8067840827778845,3.8800000000000017,4.084070449666731,15.600000000000001,4.084070449666731,3.861620090490159,1.2533354972557393,26
918,6.8067840827778845,0.5200000000000016,3.204424506661589,12.240000000000002,3.204424506661589,2.9436222546118604,0.50571172942207,26
919,6.8067840827778845,1.0000000000000024,3.330088212805181,12.720000000000002,3.330088212805181,3.0040743522172177,0.5601413235011616,26
920,6.8067840827778845,0.0400000000000026,3.0787608005179976,11.760000000000002,3.0787608005179976,2.846801090552275,0.47667335403418987,26
921,6.8067840827778845,3.319999999999997,2.199114857512855,8.4,2.199114857512855,2.312105211978596,0.43721195760489046,26
922,6.8067840827778845,5.080000000000002,4.39822971502571,16.8,4.39822971502571,5.367085781595726,1.6227227378617641,26
923,6.8067840827778845,3.559999999999996,2.1362830044410597,8.160000000000002,2.1362830044410597,2.4427969214418797,0.5390242007442989,26
924,6.8067840827778845,2.84,2.324778563656447,8.88,2.324778563656447,2.377433899192901,0.3492499886990201,26
925,6.8067840827778845,1.7200000000000035,3.518583772020569,13.440000000000003,3.518583772020569,3.006115421888271,0.7619806404006766,26
926,6.8067840827778845,3.8800000000000017,4.084070449666731,15.600000000000001,4.084070449666731,3.866628717606052,1.1060301367006709,26
927,6.8067840827778845,4.840000000000003,4.335397861953915,16.560000000000002,4.335397861953915,4.53267257980819,1.1817486766195633,26
928,6.8067840827778845,4.2799999999999985,1.9477874452256718,7.440000000000001,1.9477874452256718,2.049717687102423,0.37461247402068365,26
929,6.8067840827778845,3.0799999999999987,2.261946710584651,8.64,2.261946710584651,2.2780217230661295,0.2993261837481183,26
930,6.8067840827778845,1.0000000000000024,3.330088212805181,12.720000000000002,3.330088212805181,2.757690454260492,0.7218392197971507,26
931,6.8067840827778845,1.6399999999999981,2.6389378290154264,10.080000000000002,2.6389378290154264,2.613294728102599,0.35898926757668065,26
932,6.8067840827778845,3.319999999999997,2.199114857512855,8.4,2.199114857512855,2.295141919856757,0.4173384287595127,26
933,6.8067840827778845,1.8799999999999986,2.5761059759436304,9.840000000000002,2.5761059759436304,2.5567162217584416,0.33655043986639704,26
934,6.8067840827778845,0.0400000000000026,3.0787608005179976,11.760000000000002,3.0787608005179976,2.8564204904357866,0.4799555739046743,26
935,6.8067840827778845,0.19999999999999776,3.0159289474462017,11.520000000000001,3.0159289474462017,2.7640836899734036,0.5170902279522795,26
936,6.8067840827778845,0.28000000000000297,3.1415926535897936,12.000000000000004,3.1415926535897936,2.9045531030492735,0.49719965060945004,26
937,6.8067840827778845,0.19999999999999776,3.0159289474462017,11.520000000000001,3.0159289474462017,2.791712085335915,0.4847488251145141,26
938,6.8067840827778845,2.1199999999999974,2.5132741228718345,9.600000000000001,2.5132741228718345,2.537243718188199,0.32070409076692724,26
939,6.8067840827778845,1.8799999999999986,2.5761059759436304,9.840000000000002,2.5761059759436304,2.5560641711150134,0.42718046461489667,26
940,6.8067840827778845,3.0799999999999987,2.261946710584651,8.64,2.261946710584651,2.381192421813147,0.42777740054928365,26
941,6.8067840827778845,2.84,2.324778563656447,8.88,2.324778563656447,2.4040732049695723,0.3836333698880663,26
942,6.8067840827778845,0.760000000000002,3.267256359733385,12.480000000000002,3.267256359733385,2.819682209687434,0.6218661607479556,26
943,6.8067840827778845,6.199999999999998,1.4451326206513049,5.5200000000000005,1.4451326206513049,2.3887047236424768,1.0714358549095853,26
944,6.8067840827778845,0.19999999999999776,3.0159289474462017,11.520000000000001,3.0159289474462017,2.803093630410862,0.47063688993410857,26
945,6.8067840827778845,0.6799999999999985,2.8902652413026098,11.040000000000001,2.8902652413026098,2.6815555521547587,0.5156679335889315,26
946,6.8067840827778845,0.760000000000002,3.267256359733385,12.480000000000002,3.267256359733385,2.9321776897024723,0.5818297373721073,26
947,6.8067840827778845,0.0400000000000026,3.0787608005179976,11.760000000000002,3.0787608005179976,2.8255735209052144,0.5206838124283919,26
948,6.8067840827778845,2.1199999999999974,2.5132741228718345,9.600000000000001,2.5132741228718345,2.5244372751148836,0.38449685117455695,26
949,6.8067840827778845,0.5200000000000016,3.204424506661589,12.240000000000002,3.204424506661589,2.81943364654986,0.6232182799053886,26
950,6.8067840827778845,8.36,0.8796459430051422,3.3600000000000008,0.8796459430051422,5.752428775930258,2.4813489707928116,26
951,6.8067840827778845,4.76,1.8221237390820801,6.960000000000001,1.8221237390820801,2.386866483037262,0.6862727544800309,26
952,6.8067840827778845,4.840000000000003,4.335397861953915,16.560000000000002,4.335397861953915,4.991643596133619,1.7366558599847206,26
953,6.8067840827778845,2.9200000000000035,3.832743037379548,14.640000000000002,3.832743037379548,3.3401793980850303,1.0917989825924397,26
954,6.8067840827778845,5.479999999999999,1.6336281798666925,6.240000000000001,1.6336281798666925,2.3503297950927746,0.898258188691826,26
955,6.8067840827778845,1.6399999999999981,2.6389378290154264,10.080000000000002,2.6389378290154264,2.6052958367537746,0.3761888032865802,26
956,6.8067840827778845,2.359999999999996,2.450442269800039,9.360000000000003,2.450442269800039,2.454563454192774,0.3426804025727364,26
957,6.8067840827778845,3.8800000000000017,4.084070449666731,15.600000000000001,4.084070449666731,4.003479054219721,0.7529327283796722,26
958,6.8067840827778845,2.1199999999999974,2.5132741228718345,9.600000000000001,2.5132741228718345,2.5454612128322167,0.2722536478996415,26
959,6.8067840827778845,6.280000000000002,4.71238898038469,18.0,4.71238898038469,5.518262039990979,0.996146020586329,26
960,6.8067840827778845,1.6399999999999981,2.6389378290154264,10.080000000000002,2.6389378290154264,2.611051170682928,0.4200609157309992,26
961,6.8067840827778845,1.0000000000000024,3.330088212805181,12.720000000000002,3.330088212805181,2.979349850975003,0.5984683526750325,26
962,6.8067840827778845,0.19999999999999776,3.0159289474462017,11.520000000000001,3.0159289474462017,2.7862205630384587,0.4924890925506468,26
963,6.8067840827778845,3.1600000000000024,3.8955748904513436,14.880000000000003,3.8955748904513436,3.6396198787320424,0.9252290746644861,26
964,6.8067840827778845,1.6399999999999981,2.6389378290154264,10.080000000000002,2.6389378290154264,2.6126455843244996,0.3081013899079479,26
965,6.8067840827778845,1.9600000000000022,3.5814156250923643,13.680000000000001,3.5814156250923643,3.1768186975691597,0.7825365469796105,26
966,6.8067840827778845,5.96,1.5079644737231008,5.760000000000001,1.5079644737231008,2.523200166240145,1.0103410697711634,26
967,6.8067840827778845,0.4399999999999981,2.9530970943744057,11.280000000000001,2.9530970943744057,2.74576508904454,0.4945517666153298,26
968,6.8067840827778845,0.6799999999999985,2.8902652413026098,11.040000000000001,2.8902652413026098,2.6552746498828763,0.536310226351818,26
969,6.8067840827778845,1.7200000000000035,3.518583772020569,13.440000000000003,3.518583772020569,2.9830555677729618,0.7812852079068232,26
970,6.8067840827778845,4.519999999999998,1.884955592153876,7.200000000000001,1.884955592153876,2.345865768179843,0.6460947038939483,26
971,6.8067840827778845,5.96,1.5079644737231008,5.760000000000001,1.5079644737231008,2.315307772080171,0.9739564588331255,26
972,6.8067840827778845,4.04,2.0106192982974678,7.6800000000000015,2.0106192982974678,2.443931220600846,0.6052168188591079,26
973,6.8067840827778845,6.44,1.3823007675795091,5.280000000000001,1.3823007675795091,2.372914331935792,1.124951289488908,26
974,6.8067840827778845,2.359999999999996,2.450442269800039,9.360000000000003,2.450442269800039,2.498583500103027,0.37094510980734946,26
975,6.8067840827778845,2.1199999999999974,2.5132741228718345,9.600000000000001,2.5132741228718345,2.5007457128989206,0.34106319392970436,26
976,6.8067840827778845,0.6799999999999985,2.8902652413026098,11.040000000000001,2.8902652413026098,2.7514450271750275,0.4589148567885512,26
977,6.8067840827778845,0.0400000000000026,3.0787608005179976,11.760000000000002,3.0787608005179976,2.921750636901975,0.4253774840137479,26
978,6.8067840827778845,2.1199999999999974,2.5132741228718345,9.600000000000001,2.5132741228718345,2.525958419513601,0.42442523945630856,26
979,6.8067840827778845,6.919999999999997,1.2566370614359172,4.800000000000001,1.2566370614359172,2.086551036029834,1.297760318179627,26
980,6.8067840827778845,1.480000000000003,3.455751918948773,13.200000000000003,3.455751918948773,2.7352906359406317,0.8273960013975862,26
981,6.8067840827778845,2.599999999999998,2.387610416728243,9.120000000000001,2.387610416728243,2.5245074123361646,0.5400995260612195,26
982,6.8067840827778845,5.719999999999997,1.5707963267948968,6.000000000000002,1.5707963267948968,2.1922387140815753,0.8265229026611599,26
983,6.8067840827778845,0.5200000000000016,3.204424506661589,12.240000000000002,3.204424506661589,2.8324277711205723,0.5708372399931074,26
984,6.8067840827778845,0.9199999999999972,2.8274333882308142,10.800000000000002,2.8274333882308142,2.7246269076130964,0.41520957470464326,26
985,6.8067840827778845,2.359999999999996,2.450442269800039,9.360000000000003,2.450442269800039,2.476423131789393,0.3712595625823059,26
986,6.8067840827778845,1.6399999999999981,2.6389378290154264,10.080000000000002,2.6389378290154264,2.6126187423583644,0.44211995238394597,26
987,6.8067840827778845,5.479999999999999,1.6336281798666925,6.240000000000001,1.6336281798666925,2.2678739489028668,0.809469459623874,26
988,6.8067840827778845,6.679999999999999,1.3194689145077132,5.040000000000001,1.3194689145077132,2.167221878369764,1.1543098036787725,26
989,6.8067840827778845,2.599999999999998,2.387610416728243,9.120000000000001,2.387610416728243,2.4579824208345746,0.38699809723697126,26
990,6.8067840827778845,4.76,1.8221237390820801,6.960000000000001,1.8221237390820801,2.0295556682887823,0.4642629657000076,26
991,6.8067840827778845,2.359999999999996,2.450442269800039,9.360000000000003,2.450442269800039,2.528129970988616,0.4899939679310804,26
992,6.8067840827778845,0.6799999999999985,2.8902652413026098,11.040000000000001,2.8902652413026098,2.7890818357441227,0.42633003149381704,26
993,6.8067840827778845,1.0000000000000024,3.330088212805181,12.720000000000002,3.330088212805181,2.891436419675473,0.6539278267324383,26
994,6.8067840827778845,1.8799999999999986,2.5761059759436304,9.840000000000002,2.5761059759436304,2.549954903118837,0.2700613309291255,26
995,6.8067840827778845,2.2000000000000024,3.6442474781641603,13.920000000000002,3.6442474781641603,2.9317520082077877,0.9493922191093319,26
996,6.8067840827778845,1.480000000000003,3.455751918948773,13.200000000000003,3.455751918948773,2.6081000533864853,0.8507600729898681,26
997,6.8067840827778845,6.44,1.3823007675795091,5.280000000000001,1.3823007675795091,1.9354222137058705,0.9117338555159186,26
998,6.8067840827778845,4.999999999999998,1.7592918860102844,6.7200000000000015,1.7592918860102844,2.3090245949426085,0.7064551376178551,26
999,6.8067840827778845,0.760000000000002,3.267256359733385,12.480000000000002,3.267256359733385,2.877332495376718,0.629513240569126,26
1000,6.8067840827778845,5.24,1.6964600329384885,6.480000000000001,1.6964600329384885,2.015984066533156,0.6187775102608836,26
1001,6.8067840827778845,3.319999999999997,2.199114857512855,8.4,2.199114857512855,2.334274445398403,0.45286940992359315,26
1002,6.8067840827778845,2.84,2.324778563656447,8.88,2.324778563656447,2.3826576724286816,0.40776586352259314,26
1003,6.8067840827778845,3.319999999999997,2.199114857512855,8.4,2.199114857512855,2.3067203472331,0.4054320028863891,26
1004,6.8067840827778845,5.24,1.6964600329384885,6.480000000000001,1.6964600329384885,2.032631917899592,0.6159437753571947,26
1005,6.8067840827778845,1.480000000000003,3.455751918948773,13.200000000000003,3.455751918948773,3.194485578312619,0.5730064728075932,26
1006,6.8067840827778845,0.760000000000002,3.267256359733385,12.480000000000002,3.267256359733385,2.868633363125679,0.613305368817631,26
1007,6.8067840827778845,2.9200000000000035,3.832743037379548,14.640000000000002,3.832743037379548,3.6048708193434233,0.6931750185057227,26
1008,6.8067840827778845,3.640000000000003,4.0212385965949355,15.360000000000003,4.0212385965949355,3.892193944637211,0.6840987584712492,26
1009,6.8067840827778845,0.760000000000002,3.267256359733385,12.480000000000002,3.267256359733385,2.9923322928318092,0.5078993108835586,26
1010,6.8067840827778845,0.4399999999999981,2.9530970943744057,11.280000000000001,2.9530970943744057,2.6143641824500707,0.5924992933459975,26
1011,6.8067840827778845,0.760000000000002,3.267256359733385,12.480000000000002,3.267256359733385,2.608289265262743,0.7537669570240316,26
1012,6.8067840827778845,5.080000000000002,4.39822971502571,16.8,4.39822971502571,4.443572987438264,0.8288035319958037,26
1013,6.8067840827778845,0.5200000000000016,3.204424506661589,12.240000000000002,3.204424506661589,2.922491927953117,0.5450328779671574,26
1014,6.8067840827778845,1.7200000000000035,3.518583772020569,13.440000000000003,3.518583772020569,3.2940840838153744,0.4789362202420237,26
1015,6.8067840827778845,2.4400000000000026,3.7070793312359562,14.160000000000002,3.7070793312359562,3.0996654235414622,0.9790690341847831,26
1016,6.8067840827778845,2.6800000000000033,3.769911184307752,14.400000000000002,3.769911184307752,3.317889909056074,0.9037817096720554,26
1017,6.8067840827778845,2.6800000000000033,3.769911184307752,14.400000000000002,3.769911184307752,3.677489394605174,0.35264933470671234,26
1018,6.8067840827778845,2.9200000000000035,3.832743037379548,14.640000000000002,3.832743037379548,3.4214017912180106,1.0213604931405822,26
1019,6.8067840827778845,5.800000000000004,4.586725274241099,17.520000000000003,4.586725274241099,4.6768380127091,0.6565885839376197,26
1020,6.8067840827778845,0.760000000000002,3.267256359733385,12.480000000000002,3.267256359733385,2.884495700538611,0.6185168677870981,26
1021,6.8067840827778845,1.480000000000003,3.455751918948773,13.200000000000003,3.455751918948773,2.9084624860637964,0.7382415544190801,26
1022,6.8067840827778845,1.0000000000000024,3.330088212805181,12.720000000000002,3.330088212805181,2.8329806902232657,0.684913510241106,26
1023,6.8067840827778845,2.1199999999999974,2.5132741228718345,9.600000000000001,2.5132741228718345,2.537156008601992,0.33649304498413357,26
1024,6.8067840827778845,6.199999999999998,1.4451326206513049,5.5200000000000005,1.4451326206513049,2.320956102955545,1.0397747454765838,26
1025,6.8067840827778845,2.84,2.324778563656447,8.88,2.324778563656447,2.4763511756432655,0.5149507408135121,26
1026,6.8067840827778845,5.719999999999997,1.5707963267948968,6.000000000000002,1.5707963267948968,2.5511738929493157,0.9375501804879411,26
1027,6.8067840827778845,1.480000000000003,3.455751918948773,13.200000000000003,3.455751918948773,2.984026144667282,0.7538791330671044,26
1028,6.8067840827778845,1.7200000000000035,3.518583772020569,13.440000000000003,3.518583772020569,3.3299373860963213,0.5020161059013677,26
1029,6.8067840827778845,3.1600000000000024,3.8955748904513436,14.880000000000003,3.8955748904513436,3.6152275373546714,0.764102651995943,26
1030,6.8067840827778845,0.5200000000000016,3.204424506661589,12.240000000000002,3.204424506661589,2.5441001953591607,0.7337095102893617,26
1031,6.8067840827778845,0.28000000000000297,3.1415926535897936,12.000000000000004,3.1415926535897936,2.926934726683245,0.4914277663200537,26
1032,6.8067840827778845,1.2400000000000027,3.392920065876977,12.960000000000003,3.392920065876977,2.843779677065501,0.7369080295233343,26
1033,6.8067840827778845,0.6799999999999985,2.8902652413026098,11.040000000000001,2.8902652413026098,2.7582679196644926,0.4364930817749816,26
1034,6.8067840827778845,6.44,1.3823007675795091,5.280000000000001,1.3823007675795091,1.931794155715442,0.9142284943353175,26
1035,6.8067840827778845,5.479999999999999,1.6336281798666925,6.240000000000001,1.6336281798666925,2.0362875615059064,0.6816168926002609,26
1036,6.8067840827778845,2.9200000000000035,3.832743037379548,14.640000000000002,3.832743037379548,3.6430407110752654,0.6262578506177192,26
1037,6.8067840827778845,6.280000000000002,4.71238898038469,18.0,4.71238898038469,4.9721581466590665,0.7185011987001243,26
1038,6.8067840827778845,2.4400000000000026,3.7070793312359562,14.160000000000002,3.7070793312359562,3.030587270817039,1.0397189144550087,26
1039,6.8067840827778845,0.5200000000000016,3.204424506661589,12.240000000000002,3.204424506661589,2.654855869176429,0.682921279172506,26
1040,6.8067840827778845,0.6799999999999985,2.8902652413026098,11.040000000000001,2.8902652413026098,2.7116036738374123,0.48085099524891217,26
1041,6.8067840827778845,2.599999999999998,2.387610416728243,9.120000000000001,2.387610416728243,2.3996124436965904,0.3263498578239435,26
1042,6.8067840827778845,0.5200000000000016,3.204424506661589,12.240000000000002,3.204424506661589,2.719211421254628,0.6637722705928601,26
1043,6.8067840827778845,0.760000000000002,3.267256359733385,12.480000000000002,3.267256359733385,2.958643502597667,0.5318836007803885,26
1044,6.8067840827778845,5.96,1.5079644737231008,5.760000000000001,1.5079644737231008,1.8947393989234216,0.7217410825629605,26
1045,6.8067840827778845,0.19999999999999776,3.0159289474462017,11.520000000000001,3.0159289474462017,2.8251046149056176,0.47393116380078715,26
1046,6.8067840827778845,1.2400000000000027,3.392920065876977,12.960000000000003,3.392920065876977,3.0575623379191947,0.610787979571206,26
1047,6.8067840827778845,0.9199999999999972,2.8274333882308142,10.800000000000002,2.8274333882308142,2.777378981846496,0.3855490783145118,26
1048,6.8067840827778845,5.719999999999997,1.5707963267948968,6.000000000000002,1.5707963267948968,2.0745937344972667,0.7439627798694685,26
1049,6.8067840827778845,2.2000000000000024,3.6442474781641603,13.920000000000002,3.6442474781641603,3.018042600956597,0.9632361637086564,26
1050,6.8067840827778845,0.19999999999999776,3.0159289474462017,11.520000000000001,3.0159289474462017,2.7784964713539564,0.5112279703380305,26
1051,6.8067840827778845,0.5200000000000016,3.204424506661589,12.240000000000002,3.204424506661589,2.575866359490553,0.7193550271973287,26
1052,6.8067840827778845,0.4399999999999981,2.9530970943744057,11.280000000000001,2.9530970943744057,2.8543996681651818,0.3883302490713224,26
1053,6.8067840827778845,2.6800000000000033,3.769911184307752,14.400000000000002,3.769911184307752,3.432390597856057,0.8741557432946201,26
1054,6.8067840827778845,1.9600000000000022,3.5814156250923643,13.680000000000001,3.5814156250923643,3.088368291044376,0.8122713553097922,26
1055,6.8067840827778845,1.480000000000003,3.455751918948773,13.200000000000003,3.455751918948773,2.7227163713220315,0.8085568251712996,26
1056,6.8067840827778845,3.640000000000003,4.0212385965949355,15.360000000000003,4.0212385965949355,3.881755397456371,0.58129901885438,26
1057,6.8067840827778845,1.399999999999998,2.7017696820872223,10.320000000000002,2.7017696820872223,2.654095190167103,0.4112159983582208,26
1058,6.8067840827778845,0.6799999999999985,2.8902652413026098,11.040000000000001,2.8902652413026098,2.768994194676127,0.4376876419279873,26
1059,6.8067840827778845,1.2400000000000027,3.392920065876977,12.960000000000003,3.392920065876977,2.7517088847635636,0.7572554059977764,26
1060,6.8067840827778845,2.599999999999998,2.387610416728243,9.120000000000001,2.387610416728243,2.512991726667693,0.44398853677536493,26
1061,6.8067840827778845,1.7200000000000035,3.518583772020569,13.440000000000003,3.518583772020569,3.1498570550955667,0.6307715639628237,26
1062,6.8067840827778845,3.1600000000000024,3.8955748904513436,14.880000000000003,3.8955748904513436,3.644301195515439,0.6974645644401986,26
1063,6.8067840827778845,1.2400000000000027,3.392920065876977,12.960000000000003,3.392920065876977,2.7702433210739006,0.7843153268683382,26
1064,6.8067840827778845,1.6399999999999981,2.6389378290154264,10.080000000000002,2.6389378290154264,2.647157424623256,0.3410643133899265,26
1065,6.8067840827778845,3.1600000000000024,3.8955748904513436,14.880000000000003,3.8955748904513436,3.6671673127207427,0.8542391224950697,26
1066,6.8067840827778845,5.080000000000002,4.39822971502571,16.8,4.39822971502571,4.60673026568603,1.0642581827497608,26
1067,6.8067840827778845,0.19999999999999776,3.0159289474462017,11.520000000000001,3.0159289474462017,2.636066464207156,0.6110782949339155,26
1068,6.8067840827778845,4.600000000000004,4.272566008882119,16.320000000000004,4.272566008882119,4.712814703731523,1.8313701307090775,26
1069,6.8067840827778845,2.599999999999998,2.387610416728243,9.120000000000001,2.387610416728243,2.438075964800768,0.4160640846774837,26
1070,6.8067840827778845,0.28000000000000297,3.1415926535897936,12.000000000000004,3.1415926535897936,2.9067899640391937,0.4752451417697603,26
1071,6.8067840827778845,1.9600000000000022,3.5814156250923643,13.680000000000001,3.5814156250923643,3.3167568373072247,0.5613558930036109,26
1072,6.8067840827778845,4.2799999999999985,1.9477874452256718,7.440000000000001,1.9477874452256718,2.32465033812415,0.5919471092977959,26
1073,6.8067840827778845,0.9199999999999972,2.8274333882308142,10.800000000000002,2.8274333882308142,2.785605719133869,0.325633003887627,26
1074,6.8067840827778845,2.9200000000000035,3.832743037379548,14.640000000000002,3.832743037379548,3.545585653274152,0.8218595415541409,26
1075,6.8067840827778845,2.2000000000000024,3.6442474781641603,13.920000000000002,3.6442474781641603,3.0194670402443524,0.916328688896193,26
1076,6.8067840827778845,1.399999999999998,2.7017696820872223,10.320000000000002,2.7017696820872223,2.653948270404379,0.36577908160260997,26
1077,6.8067840827778845,0.760000000000002,3.267256359733385,12.480000000000002,3.267256359733385,2.9697874994027376,0.5687737716762351,26
1078,6.8067840827778845,1.399999999999998,2.7017696820872223,10.320000000000002,2.7017696820872223,2.6482849203820624,0.4116167383211256,26
1079,6.8067840827778845,3.0799999999999987,2.261946710584651,8.64,2.261946710584651,2.518093495984636,0.5380699474654029,26
1080,6.8067840827778845,0.19999999999999776,3.0159289474462017,11.520000000000001,3.0159289474462017,2.8767835903157644,0.4290939272403,26
1081,6.8067840827778845,4.999999999999998,1.7592918860102844,6.7200000000000015,1.7592918860102844,2.067531930551063,0.5406247455275607,26
1082,6.8067840827778845,5.96,1.5079644737231008,5.760000000000001,1.5079644737231008,2.1772502846079855,0.9692958004089073,26
1083,6.8067840827778845,4.519999999999998,1.884955592153876,7.200000000000001,1.884955592153876,2.2550280889266343,0.6046742186971696,26
1084,6.8067840827778845,5.719999999999997,1.5707963267948968,6.000000000000002,1.5707963267948968,2.4685342839402944,0.9213909664857731,26
1085,6.8067840827778845,5.24,1.6964600329384885,6.480000000000001,1.6964600329384885,1.9092476619686167,0.47713369918847653,26
1086,6.8067840827778845,6.199999999999998,1.4451326206513049,5.5200000000000005,1.4451326206513049,2.359860637503694,1.1213842699910066,26
1087,6.8067840827778845,5.719999999999997,1.5707963267948968,6.000000000000002,1.5707963267948968,2.068748819777399,0.7386007644931669,26
1088,6.8067840827778845,0.19999999999999776,3.0159289474462017,11.520000000000001,3.0159289474462017,2.7979545601895124,0.50781985484421,26
1089,6.8067840827778845,1.480000000000003,3.455751918948773,13.200000000000003,3.455751918948773,3.058511788903651,0.6307512582050472,26
1090,6.8067840827778845,1.2400000000000027,3.392920065876977,12.960000000000003,3.392920065876977,3.1149049224474257,0.5290977183746683,26
1091,6.8067840827778845,0.4399999999999981,2.9530970943744057,11.280000000000001,2.9530970943744057,2.6216173810338192,0.5657950838756783,26
1092,6.8067840827778845,4.76,1.8221237390820801,6.960000000000001,1.8221237390820801,2.3122037290124235,0.6644232123868467,26
1093,6.8067840827778845,3.1600000000000024,3.8955748904513436,14.880000000000003,3.8955748904513436,3.36898401664524,1.1924646638416199,26
1094,6.8067840827778845,3.640000000000003,4.0212385965949355,15.360000000000003,4.0212385965949355,3.6604435395000543,1.264805400919679,26
1095,6.8067840827778845,10.76,0.25132741228718347,0.9600000000000002,0.25132741228718347,5.748071378511015,0.905710102134823,26
1096,6.8067840827778845,0.5200000000000016,3.204424506661589,12.240000000000002,3.204424506661589,2.983947690125122,0.4903481295876596,26
1097,6.8067840827778845,2.9200000000000035,3.832743037379548,14.640000000000002,3.832743037379548,3.252950233356615,1.1363941606005938,26
1098,6.8067840827778845,2.2000000000000024,3.6442474781641603,13.920000000000002,3.6442474781641603,3.1162877753264624,0.8850716785151741,26
1099,6.8067840827778845,0.4399999999999981,2.9530970943744057,11.280000000000001,2.9530970943744057,2.5976314842560275,0.5960480108991059,26
1100,6.8067840827778845,0.6799999999999985,2.8902652413026098,11.040000000000001,2.8902652413026098,2.6963881445007694,0.4934780975553943,26
1101,6.8067840827778845,4.840000000000003,4.335397861953915,16.560000000000002,4.335397861953915,4.322508339080991,0.7191609252228263,26
1102,12.042771838760872,7.400000000000005,3.9584067435231396,15.120000000000003,3.9584067435231396,3.5312523990344338,1.2176537270039474,46
1103,12.042771838760872,6.200000000000005,3.6442474781641603,13.920000000000002,3.6442474781641603,3.0335407175759195,0.9570336518858068,46
1104,12.042771838760872,5.240000000000007,3.392920065876977,12.960000000000003,3.392920065876977,2.707682904486603,0.8179055979821962,46
1105,12.042771838760872,0.5199999999999948,1.884955592153876,7.200000000000001,1.884955592153876,2.2309673953907834,0.5866526708919223,46
1106,12.042771838760872,2.1999999999999957,1.4451326206513049,5.5200000000000005,1.4451326206513049,2.3881295968542107,1.1127979874724232,46
1107,12.042771838760872,0.7599999999999969,1.8221237390820801,6.960000000000001,1.8221237390820801,2.0120940725562098,0.4368154420413486,46
1108,12.042771838760872,1.2399999999999975,1.6964600329384885,6.480000000000001,1.6964600329384885,2.130933663841614,0.6801300907760872,46
1109,12.042771838760872,6.200000000000005,3.6442474781641603,13.920000000000002,3.6442474781641603,2.878236102782704,1.036199178430138,46
1110,12.042771838760872,0.6800000000000053,2.199114857512855,8.4,2.199114857512855,2.3802715149974483,0.45471231938745427,46
1111,12.042771838760872,3.3200000000000043,2.8902652413026098,11.040000000000001,2.8902652413026098,2.7296029691929564,0.4696853373516271,46
1112,12.042771838760872,6.4400000000000075,3.7070793312359562,14.160000000000002,3.7070793312359562,3.3136003865124066,0.7905277609136423,46
1113,12.042771838760872,0.7599999999999969,1.8221237390820801,6.960000000000001,1.8221237390820801,1.9459845532994815,0.37681494680957855,46
1114,12.042771838760872,1.4799999999999962,1.6336281798666925,6.240000000000001,1.6336281798666925,2.0031171669371,0.6295979193255756,46
1115,12.042771838760872,6.200000000000005,3.6442474781641603,13.920000000000002,3.6442474781641603,2.840571089795765,1.057284330249771,46
1116,12.042771838760872,2.6000000000000045,2.7017696820872223,10.320000000000002,2.7017696820872223,2.68502851663464,0.3627144869809687,46
1117,12.042771838760872,3.639999999999998,1.0681415022205298,4.080000000000001,1.0681415022205298,1.261589733669555,1.197012389958942,46
1118,12.042771838760872,10.839999999999996,5.46637121724624,20.880000000000003,5.46637121724624,5.581748710105976,0.5427072424635607,46
1119,12.042771838760872,5.960000000000003,3.5814156250923643,13.680000000000001,3.5814156250923643,3.213610386486496,0.6979355960694674,46
1120,12.042771838760872,4.520000000000004,3.204424506661589,12.240000000000002,3.204424506661589,2.977242439103874,0.4838598858145279,46
1121,12.042771838760872,2.3600000000000025,2.6389378290154264,10.080000000000002,2.6389378290154264,2.6109458131731147,0.45858888154709526,46
1122,12.042771838760872,0.03999999999999752,2.0106192982974678,7.6800000000000015,2.0106192982974678,2.156918374281813,0.4340073924395719,46
1123,12.042771838760872,8.439999999999996,6.094689747964199,23.28,6.094689747964199,5.809249983997867,0.5931660066976078,46
1124,12.042771838760872,0.5199999999999948,1.884955592153876,7.200000000000001,1.884955592153876,2.414202878308331,0.6753449040593295,46
1125,12.042771838760872,0.4400000000000066,2.1362830044410597,8.160000000000002,2.1362830044410597,2.2075039680597963,0.3819537832418438,46
1126,12.042771838760872,5.240000000000007,3.392920065876977,12.960000000000003,3.392920065876977,3.1146218633407874,0.530185779585188,46
1127,12.042771838760872,7.640000000000007,4.0212385965949355,15.360000000000003,4.0212385965949355,3.3209427792187345,1.5587566065912264,46
1128,12.042771838760872,1.2399999999999975,1.6964600329384885,6.480000000000001,1.6964600329384885,2.2857819555976815,0.8062409082925011,46
1129,12.042771838760872,4.040000000000007,3.0787608005179976,11.760000000000002,3.0787608005179976,2.6954285622594516,0.5943398727442357,46
1130,12.042771838760872,10.280000000000005,4.71238898038469,18.0,4.71238898038469,5.153724726773589,0.8735548071441298,46
1131,12.042771838760872,1.8800000000000054,2.5132741228718345,9.600000000000001,2.5132741228718345,2.568334494147685,0.4563875944103202,46
1132,12.042771838760872,3.639999999999998,1.0681415022205298,4.080000000000001,1.0681415022205298,1.1540435579341912,0.4958083639303141,46
1133,12.042771838760872,5.480000000000006,3.455751918948773,13.200000000000003,3.455751918948773,2.9933375173709957,0.6928938906016814,46
1134,12.042771838760872,6.680000000000006,3.769911184307752,14.400000000000002,3.769911184307752,3.3879734290361805,0.8494834348777922,46
1135,12.042771838760872,0.9999999999999956,1.7592918860102844,6.7200000000000015,1.7592918860102844,2.036290701517174,0.530958713184639,46
1136,12.042771838760872,0.9999999999999956,1.7592918860102844,6.7200000000000015,1.7592918860102844,2.1591083079664948,0.6773031056775107,46
1137,12.042771838760872,4.7600000000000025,3.267256359733385,12.480000000000002,3.267256359733385,2.9410851489911995,0.5363113836757069,46
1138,12.042771838760872,7.640000000000007,4.0212385965949355,15.360000000000003,4.0212385965949355,3.85360185639503,0.6281525955119842,46
1139,12.042771838760872,3.639999999999998,1.0681415022205298,4.080000000000001,1.0681415022205298,1.2864114039336507,1.1392977843714076,46
1140,12.042771838760872,1.6400000000000068,2.450442269800039,9.360000000000003,2.450442269800039,2.4909928017600333,0.4755890204238487,46
1141,12.042771838760872,2.840000000000007,2.7646015351590183,10.560000000000002,2.7646015351590183,2.612448056181616,0.5247737584891108,46
1142,12.042771838760872,8.360000000000003,4.209734155810323,16.080000000000002,4.209734155810323,4.152909044306391,1.0681143540149087,46
1143,12.042771838760872,9.080000000000004,4.39822971502571,16.8,4.39822971502571,5.080900962541916,1.5003755891587316,46
1144,12.042771838760872,0.20000000000000454,2.0734511513692637,7.920000000000002,2.0734511513692637,2.335873041827725,0.5171365520678681,46
1145,12.042771838760872,3.8799999999999963,1.0053096491487339,3.8400000000000007,1.0053096491487339,1.45320926922291,1.5287456605085545,46
1146,12.042771838760872,1.959999999999997,1.5079644737231008,5.760000000000001,1.5079644737231008,1.8981548908145827,0.7360408888474574,46
1147,12.042771838760872,3.399999999999996,1.1309733552923256,4.32,1.1309733552923256,1.3304499482556773,0.9394321067663731,46
1148,12.042771838760872,3.0800000000000054,2.8274333882308142,10.800000000000002,2.8274333882308142,2.6081422563916563,0.5427192158865589,46
1149,12.042771838760872,1.959999999999997,1.5079644737231008,5.760000000000001,1.5079644737231008,1.7819534280964546,0.7128563793275965,46
1150,12.042771838760872,2.679999999999996,1.3194689145077132,5.040000000000001,1.3194689145077132,1.4319695714219953,0.4007187685362488,46
1151,12.042771838760872,0.2799999999999962,1.9477874452256718,7.440000000000001,1.9477874452256718,2.31457666083739,0.5605857684061214,46
1152,12.042771838760872,8.840000000000005,4.335397861953915,16.560000000000002,4.335397861953915,4.4691072171007935,1.1949118218759955,46
1153,12.042771838760872,7.640000000000007,4.0212385965949355,15.360000000000003,4.0212385965949355,3.8285293596733805,0.7336415613662828,46
1154,12.042771838760872,7.400000000000005,3.9584067435231396,15.120000000000003,3.9584067435231396,3.744041750915025,0.7186042914815354,46
1155,12.042771838760872,8.360000000000003,4.209734155810323,16.080000000000002,4.209734155810323,4.277998677545874,1.6212730862459674,46
1156,12.042771838760872,2.919999999999995,1.2566370614359172,4.800000000000001,1.2566370614359172,2.4519121918677684,1.4827460791754579,46
1157,12.042771838760872,1.7199999999999949,1.5707963267948968,6.000000000000002,1.5707963267948968,1.8415779872374405,0.5955816828071572,46
1158,12.042771838760872,1.4799999999999962,1.6336281798666925,6.240000000000001,1.6336281798666925,1.9260619231114822,0.5501561844947097,46
1159,12.042771838760872,1.7199999999999949,1.5707963267948968,6.000000000000002,1.5707963267948968,2.140952525719181,0.8351388655193537,46
1160,12.042771838760872,5.000000000000005,3.330088212805181,12.720000000000002,3.330088212805181,3.0332618008411374,0.5191937839532945,46
1161,12.042771838760872,6.200000000000005,3.6442474781641603,13.920000000000002,3.6442474781641603,2.795638869858828,1.0564707766700672,46
1162,12.042771838760872,0.9999999999999956,1.7592918860102844,6.7200000000000015,1.7592918860102844,2.5400247952750346,0.7933255123628968,46
1163,12.042771838760872,6.4400000000000075,3.7070793312359562,14.160000000000002,3.7070793312359562,3.2127873110228573,0.8200093339069245,46
1164,12.042771838760872,0.20000000000000454,2.0734511513692637,7.920000000000002,2.0734511513692637,2.476905889956037,0.5836528994474158,46
1165,12.042771838760872,6.4400000000000075,3.7070793312359562,14.160000000000002,3.7070793312359562,3.467884298285423,0.5833716845541003,46
1166,12.042771838760872,0.6800000000000053,2.199114857512855,8.4,2.199114857512855,2.4517867520090286,0.5239021121337237,46
1167,12.042771838760872,4.280000000000006,3.1415926535897936,12.000000000000004,3.1415926535897936,2.7189919832748743,0.6070525760072188,46
1168,12.042771838760872,0.03999999999999752,2.0106192982974678,7.6800000000000015,2.0106192982974678,2.4706909635076664,0.6362043412806817,46
1169,12.042771838760872,2.120000000000004,2.5761059759436304,9.840000000000002,2.5761059759436304,2.585618385484602,0.46781816630771633,46
1170,12.042771838760872,0.9999999999999956,1.7592918860102844,6.7200000000000015,1.7592918860102844,2.5757914117551706,0.82058017569359,46
1171,12.042771838760872,6.680000000000006,3.769911184307752,14.400000000000002,3.769911184307752,3.2452301081852797,1.0539606940768185,46
1172,12.042771838760872,6.039999999999998,0.4398229715025711,1.6800000000000004,0.4398229715025711,0.10153545259664315,0.7549300712166939,46
1173,12.042771838760872,4.839999999999998,0.7539822368615504,2.8800000000000003,0.7539822368615504,0.6444437106084466,0.9484007530301648,46
1174,12.042771838760872,0.5199999999999948,1.884955592153876,7.200000000000001,1.884955592153876,2.2583270770216344,0.5728697888891622,46
1175,12.042771838760872,2.120000000000004,2.5761059759436304,9.840000000000002,2.5761059759436304,2.5761023474547637,0.36344055880083365,46
1176,12.042771838760872,0.5199999999999948,1.884955592153876,7.200000000000001,1.884955592153876,2.146579565494214,0.5069197053402456,46
1177,12.042771838760872,6.200000000000005,3.6442474781641603,13.920000000000002,3.6442474781641603,2.8597075844176603,1.0801600919946361,46
1178,12.042771838760872,4.520000000000004,3.204424506661589,12.240000000000002,3.204424506661589,2.798387164206961,0.6215026678111818,46
1179,12.042771838760872,5.960000000000003,3.5814156250923643,13.680000000000001,3.5814156250923643,3.1681172943715428,0.7331959691529646,46
1180,12.042771838760872,7.880000000000006,4.084070449666731,15.600000000000001,4.084070449666731,3.207960604471686,1.8488048358531604,46
1181,12.042771838760872,11.799999999999995,5.215043804959057,19.920000000000005,5.215043804959057,5.59679642293216,0.6547981490394684,46
1182,12.042771838760872,2.3600000000000025,2.6389378290154264,10.080000000000002,2.6389378290154264,2.629931780306184,0.3848097847658288,46
1183,12.042771838760872,11.319999999999993,5.340707511102649,20.400000000000006,5.340707511102649,5.594180891551329,0.6245677133008877,46
1184,12.042771838760872,5.000000000000005,3.330088212805181,12.720000000000002,3.330088212805181,2.6937285508351336,0.7167670473179926,46
1185,12.042771838760872,6.920000000000004,3.832743037379548,14.640000000000002,3.832743037379548,3.5581831866080216,0.8205255874369358,46
1186,12.042771838760872,5.960000000000003,3.5814156250923643,13.680000000000001,3.5814156250923643,2.9692540300096812,0.8410695084347349,46
1187,12.042771838760872,2.919999999999995,1.2566370614359172,4.800000000000001,1.2566370614359172,2.5482890084446255,1.471121503480132,46
1188,12.042771838760872,4.280000000000006,3.1415926535897936,12.000000000000004,3.1415926535897936,2.828300932462606,0.5315128607082387,46
1189,12.042771838760872,4.7600000000000025,3.267256359733385,12.480000000000002,3.267256359733385,2.650402856500312,0.7036577306595808,46
1190,12.042771838760872,3.5600000000000027,2.9530970943744057,11.280000000000001,2.9530970943744057,2.6484981076060383,0.5544392885103138,46
1191,12.042771838760872,6.200000000000005,3.6442474781641603,13.920000000000002,3.6442474781641603,3.238385118936794,0.7393776509809759,46
1192,12.042771838760872,3.159999999999997,1.1938052083641215,4.5600000000000005,1.1938052083641215,2.338332475469769,1.506638984290889,46
1193,12.042771838760872,0.9200000000000039,2.261946710584651,8.64,2.261946710584651,2.382598737611189,0.425441761319794,46
1194,12.042771838760872,0.9999999999999956,1.7592918860102844,6.7200000000000015,1.7592918860102844,1.9703776818085108,0.49941248170056574,46
1195,12.042771838760872,1.7199999999999949,1.5707963267948968,6.000000000000002,1.5707963267948968,1.9932061859507624,0.7259741752878455,46
1196,12.042771838760872,5.960000000000003,3.5814156250923643,13.680000000000001,3.5814156250923643,2.878543406646598,0.9098822495151947,46
1197,12.042771838760872,1.2399999999999975,1.6964600329384885,6.480000000000001,1.6964600329384885,1.9080232341794936,0.46981072313597183,46
1198,12.042771838760872,1.4000000000000046,2.387610416728243,9.120000000000001,2.387610416728243,2.4604311911105756,0.4012047094455982,46
1199,12.042771838760872,0.03999999999999752,2.0106192982974678,7.6800000000000015,2.0106192982974678,2.353979706389472,0.5611799330860252,46
1200,12.042771838760872,0.2799999999999962,1.9477874452256718,7.440000000000001,1.9477874452256718,2.3088703428388855,0.5981663793819811,46
1201,12.042771838760872,2.3600000000000025,2.6389378290154264,10.080000000000002,2.6389378290154264,2.622599335291953,0.31615221432502916,46
1202,12.042771838760872,7.160000000000003,3.8955748904513436,14.880000000000003,3.8955748904513436,3.7577969272747223,0.5790516357066852,46
1203,12.042771838760872,3.0800000000000054,2.8274333882308142,10.800000000000002,2.8274333882308142,2.740253249741268,0.4118670808775316,46
1204,12.042771838760872,3.0800000000000054,2.8274333882308142,10.800000000000002,2.8274333882308142,2.71907250139843,0.4350473377096116,46
1205,12.042771838760872,5.559999999999997,0.5654866776461628,2.16,0.5654866776461628,0.4086025342859823,0.7719105598809105,46
1206,12.042771838760872,4.119999999999995,0.942477796076938,3.6000000000000005,0.942477796076938,1.1418579149598005,1.8402018757944032,46
1207,12.042771838760872,4.280000000000006,3.1415926535897936,12.000000000000004,3.1415926535897936,2.947282101049875,0.45840141456581157,46
1208,12.042771838760872,6.920000000000004,3.832743037379548,14.640000000000002,3.832743037379548,3.5512558059223656,0.8013173195015618,46
1209,12.042771838760872,4.7600000000000025,3.267256359733385,12.480000000000002,3.267256359733385,2.599811807639897,0.7500667372467034,46
1210,12.042771838760872,3.399999999999996,1.1309733552923256,4.32,1.1309733552923256,1.1975301918613623,0.548395361468968,46
1211,12.042771838760872,1.4799999999999962,1.6336281798666925,6.240000000000001,1.6336281798666925,2.0433401355428833,0.6999905272728315,46
1212,12.042771838760872,1.7199999999999949,1.5707963267948968,6.000000000000002,1.5707963267948968,2.560882425362812,0.9788888893206399,46
1213,12.042771838760872,5.960000000000003,3.5814156250923643,13.680000000000001,3.5814156250923643,3.257071186467447,0.6596585087262784,46
1214,12.042771838760872,4.119999999999995,0.942477796076938,3.6000000000000005,0.942477796076938,0.588407169060646,1.9268371190624678,46
1215,12.042771838760872,2.6000000000000045,2.7017696820872223,10.320000000000002,2.7017696820872223,2.609882833071076,0.5014752900059797,46
1216,12.042771838760872,1.2399999999999975,1.6964600329384885,6.480000000000001,1.6964600329384885,2.245209883246061,0.7820219226635008,46
1217,12.042771838760872,11.480000000000004,5.026548245743669,19.200000000000003,5.026548245743669,5.596481946977277,0.7674846854097442,46
1218,12.042771838760872,0.7599999999999969,1.8221237390820801,6.960000000000001,1.8221237390820801,2.3894394437459763,0.7380439758888951,46
1219,12.042771838760872,4.520000000000004,3.204424506661589,12.240000000000002,3.204424506661589,2.848941245569811,0.5507596902921711,46
1220,12.042771838760872,4.7600000000000025,3.267256359733385,12.480000000000002,3.267256359733385,2.8445717897171807,0.6421357604471373,46
1221,12.042771838760872,2.6000000000000045,2.7017696820872223,10.320000000000002,2.7017696820872223,2.6469483436372148,0.40699020983840795,46
1222,12.042771838760872,8.439999999999996,6.094689747964199,23.28,6.094689747964199,5.93366148223929,0.5067821625138432,46
1223,12.042771838760872,5.240000000000007,3.392920065876977,12.960000000000003,3.392920065876977,2.824464589746503,0.7599261174211155,46
1224,12.042771838760872,0.7599999999999969,1.8221237390820801,6.960000000000001,1.8221237390820801,2.2216203660352765,0.6149645983063455,46
1225,12.042771838760872,7.160000000000003,3.8955748904513436,14.880000000000003,3.8955748904513436,3.1641434293367214,1.3065615806323958,46
1226,12.042771838760872,3.159999999999997,1.1938052083641215,4.5600000000000005,1.1938052083641215,1.3569550128927421,0.5595992259545989,46
1227,12.042771838760872,0.7599999999999969,1.8221237390820801,6.960000000000001,1.8221237390820801,2.1634025751863173,0.597798955631092,46
1228,12.042771838760872,3.8799999999999963,1.0053096491487339,3.8400000000000007,1.0053096491487339,1.180525514544749,1.3215550760821229,46
1229,12.042771838760872,3.3200000000000043,2.8902652413026098,11.040000000000001,2.8902652413026098,2.7739383432952835,0.4423012116713667,46
1230,12.042771838760872,3.8799999999999963,1.0053096491487339,3.8400000000000007,1.0053096491487339,1.0190615511599814,0.3830303582192308,46
1231,12.042771838760872,0.7599999999999969,1.8221237390820801,6.960000000000001,1.8221237390820801,2.306464247264867,0.6892558221184614,46
1232,12.042771838760872,3.8000000000000047,3.0159289474462017,11.520000000000001,3.0159289474462017,2.7321130042458064,0.5369469056722678,46
1233,12.042771838760872,0.03999999999999752,2.0106192982974678,7.6800000000000015,2.0106192982974678,2.365907300721754,0.5712697548216278,46
1234,12.042771838760872,0.7599999999999969,1.8221237390820801,6.960000000000001,1.8221237390820801,2.1073873431998646,0.5348823031813954,46
1235,12.042771838760872,3.8799999999999963,1.0053096491487339,3.8400000000000007,1.0053096491487339,1.0111889627345083,0.9879546651142338,46
1236,12.042771838760872,4.839999999999998,0.7539822368615504,2.8800000000000003,0.7539822368615504,0.5508202278756332,0.9755725984640816,46
1237,12.042771838760872,0.2799999999999962,1.9477874452256718,7.440000000000001,1.9477874452256718,2.0541400566690164,0.39128091521767655,46
1238,12.042771838760872,2.1999999999999957,1.4451326206513049,5.5200000000000005,1.4451326206513049,1.640035771553804,0.5575721093169529,46
1239,12.042771838760872,2.1999999999999957,1.4451326206513049,5.5200000000000005,1.4451326206513049,2.1193665954162664,0.9681392099443258,46
1240,12.042771838760872,1.7199999999999949,1.5707963267948968,6.000000000000002,1.5707963267948968,2.1616617999111876,0.8543575470812,46
1241,12.042771838760872,1.4000000000000046,2.387610416728243,9.120000000000001,2.387610416728243,2.4501715779702224,0.35790300465034725,46
1242,12.042771838760872,4.839999999999998,0.7539822368615504,2.8800000000000003,0.7539822368615504,0.7313071474669923,0.8593565657385717,46
1243,12.042771838760872,4.359999999999997,0.8796459430051422,3.3600000000000008,0.8796459430051422,0.9348766615012261,0.5943964768386156,46
1244,12.042771838760872,3.159999999999997,1.1938052083641215,4.5600000000000005,1.1938052083641215,1.381717922832236,0.5498512615340472,46
1245,12.042771838760872,5.559999999999997,0.5654866776461628,2.16,0.5654866776461628,0.44080233470377245,0.6470917617641903,46
1246,12.042771838760872,5.0799999999999965,0.6911503837897546,2.6400000000000006,0.6911503837897546,0.4871518599359968,0.9859106068876441,46
1247,12.042771838760872,4.119999999999995,0.942477796076938,3.6000000000000005,0.942477796076938,1.0060848391612398,0.8808203361369454,46
1248,12.042771838760872,5.480000000000006,3.455751918948773,13.200000000000003,3.455751918948773,2.840575737325933,0.783009959281341,46
1249,12.042771838760872,1.1600000000000026,2.324778563656447,8.88,2.324778563656447,2.3408712754389036,0.3344677404211046,46
1250,12.042771838760872,2.840000000000007,2.7646015351590183,10.560000000000002,2.7646015351590183,2.6621569215737195,0.4852588510573585,46
1251,12.042771838760872,6.920000000000004,3.832743037379548,14.640000000000002,3.832743037379548,3.178760323074808,1.1471692943961938,46
1252,12.042771838760872,9.080000000000004,4.39822971502571,16.8,4.39822971502571,4.488785370903914,0.8600164538536464,46
1253,12.042771838760872,5.720000000000004,3.518583772020569,13.440000000000003,3.518583772020569,2.9638186891606098,0.761416612247706,46
1254,12.042771838760872,8.600000000000009,4.272566008882119,16.320000000000004,4.272566008882119,4.353385626039362,1.3239944453538108,46
1255,12.042771838760872,4.040000000000007,3.0787608005179976,11.760000000000002,3.0787608005179976,2.7915512614096447,0.5303449917211265,46
1256,12.042771838760872,5.480000000000006,3.455751918948773,13.200000000000003,3.455751918948773,2.968571557556179,0.7466403793399246,46
1257,12.042771838760872,9.080000000000004,4.39822971502571,16.8,4.39822971502571,4.543622264189668,1.0179849444350106,46
1258,12.042771838760872,3.8799999999999963,1.0053096491487339,3.8400000000000007,1.0053096491487339,1.0687108436539567,0.4171282875823077,46
1259,12.042771838760872,0.2799999999999962,1.9477874452256718,7.440000000000001,1.9477874452256718,2.3935912090979836,0.6077598249733693,46
1260,12.042771838760872,2.4399999999999977,1.3823007675795091,5.280000000000001,1.3823007675795091,1.5864014138097904,0.4992050264924485,46
1261,12.042771838760872,0.20000000000000454,2.0734511513692637,7.920000000000002,2.0734511513692637,2.1184611952194556,0.3125136412838974,46
1262,12.042771838760872,7.160000000000003,3.8955748904513436,14.880000000000003,3.8955748904513436,3.221184555557701,1.3759177694995282,46
1263,12.042771838760872,5.799999999999996,0.5026548245743669,1.9200000000000004,0.5026548245743669,0.41996498996551074,0.568096139890003,46
1264,12.042771838760872,0.2799999999999962,1.9477874452256718,7.440000000000001,1.9477874452256718,2.310474821771677,0.5975984643303365,46
1265,12.042771838760872,2.4399999999999977,1.3823007675795091,5.280000000000001,1.3823007675795091,1.6435310341995966,0.671641389482381,46
1266,12.042771838760872,6.4400000000000075,3.7070793312359562,14.160000000000002,3.7070793312359562,3.192321277639204,0.9263880870163786,46
1267,12.042771838760872,4.7600000000000025,3.267256359733385,12.480000000000002,3.267256359733385,2.894299766860696,0.5861165336310709,46
1268,12.042771838760872,3.3200000000000043,2.8902652413026098,11.040000000000001,2.8902652413026098,2.744196603812482,0.43774201965120824,46
1269,12.042771838760872,4.7600000000000025,3.267256359733385,12.480000000000002,3.267256359733385,2.9977389154226994,0.5479244252314706,46
1270,12.042771838760872,8.120000000000005,4.1469023027385274,15.840000000000003,4.1469023027385274,4.0245550647453765,1.1296027569765204,46
1271,12.042771838760872,5.319999999999995,0.6283185307179586,2.4000000000000004,0.6283185307179586,6.096686488525753,1.2827697731568246,46
1272,12.042771838760872,7.640000000000007,4.0212385965949355,15.360000000000003,4.0212385965949355,3.809615747883082,0.8493807131739646,46
1273,12.042771838760872,4.520000000000004,3.204424506661589,12.240000000000002,3.204424506661589,2.9321096159946687,0.5095365750594233,46
1274,12.042771838760872,5.000000000000005,3.330088212805181,12.720000000000002,3.330088212805181,2.8865885733929812,0.6518482481425296,46
1275,12.042771838760872,5.960000000000003,3.5814156250923643,13.680000000000001,3.5814156250923643,3.1921868562173827,0.740234074125172,46
1276,12.042771838760872,2.6000000000000045,2.7017696820872223,10.320000000000002,2.7017696820872223,2.647283138968825,0.4384643902162894,46
1277,12.042771838760872,2.1999999999999957,1.4451326206513049,5.5200000000000005,1.4451326206513049,2.4297522127496016,1.1581201047773635,46
1278,12.042771838760872,0.6800000000000053,2.199114857512855,8.4,2.199114857512855,2.3716045304644098,0.4767846961053787,46
1279,12.042771838760872,7.400000000000005,3.9584067435231396,15.120000000000003,3.9584067435231396,3.3522664691253303,1.398011084977391,46
1280,12.042771838760872,9.879999999999995,5.717698629533424,21.840000000000003,5.717698629533424,5.706788075807681,0.4415950579181579,46
1281,12.042771838760872,0.9999999999999956,1.7592918860102844,6.7200000000000015,1.7592918860102844,2.5160634419677432,0.8244270514449772,46
1282,12.042771838760872,4.599999999999996,0.8168140899333463,3.1200000000000006,0.8168140899333463,0.7891869784842827,0.42264704479989396,46
1283,12.042771838760872,3.5600000000000027,2.9530970943744057,11.280000000000001,2.9530970943744057,2.730245555712906,0.5187228923449156,46
1284,12.042771838760872,6.4400000000000075,3.7070793312359562,14.160000000000002,3.7070793312359562,2.9157778164204653,1.0768749166378981,46
1285,12.042771838760872,6.4400000000000075,3.7070793312359562,14.160000000000002,3.7070793312359562,3.408319899448853,0.6680758417878482,46
1286,12.042771838760872,2.4399999999999977,1.3823007675795091,5.280000000000001,1.3823007675795091,1.5375296891889432,0.4068921807677079,46
1287,12.042771838760872,8.120000000000005,4.1469023027385274,15.840000000000003,4.1469023027385274,4.067287217283612,1.0455609436666995,46
1288,12.042771838760872,5.240000000000007,3.392920065876977,12.960000000000003,3.392920065876977,2.936218895673686,0.657335528776149,46
1289,12.042771838760872,4.119999999999995,0.942477796076938,3.6000000000000005,0.942477796076938,0.9451482378371989,0.563672262080978,46
1290,12.042771838760872,7.400000000000005,3.9584067435231396,15.120000000000003,3.9584067435231396,3.383611792972659,1.302243597082903,46
1291,12.042771838760872,8.360000000000003,4.209734155810323,16.080000000000002,4.209734155810323,4.0939093817933605,1.1179771397248375,46
1292,12.042771838760872,5.720000000000004,3.518583772020569,13.440000000000003,3.518583772020569,3.1567362252557407,0.6505688268479629,46
1293,12.042771838760872,5.720000000000004,3.518583772020569,13.440000000000003,3.518583772020569,3.005856065900925,0.7852621042801882,46
1294,12.042771838760872,4.040000000000007,3.0787608005179976,11.760000000000002,3.0787608005179976,2.809807428230769,0.5292833864111282,46
1295,12.042771838760872,7.400000000000005,3.9584067435231396,15.120000000000003,3.9584067435231396,3.268139605268091,1.3824809552319892,46
1296,12.042771838760872,5.480000000000006,3.455751918948773,13.200000000000003,3.455751918948773,2.9742334688040097,0.7208765712766914,46
1297,12.042771838760872,3.8799999999999963,1.0053096491487339,3.8400000000000007,1.0053096491487339,1.120849794019612,0.8724764193680175,46
1298,12.042771838760872,5.240000000000007,3.392920065876977,12.960000000000003,3.392920065876977,2.7996140581358606,0.7343871835991709,46
1299,12.042771838760872,0.9200000000000039,2.261946710584651,8.64,2.261946710584651,2.3230271988330675,0.33841352417088116,46
1300,12.042771838760872,3.5600000000000027,2.9530970943744057,11.280000000000001,2.9530970943744057,2.6699955955866908,0.5406265787494889,46
1301,12.042771838760872,1.8800000000000054,2.5132741228718345,9.600000000000001,2.5132741228718345,2.559262272718498,0.38217508415120716,46
1302,12.042771838760872,3.159999999999997,1.1938052083641215,4.5600000000000005,1.1938052083641215,1.2542341578441112,0.5067555129532082,46
1303,12.042771838760872,5.240000000000007,3.392920065876977,12.960000000000003,3.392920065876977,3.1126764110162615,0.5442292990880215,46
1304,12.042771838760872,6.680000000000006,3.769911184307752,14.400000000000002,3.769911184307752,3.4525925768557135,0.7022678559702554,46
1305,12.042771838760872,9.320000000000006,4.461061568097507,17.040000000000003,4.461061568097507,4.522242231417321,0.797034365159316,46
1306,12.042771838760872,3.8799999999999963,1.0053096491487339,3.8400000000000007,1.0053096491487339,1.109648936897318,1.7691469902965005,46
1307,12.042771838760872,5.0799999999999965,0.6911503837897546,2.6400000000000006,0.6911503837897546,0.11948218049505434,1.2757446738830465,46
1308,12.042771838760872,0.5199999999999948,1.884955592153876,7.200000000000001,1.884955592153876,2.038420807332064,0.3992272274473508,46
1309,12.042771838760872,6.200000000000005,3.6442474781641603,13.920000000000002,3.6442474781641603,3.341030770597792,0.7011589819081742,46
1310,12.042771838760872,1.2399999999999975,1.6964600329384885,6.480000000000001,1.6964600329384885,2.6225605292314946,0.911557745957726,46
1311,12.042771838760872,4.280000000000006,3.1415926535897936,12.000000000000004,3.1415926535897936,2.7594519187047064,0.5916213838094824,46
1312,12.042771838760872,8.360000000000003,4.209734155810323,16.080000000000002,4.209734155810323,4.164875240929191,1.1674226463861077,46
1313,12.042771838760872,5.000000000000005,3.330088212805181,12.720000000000002,3.330088212805181,3.0140243789071905,0.5752063861758686,46
1314,12.042771838760872,3.5600000000000027,2.9530970943744057,11.280000000000001,2.9530970943744057,2.797214347334479,0.4556594882624754,46
1315,12.042771838760872,6.680000000000006,3.769911184307752,14.400000000000002,3.769911184307752,3.5891147342412513,0.5656801366758809,46
1316,12.042771838760872,1.8800000000000054,2.5132741228718345,9.600000000000001,2.5132741228718345,2.4969770205887323,0.28304054097396686,46
1317,12.042771838760872,1.959999999999997,1.5079644737231008,5.760000000000001,1.5079644737231008,1.8281766528752608,0.6340406433008019,46
1318,12.042771838760872,3.3200000000000043,2.8902652413026098,11.040000000000001,2.8902652413026098,2.6980964213980325,0.5040385104831244,46
1319,12.042771838760872,6.200000000000005,3.6442474781641603,13.920000000000002,3.6442474781641603,3.324092599554498,0.7237971751737411,46
1320,12.042771838760872,0.03999999999999752,2.0106192982974678,7.6800000000000015,2.0106192982974678,2.532565491952966,0.6461508424665966,46
1321,12.042771838760872,4.7600000000000025,3.267256359733385,12.480000000000002,3.267256359733385,2.939228121335529,0.5943386763920867,46
1322,12.042771838760872,5.000000000000005,3.330088212805181,12.720000000000002,3.330088212805181,2.863984730699553,0.6779033262118197,46
1323,12.042771838760872,6.680000000000006,3.769911184307752,14.400000000000002,3.769911184307752,2.9085829596199297,1.217115111841328,46
1324,12.042771838760872,4.040000000000007,3.0787608005179976,11.760000000000002,3.0787608005179976,2.8213662537885393,0.5021557538445155,46
1325,12.042771838760872,2.1999999999999957,1.4451326206513049,5.5200000000000005,1.4451326206513049,1.7828190217760898,0.6955251857700573,46
1326,12.042771838760872,2.679999999999996,1.3194689145077132,5.040000000000001,1.3194689145077132,2.2946563497608654,1.3820290690993917,46
1327,12.042771838760872,0.6800000000000053,2.199114857512855,8.4,2.199114857512855,2.3670402590352246,0.45584176179459557,46
1328,12.042771838760872,4.359999999999997,0.8796459430051422,3.3600000000000008,0.8796459430051422,0.8916639208386652,0.4868888114184685,46
1329,12.042771838760872,5.000000000000005,3.330088212805181,12.720000000000002,3.330088212805181,2.8644458371715897,0.6465148651631926,46
1330,12.042771838760872,7.400000000000005,3.9584067435231396,15.120000000000003,3.9584067435231396,3.795840950216091,0.6668111007952074,46
1331,12.042771838760872,1.2399999999999975,1.6964600329384885,6.480000000000001,1.6964600329384885,1.857429438382279,0.3965602189273008,46
1332,12.042771838760872,0.7599999999999969,1.8221237390820801,6.960000000000001,1.8221237390820801,2.320403078210708,0.6668675830547982,46
1333,12.042771838760872,4.119999999999995,0.942477796076938,3.6000000000000005,0.942477796076938,0.9581986174017117,0.490840839084916,46
1334,12.042771838760872,2.679999999999996,1.3194689145077132,5.040000000000001,1.3194689145077132,1.788279792890125,0.9836508824595607,46
1335,12.042771838760872,6.920000000000004,3.832743037379548,14.640000000000002,3.832743037379548,3.2080560501300215,1.1629617656158475,46
1336,12.042771838760872,8.120000000000005,4.1469023027385274,15.840000000000003,4.1469023027385274,4.037143946512294,0.6040622880448606,46
1337,12.042771838760872,6.4400000000000075,3.7070793312359562,14.160000000000002,3.7070793312359562,3.223273566539512,0.9340089315506784,46
1338,12.042771838760872,0.20000000000000454,2.0734511513692637,7.920000000000002,2.0734511513692637,2.555377978978784,0.6348436869200156,46
1339,7.592182246175333,0.31999999999999706,3.769911184307752,14.400000000000002,3.769911184307752,3.2101883534022364,1.0528633746121345,29
1340,7.592182246175333,7.999999999999998,1.7592918860102844,6.7200000000000015,1.7592918860102844,2.1922922427440725,0.6655116218957385,29
1341,7.592182246175333,0.07999999999999673,3.832743037379548,14.640000000000002,3.832743037379548,3.2405249335062463,1.0835242153116824,29
1342,7.592182246175333,0.6400000000000027,4.0212385965949355,15.360000000000003,4.0212385965949355,3.8256097465944268,0.8770441702569404,29
1343,7.592182246175333,10.64,1.0681415022205298,4.080000000000001,1.0681415022205298,1.2682712096145718,0.7603361273916824,29
1344,7.592182246175333,0.6400000000000027,4.0212385965949355,15.360000000000003,4.0212385965949355,3.9094843115286584,0.7438006185734406,29
1345,7.592182246175333,1.600000000000004,4.272566008882119,16.320000000000004,4.272566008882119,4.520314635959528,1.717281255857472,29
1346,7.592182246175333,3.0400000000000027,4.649557127312894,17.76,4.649557127312894,4.963335478465847,0.8620493150577164,29
1347,7.592182246175333,10.879999999999999,1.0053096491487339,3.8400000000000007,1.0053096491487339,1.1498253785683392,0.922344097098933,29
1348,7.592182246175333,2.5600000000000023,4.523893421169302,17.28,4.523893421169302,4.668536097761964,0.7201529401750222,29
1349,7.592182246175333,4.000000000000004,4.900884539600078,18.720000000000006,4.900884539600078,5.173265673739679,0.651568417811736,29
1350,7.592182246175333,8.719999999999997,1.5707963267948968,6.000000000000002,1.5707963267948968,1.7318017401549106,0.42096879610834237,29
1351,7.592182246175333,3.679999999999999,2.8902652413026098,11.040000000000001,2.8902652413026098,2.694684916651148,0.5101072513145737,29
1352,7.592182246175333,0.4000000000000023,3.9584067435231396,15.120000000000003,3.9584067435231396,3.559707462631888,1.2266360658026862,29
1353,7.592182246175333,4.639999999999999,2.6389378290154264,10.080000000000002,2.6389378290154264,2.620806144841859,0.4537899009505855,29
1354,7.592182246175333,1.999999999999998,3.330088212805181,12.720000000000002,3.330088212805181,2.924616061296105,0.6084042939994965,29
1355,7.592182246175333,1.360000000000002,4.209734155810323,16.080000000000002,4.209734155810323,4.181141016742517,0.5497077795316573,29
1356,7.592182246175333,0.5599999999999975,3.7070793312359562,14.160000000000002,3.7070793312359562,3.11458086384151,1.0150805276948591,29
1357,7.592182246175333,3.5200000000000036,4.775220833456486,18.240000000000002,4.775220833456486,5.242075731542284,0.8176467698909513,29
1358,7.592182246175333,0.16000000000000195,3.8955748904513436,14.880000000000003,3.8955748904513436,3.7244828319296293,0.5925046324699208,29
1359,7.592182246175333,0.6400000000000027,4.0212385965949355,15.360000000000003,4.0212385965949355,3.783905227258262,1.0482440061185054,29
1360,7.592182246175333,2.3200000000000034,4.461061568097507,17.040000000000003,4.461061568097507,5.003983970767253,1.2571038441597076,29
1361,7.592182246175333,5.119999999999997,2.5132741228718345,9.600000000000001,2.5132741228718345,2.553859814020427,0.39912816294439085,29
1362,7.592182246175333,0.07999999999999673,3.832743037379548,14.640000000000002,3.832743037379548,2.9028751887845554,1.3596188814794135,29
1363,7.592182246175333,1.0399999999999983,3.5814156250923643,13.680000000000001,3.5814156250923643,3.273373121534403,0.5787057795356609,29
1364,7.592182246175333,1.8400000000000027,4.335397861953915,16.560000000000002,4.335397861953915,5.112481489104193,1.7139985233057353,29
1365,7.592182246175333,3.9199999999999973,2.8274333882308142,10.800000000000002,2.8274333882308142,2.7868956466987673,0.3737975609902483,29
1366,7.592182246175333,3.9199999999999973,2.8274333882308142,10.800000000000002,2.8274333882308142,2.752649338918398,0.37933773601665827,29
1367,7.592182246175333,1.360000000000002,4.209734155810323,16.080000000000002,4.209734155810323,4.187403798015629,0.737690492945434,29
1368,7.592182246175333,3.5200000000000036,4.775220833456486,18.240000000000002,4.775220833456486,4.964097197909437,0.6080156867158014,29
1369,7.592182246175333,0.16000000000000195,3.8955748904513436,14.880000000000003,3.8955748904513436,3.6563103123529834,0.7615701772269831,29
1370,7.592182246175333,3.2800000000000016,4.71238898038469,18.0,4.71238898038469,5.38126157662364,1.0708033169562698,29
1371,7.592182246175333,7.999999999999998,1.7592918860102844,6.7200000000000015,1.7592918860102844,2.5119283580154512,0.7817490525308066,29
1372,7.592182246175333,10.64,1.0681415022205298,4.080000000000001,1.0681415022205298,2.2096704781672143,2.0983043083889195,29
1373,7.592182246175333,1.360000000000002,4.209734155810323,16.080000000000002,4.209734155810323,4.18631579013582,0.8437785446965684,29
1374,7.592182246175333,2.3200000000000034,4.461061568097507,17.040000000000003,4.461061568097507,5.338048556793805,1.4942693410766252,29
1375,7.592182246175333,6.640000000000003,5.592034923389832,21.360000000000003,5.592034923389832,5.6012395843039435,0.36379440545890857,29
1376,7.592182246175333,1.1200000000000034,4.1469023027385274,15.840000000000003,4.1469023027385274,4.058752338995703,0.8473995427217246,29
1377,7.592182246175333,1.1200000000000034,4.1469023027385274,15.840000000000003,4.1469023027385274,4.04719758658608,1.2998050014575555,29
1378,7.592182246175333,11.599999999999998,0.8168140899333463,3.1200000000000006,0.8168140899333463,0.7608890755320614,1.488128035343911,29
1379,7.592182246175333,3.0400000000000027,4.649557127312894,17.76,4.649557127312894,4.914187510265114,0.7466412640186075,29
1380,7.592182246175333,0.6400000000000027,4.0212385965949355,15.360000000000003,4.0212385965949355,3.91882871444814,0.5802113621654538,29
1381,7.592182246175333,1.1200000000000034,4.1469023027385274,15.840000000000003,4.1469023027385274,4.06411980002826,0.9311990017744617,29
1382,7.592182246175333,1.8400000000000027,4.335397861953915,16.560000000000002,4.335397861953915,4.376767543271367,0.970700902012889,29
1383,7.592182246175333,0.6400000000000027,4.0212385965949355,15.360000000000003,4.0212385965949355,3.9209406046710997,0.534711500085104,29
1384,7.592182246175333,0.8800000000000013,4.084070449666731,15.600000000000001,4.084070449666731,3.9345678884884547,0.6929277919405914,29
1385,7.592182246175333,0.5599999999999975,3.7070793312359562,14.160000000000002,3.7070793312359562,3.2068893987175735,0.933747657774978,29
1386,7.592182246175333,0.8800000000000013,4.084070449666731,15.600000000000001,4.084070449666731,3.9629224107951404,0.5724906447864946,29
1387,7.592182246175333,0.31999999999999706,3.769911184307752,14.400000000000002,3.769911184307752,3.502755961088075,0.6310399489350046,29
1388,7.592182246175333,11.680000000000003,0.6283185307179586,2.4000000000000004,0.6283185307179586,6.223091388873319,1.253960073568206,29
1389,7.592182246175333,3.5200000000000036,4.775220833456486,18.240000000000002,4.775220833456486,4.966005970160749,0.6633366396653914,29
1390,7.592182246175333,1.360000000000002,4.209734155810323,16.080000000000002,4.209734155810323,4.242132509522488,1.6219396075589099,29
1391,7.592182246175333,11.920000000000002,0.6911503837897546,2.6400000000000006,0.6911503837897546,6.082593831944412,1.3508819140475514,29
1392,7.592182246175333,3.439999999999998,2.9530970943744057,11.280000000000001,2.9530970943744057,2.6740194812634117,0.5491485153227917,29
1393,7.592182246175333,0.31999999999999706,3.769911184307752,14.400000000000002,3.769911184307752,3.316229705748549,0.9075530051783277,29
1394,7.592182246175333,2.5600000000000023,4.523893421169302,17.28,4.523893421169302,5.61839605097513,1.240042184952043,29
1395,7.592182246175333,0.6400000000000027,4.0212385965949355,15.360000000000003,4.0212385965949355,3.8541341972902337,0.66151449300837,29
1396,7.592182246175333,1.0399999999999983,3.5814156250923643,13.680000000000001,3.5814156250923643,3.0806833029264777,0.780610589235916,29
1397,7.592182246175333,8.959999999999999,1.5079644737231008,5.760000000000001,1.5079644737231008,2.3404171725964686,1.0715076724193464,29
1398,7.592182246175333,3.0400000000000027,4.649557127312894,17.76,4.649557127312894,5.1846374696680355,0.9651331552415219,29
1399,7.592182246175333,0.5599999999999975,3.7070793312359562,14.160000000000002,3.7070793312359562,3.4148315648660392,0.6768586645048517,29
1400,7.592182246175333,7.120000000000004,5.717698629533424,21.840000000000003,5.717698629533424,5.705258797143568,0.4528049561826527,29
1401,7.592182246175333,2.3200000000000034,4.461061568097507,17.040000000000003,4.461061568097507,4.56536753826533,0.8649235689421063,29
1402,7.592182246175333,5.9200000000000035,5.403539364174445,20.640000000000004,5.403539364174445,5.459418809164541,0.3861792614446432,29
1403,7.592182246175333,0.31999999999999706,3.769911184307752,14.400000000000002,3.769911184307752,3.3522811714406315,0.8349246168780802,29
1404,7.592182246175333,9.68,1.3194689145077132,5.040000000000001,1.3194689145077132,1.876667777464548,1.034412199649646,29
1405,7.592182246175333,3.199999999999998,3.0159289474462017,11.520000000000001,3.0159289474462017,2.6943824514665327,0.5481404689187755,29
1406,7.592182246175333,1.7599999999999976,3.392920065876977,12.960000000000003,3.392920065876977,2.8927155196926266,0.7295906443090436,29
1407,7.592182246175333,1.1200000000000034,4.1469023027385274,15.840000000000003,4.1469023027385274,4.070571265680971,0.8790338530255237,29
1408,7.592182246175333,1.0399999999999983,3.5814156250923643,13.680000000000001,3.5814156250923643,2.9640944825959474,0.9020878021989769,29
1409,7.592182246175333,11.119999999999997,0.942477796076938,3.6000000000000005,0.942477796076938,1.2369906471844865,1.6827638409958738,29
1410,7.592182246175333,8.719999999999997,1.5707963267948968,6.000000000000002,1.5707963267948968,2.461263836384077,0.9433511044289643,29
1411,7.592182246175333,4.000000000000004,4.900884539600078,18.720000000000006,4.900884539600078,5.320403778974488,0.7900115509457926,29
1412,7.592182246175333,0.16000000000000195,3.8955748904513436,14.880000000000003,3.8955748904513436,3.6231291362404416,0.779764363289054,29
1413,7.592182246175333,2.8000000000000043,4.586725274241099,17.520000000000003,4.586725274241099,4.907092114070478,0.9033422405364863,29
1414,7.592182246175333,0.31999999999999706,3.769911184307752,14.400000000000002,3.769911184307752,3.555113374204166,0.6103195254225585,29
1415,7.592182246175333,2.8000000000000043,4.586725274241099,17.520000000000003,4.586725274241099,4.72822585145606,0.7549561383577335,29
1416,7.592182246175333,1.8400000000000027,4.335397861953915,16.560000000000002,4.335397861953915,4.4466277482236585,1.1486910489609272,29
1417,7.592182246175333,2.3200000000000034,4.461061568097507,17.040000000000003,4.461061568097507,4.4973945361112735,0.7190629450011072,29
1418,7.592182246175333,1.1200000000000034,4.1469023027385274,15.840000000000003,4.1469023027385274,4.047126985871105,0.7176712958821873,29
1419,7.592182246175333,1.360000000000002,4.209734155810323,16.080000000000002,4.209734155810323,4.1111459326550674,0.8710845035480854,29
1420,7.592182246175333,1.600000000000004,4.272566008882119,16.320000000000004,4.272566008882119,4.274047204658551,1.1721350131833788,29
1421,7.592182246175333,7.999999999999998,1.7592918860102844,6.7200000000000015,1.7592918860102844,2.1400565112332526,0.6374379223447261,29
1422,7.592182246175333,0.5599999999999975,3.7070793312359562,14.160000000000002,3.7070793312359562,2.9136862658296154,1.0457640166461655,29
1423,7.592182246175333,0.4000000000000023,3.9584067435231396,15.120000000000003,3.9584067435231396,3.6798020792615307,1.0453886417048164,29
1424,7.592182246175333,1.5199999999999971,3.455751918948773,13.200000000000003,3.455751918948773,3.0310535340007307,0.6865580899487131,29
1425,7.592182246175333,0.31999999999999706,3.769911184307752,14.400000000000002,3.769911184307752,2.9147406265853677,1.2624285201709042,29
1426,7.592182246175333,7.279999999999999,1.9477874452256718,7.440000000000001,1.9477874452256718,2.5286452054288495,0.6925290194546923,29
1427,7.592182246175333,0.5599999999999975,3.7070793312359562,14.160000000000002,3.7070793312359562,2.9126638970923655,1.0869473692535854,29
1428,7.592182246175333,4.879999999999999,2.5761059759436304,9.840000000000002,2.5761059759436304,2.5813285227873224,0.3656483145170677,29
1429,7.592182246175333,1.0399999999999983,3.5814156250923643,13.680000000000001,3.5814156250923643,3.0761810977596946,0.7870290033662342,29
1430,7.592182246175333,1.0399999999999983,3.5814156250923643,13.680000000000001,3.5814156250923643,3.0818191161275017,0.8219710945572808,29
1431,7.592182246175333,1.5199999999999971,3.455751918948773,13.200000000000003,3.455751918948773,2.9717969997164286,0.7048399355577529,29
1432,7.592182246175333,0.6400000000000027,4.0212385965949355,15.360000000000003,4.0212385965949355,3.9261375156043283,0.3920000488521267,29
1433,7.592182246175333,3.0400000000000027,4.649557127312894,17.76,4.649557127312894,5.699147205423637,1.1478136210122742,29
1434,7.592182246175333,5.599999999999998,2.387610416728243,9.120000000000001,2.387610416728243,2.4899089908797905,0.500845852094214,29
1435,7.592182246175333,3.439999999999998,2.9530970943744057,11.280000000000001,2.9530970943744057,2.717344920459713,0.5269850991015476,29
1436,7.592182246175333,1.279999999999997,3.518583772020569,13.440000000000003,3.518583772020569,3.2185189012765014,0.5943688000733247,29
1437,7.592182246175333,4.1599999999999975,2.7646015351590183,10.560000000000002,2.7646015351590183,2.705678955268702,0.4275514642669515,29
1438,7.592182246175333,6.319999999999998,2.199114857512855,8.4,2.199114857512855,2.3999709362709014,0.4770384465917997,29
1439,7.592182246175333,0.31999999999999706,3.769911184307752,14.400000000000002,3.769911184307752,3.5246163578325005,0.5971608876985177,29
1440,7.592182246175333,5.599999999999998,2.387610416728243,9.120000000000001,2.387610416728243,2.4754157637518155,0.39623332245385123,29
1441,7.592182246175333,1.0399999999999983,3.5814156250923643,13.680000000000001,3.5814156250923643,3.170075997676627,0.7483278561827633,29
1442,7.592182246175333,1.279999999999997,3.518583772020569,13.440000000000003,3.518583772020569,3.1333082934482204,0.6883041238285574,29
1443,7.592182246175333,2.719999999999997,3.1415926535897936,12.000000000000004,3.1415926535897936,2.654799206408958,0.62308627091437,29
1444,7.592182246175333,0.16000000000000195,3.8955748904513436,14.880000000000003,3.8955748904513436,3.6484640860949042,0.8051220750592378,29
1445,7.592182246175333,2.3200000000000034,4.461061568097507,17.040000000000003,4.461061568097507,4.6313597096119095,0.8004371661856469,29
1446,7.592182246175333,3.760000000000002,4.838052686528282,18.48,4.838052686528282,5.587170191405062,0.9305066287471236,29
1447,7.592182246175333,8.24,1.6964600329384885,6.480000000000001,1.6964600329384885,2.4518805880155585,0.8202109312606377,29
1448,7.592182246175333,1.0399999999999983,3.5814156250923643,13.680000000000001,3.5814156250923643,2.9918027201637143,0.8408869056773055,29
1449,7.592182246175333,1.7599999999999976,3.392920065876977,12.960000000000003,3.392920065876977,3.056231776782963,0.5977058385183605,29
1450,7.592182246175333,0.4000000000000023,3.9584067435231396,15.120000000000003,3.9584067435231396,3.631732746675786,1.012949924284749,29
1451,7.592182246175333,1.600000000000004,4.272566008882119,16.320000000000004,4.272566008882119,4.229088481335859,0.6331987179280312,29
1452,7.592182246175333,0.5599999999999975,3.7070793312359562,14.160000000000002,3.7070793312359562,3.3168937720187577,0.776769205566903,29
1453,7.592182246175333,0.4000000000000023,3.9584067435231396,15.120000000000003,3.9584067435231396,3.7796582987203045,0.8167070939563115,29
1454,7.592182246175333,1.600000000000004,4.272566008882119,16.320000000000004,4.272566008882119,4.275142021535779,0.5180218080702406,29
1455,7.592182246175333,0.6400000000000027,4.0212385965949355,15.360000000000003,4.0212385965949355,3.929804482136752,0.5603962497560526,29
1456,7.592182246175333,2.5600000000000023,4.523893421169302,17.28,4.523893421169302,4.676707154823514,0.7957235900318906,29
1457,7.592182246175333,5.680000000000005,5.340707511102649,20.400000000000006,5.340707511102649,5.477424949252388,0.5391784288829884,29
1458,7.592182246175333,3.5200000000000036,4.775220833456486,18.240000000000002,4.775220833456486,4.929006033749238,0.6229660811023948,29
1459,7.592182246175333,1.1200000000000034,4.1469023027385274,15.840000000000003,4.1469023027385274,4.089933741606943,0.8168690412804736,29
1460,7.592182246175333,1.0399999999999983,3.5814156250923643,13.680000000000001,3.5814156250923643,3.3319133194598165,0.573291406860586,29
1461,7.592182246175333,3.2800000000000016,4.71238898038469,18.0,4.71238898038469,4.98005314372321,0.7795447182498592,29
1462,7.592182246175333,1.1200000000000034,4.1469023027385274,15.840000000000003,4.1469023027385274,3.9489244911485657,1.3272795420267476,29
1463,7.592182246175333,6.319999999999998,2.199114857512855,8.4,2.199114857512855,2.456863550979417,0.5232682579683863,29
1464,7.592182246175333,1.600000000000004,4.272566008882119,16.320000000000004,4.272566008882119,4.328841422719526,0.9096317587029418,29
1465,7.592182246175333,1.600000000000004,4.272566008882119,16.320000000000004,4.272566008882119,4.23976459443566,0.615647398562689,29
1466,7.592182246175333,3.9199999999999973,2.8274333882308142,10.800000000000002,2.8274333882308142,2.687100333372714,0.4771565886949004,29
1467,7.592182246175333,3.2800000000000016,4.71238898038469,18.0,4.71238898038469,5.167191569945942,0.9185245850269401,29
1468,7.592182246175333,2.3200000000000034,4.461061568097507,17.040000000000003,4.461061568097507,4.5573315780134696,0.7479874710886676,29
1469,7.592182246175333,1.360000000000002,4.209734155810323,16.080000000000002,4.209734155810323,4.12643933114445,0.6637227534832293,29
1470,7.592182246175333,3.439999999999998,2.9530970943744057,11.280000000000001,2.9530970943744057,2.816707938807336,0.4081659830799075,29
1471,7.592182246175333,5.200000000000005,5.215043804959057,19.920000000000005,5.215043804959057,5.424293793361377,0.57829097745913,29
1472,7.592182246175333,0.5599999999999975,3.7070793312359562,14.160000000000002,3.7070793312359562,3.276962745570398,0.8137388964539446,29
1473,7.592182246175333,2.2399999999999984,3.267256359733385,12.480000000000002,3.267256359733385,2.9217731184602695,0.5686551909399347,29
1474,7.592182246175333,2.0800000000000014,4.39822971502571,16.8,4.39822971502571,4.432133462573859,0.6300133977886776,29
1475,7.592182246175333,1.360000000000002,4.209734155810323,16.080000000000002,4.209734155810323,4.183827506440906,0.5391252603066481,29
1476,7.592182246175333,0.8800000000000013,4.084070449666731,15.600000000000001,4.084070449666731,3.7434197680495,1.3289639782343747,29
1477,7.592182246175333,9.440000000000001,1.3823007675795091,5.280000000000001,1.3823007675795091,2.1878876434592076,1.1146257250142333,29
1478,7.592182246175333,1.8400000000000027,4.335397861953915,16.560000000000002,4.335397861953915,4.383965931004943,0.7379067817766924,29
1479,7.592182246175333,1.7599999999999976,3.392920065876977,12.960000000000003,3.392920065876977,2.8437138623024723,0.7443984114678269,29
1480,7.592182246175333,8.479999999999999,1.6336281798666925,6.240000000000001,1.6336281798666925,2.112819072174529,0.7246279787365391,29
1481,7.592182246175333,4.1599999999999975,2.7646015351590183,10.560000000000002,2.7646015351590183,2.632848803911244,0.514163806764514,29
1482,7.592182246175333,2.719999999999997,3.1415926535897936,12.000000000000004,3.1415926535897936,2.9387917116930358,0.4650392706996408,29
1483,7.592182246175333,1.600000000000004,4.272566008882119,16.320000000000004,4.272566008882119,4.269119680632552,0.9148734355519788,29
1484,7.592182246175333,2.0800000000000014,4.39822971502571,16.8,4.39822971502571,4.857004361122428,1.3486547093511398,29
1485,7.592182246175333,0.7999999999999978,3.6442474781641603,13.920000000000002,3.6442474781641603,2.963486681257543,0.9735430548082143,29
1486,7.592182246175333,1.360000000000002,4.209734155810323,16.080000000000002,4.209734155810323,4.090747518146598,1.1247785625929856,29
1487,7.592182246175333,0.6400000000000027,4.0212385965949355,15.360000000000003,4.0212385965949355,3.8448802316567185,0.9942305037487089,29
1488,7.592182246175333,1.0399999999999983,3.5814156250923643,13.680000000000001,3.5814156250923643,3.290791475314801,0.6488967443786058,29
1489,7.592182246175333,0.7999999999999978,3.6442474781641603,13.920000000000002,3.6442474781641603,3.241060575627362,0.7717379853863752,29
1490,7.592182246175333,1.8400000000000027,4.335397861953915,16.560000000000002,4.335397861953915,5.206191958783877,1.7031004954498563,29
1491,7.592182246175333,1.999999999999998,3.330088212805181,12.720000000000002,3.330088212805181,2.9629129363995803,0.5807787781474781,29
1492,7.592182246175333,0.6400000000000027,4.0212385965949355,15.360000000000003,4.0212385965949355,3.7828364761304134,1.047711971829598,29
1493,7.592182246175333,2.3200000000000034,4.461061568097507,17.040000000000003,4.461061568097507,5.177087671271284,1.3431452649791014,29
1494,7.592182246175333,1.1200000000000034,4.1469023027385274,15.840000000000003,4.1469023027385274,3.9992306179061825,0.9530324762816375,29
1495,7.592182246175333,1.5199999999999971,3.455751918948773,13.200000000000003,3.455751918948773,2.9554544954208475,0.726851489323644,29
1496,7.592182246175333,1.360000000000002,4.209734155810323,16.080000000000002,4.209734155810323,4.128655756014414,0.6195319584441901,29
1497,7.592182246175333,2.8000000000000043,4.586725274241099,17.520000000000003,4.586725274241099,4.692092699937968,0.5832209840764394,29
1498,7.592182246175333,1.360000000000002,4.209734155810323,16.080000000000002,4.209734155810323,4.150985127707472,0.6711618221416692,29
1499,7.592182246175333,10.879999999999999,1.0053096491487339,3.8400000000000007,1.0053096491487339,1.3306690668553887,1.3763652348878754,29
1500,7.592182246175333,1.1200000000000034,4.1469023027385274,15.840000000000003,4.1469023027385274,4.0682102655065915,0.4412556234938622,29
1501,7.592182246175333,1.600000000000004,4.272566008882119,16.320000000000004,4.272566008882119,4.206755190507691,0.4905381208323533,29
1502,7.592182246175333,2.3200000000000034,4.461061568097507,17.040000000000003,4.461061568097507,4.558210055197387,0.6524267106733165,29
1503,7.592182246175333,1.600000000000004,4.272566008882119,16.320000000000004,4.272566008882119,4.210629324573798,0.5887816071878389,29
1504,7.592182246175333,1.360000000000002,4.209734155810323,16.080000000000002,4.209734155810323,4.11447203773761,0.7092460214283535,29
1505,7.592182246175333,0.07999999999999673,3.832743037379548,14.640000000000002,3.832743037379548,3.574432150585864,0.7408912329856179,29
1506,7.592182246175333,1.5199999999999971,3.455751918948773,13.200000000000003,3.455751918948773,2.851415300144993,0.7973572186337304,29
1507,7.592182246175333,1.360000000000002,4.209734155810323,16.080000000000002,4.209734155810323,4.199899979497266,0.6890565128160673,29
1508,7.592182246175333,0.8800000000000013,4.084070449666731,15.600000000000001,4.084070449666731,3.99090510280385,0.7258767924110365,29
1509,7.592182246175333,1.1200000000000034,4.1469023027385274,15.840000000000003,4.1469023027385274,4.047973257613799,0.5054271180794783,29
1510,7.592182246175333,0.8800000000000013,4.084070449666731,15.600000000000001,4.084070449666731,3.9385153270647617,0.7046788194972418,29
1511,7.592182246175333,0.31999999999999706,3.769911184307752,14.400000000000002,3.769911184307752,3.574475832801894,0.543853636110744,29
1512,7.592182246175333,1.279999999999997,3.518583772020569,13.440000000000003,3.518583772020569,2.9195912481362423,0.8420369459953403,29
1513,7.592182246175333,3.0400000000000027,4.649557127312894,17.76,4.649557127312894,4.902376362483826,0.8021958734327658,29
1514,7.592182246175333,4.240000000000003,4.9637163926718735,18.960000000000004,4.9637163926718735,5.389732531834404,0.7322883981535789,29
1515,7.592182246175333,0.6400000000000027,4.0212385965949355,15.360000000000003,4.0212385965949355,3.784445381074062,1.0133233773753012,29
1516,7.592182246175333,1.1200000000000034,4.1469023027385274,15.840000000000003,4.1469023027385274,4.093299911891099,0.544854475666582,29
1517,7.592182246175333,2.0800000000000014,4.39822971502571,16.8,4.39822971502571,4.554022137851447,0.8839233600356431,29
1518,7.592182246175333,8.959999999999999,1.5079644737231008,5.760000000000001,1.5079644737231008,2.374451866800385,0.9961547148420514,29
1519,7.592182246175333,1.360000000000002,4.209734155810323,16.080000000000002,4.209734155810323,4.186433433540678,1.0759328929935057,29
1520,7.592182246175333,3.0400000000000027,4.649557127312894,17.76,4.649557127312894,4.842471373433561,0.746667391322885,29
1521,7.592182246175333,0.5599999999999975,3.7070793312359562,14.160000000000002,3.7070793312359562,3.2720557853242735,0.8671033111667836,29
1522,7.592182246175333,3.679999999999999,2.8902652413026098,11.040000000000001,2.8902652413026098,2.7408998913253395,0.4519217988780603,29
1523,7.592182246175333,4.1599999999999975,2.7646015351590183,10.560000000000002,2.7646015351590183,2.597957643744484,0.5275731994289152,29
1524,7.592182246175333,9.919999999999998,1.2566370614359172,4.800000000000001,1.2566370614359172,2.351330984505027,1.3890148359168657,29
1525,7.592182246175333,8.479999999999999,1.6336281798666925,6.240000000000001,1.6336281798666925,2.2432278120695317,0.7859611048087819,29
1526,7.592182246175333,9.919999999999998,1.2566370614359172,4.800000000000001,1.2566370614359172,2.111009550927381,1.3236664833494092,29
1527,7.592182246175333,0.6400000000000027,4.0212385965949355,15.360000000000003,4.0212385965949355,3.5937692333131506,1.3456790680486586,29
1528,7.592182246175333,1.5199999999999971,3.455751918948773,13.200000000000003,3.455751918948773,2.6917496742371143,0.8345123538165625,29
1529,7.592182246175333,3.0400000000000027,4.649557127312894,17.76,4.649557127312894,5.417971220198633,1.1299749640103571,29
1530,7.592182246175333,4.720000000000003,5.089380098815465,19.440000000000005,5.089380098815465,5.427763246318404,0.6460343719112367,29
1531,7.592182246175333,9.68,1.3194689145077132,5.040000000000001,1.3194689145077132,1.9786886714344774,1.1223455486456249,29
1532,7.592182246175333,1.999999999999998,3.330088212805181,12.720000000000002,3.330088212805181,3.0457781430742648,0.5575221803436662,29
1533,7.592182246175333,1.8400000000000027,4.335397861953915,16.560000000000002,4.335397861953915,4.974424674249775,1.694976821559888,29
1534,7.592182246175333,0.8800000000000013,4.084070449666731,15.600000000000001,4.084070449666731,3.9185609517605027,1.3207610992388221,29
1535,7.592182246175333,7.76,1.8221237390820801,6.960000000000001,1.8221237390820801,2.4815183204777957,0.7360950690300571,29
1536,7.592182246175333,0.4000000000000023,3.9584067435231396,15.120000000000003,3.9584067435231396,3.745968544577679,0.8360146043147141,29
1537,7.592182246175333,1.999999999999998,3.330088212805181,12.720000000000002,3.330088212805181,2.9830797959479973,0.6159946783783838,29
1538,7.592182246175333,0.31999999999999706,3.769911184307752,14.400000000000002,3.769911184307752,3.409389031276889,0.7732909314056735,29
1539,7.592182246175333,7.999999999999998,1.7592918860102844,6.7200000000000015,1.7592918860102844,2.562068622526882,0.806853112385315,29
1540,7.592182246175333,1.7599999999999976,3.392920065876977,12.960000000000003,3.392920065876977,2.669322473781836,0.7916185146512121,29
1541,7.592182246175333,1.360000000000002,4.209734155810323,16.080000000000002,4.209734155810323,4.197696837036963,0.653784028846713,29
1542,7.592182246175333,9.440000000000001,1.3823007675795091,5.280000000000001,1.3823007675795091,2.465251592444103,1.331355170249535,29
1543,7.592182246175333,1.5199999999999971,3.455751918948773,13.200000000000003,3.455751918948773,2.8964224817192363,0.7900807796972799,29
1544,7.592182246175333,1.279999999999997,3.518583772020569,13.440000000000003,3.518583772020569,3.241505675059519,0.5682863868616275,29
1545,7.592182246175333,10.16,1.1938052083641215,4.5600000000000005,1.1938052083641215,2.5305763254187075,1.6640629344639637,29
1546,7.592182246175333,1.0399999999999983,3.5814156250923643,13.680000000000001,3.5814156250923643,3.241881015226019,0.6200921028323643,29
1547,7.592182246175333,0.4000000000000023,3.9584067435231396,15.120000000000003,3.9584067435231396,3.8194967930851385,0.7046242363155378,29
1548,7.592182246175333,1.8400000000000027,4.335397861953915,16.560000000000002,4.335397861953915,4.473300468979984,1.1516356011209494,29
1549,7.592182246175333,6.799999999999998,2.0734511513692637,7.920000000000002,2.0734511513692637,2.3669449424879763,0.5155374081117099,29
1550,7.592182246175333,1.7599999999999976,3.392920065876977,12.960000000000003,3.392920065876977,2.7511047214499027,0.7518757593509314,29
1551,7.592182246175333,1.999999999999998,3.330088212805181,12.720000000000002,3.330088212805181,3.0915275622045697,0.4782992012649381,29
1552,7.592182246175333,8.24,1.6964600329384885,6.480000000000001,1.6964600329384885,2.2719957684014003,0.7473275887618939,29
1553,7.592182246175333,7.04,2.0106192982974678,7.6800000000000015,2.0106192982974678,2.331476117046522,0.5386466519042709,29
1554,7.592182246175333,4.1599999999999975,2.7646015351590183,10.560000000000002,2.7646015351590183,2.6044629803498642,0.5074470313301106,29
1555,7.592182246175333,2.0800000000000014,4.39822971502571,16.8,4.39822971502571,4.517188468933021,0.849807255000336,29
1556,7.592182246175333,3.0400000000000027,4.649557127312894,17.76,4.649557127312894,4.931641337237716,0.87892481832557,29
1557,7.592182246175333,1.8400000000000027,4.335397861953915,16.560000000000002,4.335397861953915,4.357903095469628,0.8965265532837028,29
1558,7.592182246175333,0.6400000000000027,4.0212385965949355,15.360000000000003,4.0212385965949355,3.570019828632129,1.4368577469015162,29
1559,7.592182246175333,2.3200000000000034,4.461061568097507,17.040000000000003,4.461061568097507,4.6176421108276315,0.8709539485217587,29
1560,7.592182246175333,1.600000000000004,4.272566008882119,16.320000000000004,4.272566008882119,4.248315155144164,0.473165083643213,29
1561,7.592182246175333,1.1200000000000034,4.1469023027385274,15.840000000000003,4.1469023027385274,4.05326480090316,0.7791723275479902,29
1562,7.592182246175333,11.119999999999997,0.942477796076938,3.6000000000000005,0.942477796076938,0.9294929859208481,0.6611454490861902,29
1563,7.592182246175333,1.5199999999999971,3.455751918948773,13.200000000000003,3.455751918948773,3.1390728970511095,0.5896813823346796,29
1564,7.592182246175333,1.360000000000002,4.209734155810323,16.080000000000002,4.209734155810323,4.213647679283917,0.7526300058472698,29
1565,7.592182246175333,2.5600000000000023,4.523893421169302,17.28,4.523893421169302,4.6432847695891795,0.6895626176396894,29
1566,7.592182246175333,1.360000000000002,4.209734155810323,16.080000000000002,4.209734155810323,4.175380540284364,0.7691907763839781,29
1567,7.592182246175333,0.16000000000000195,3.8955748904513436,14.880000000000003,3.8955748904513436,3.7570087473915286,0.6131456340998017,29
1568,7.592182246175333,0.8800000000000013,4.084070449666731,15.600000000000001,4.084070449666731,4.012561161722569,0.7264095765344188,29
1569,7.592182246175333,3.9199999999999973,2.8274333882308142,10.800000000000002,2.8274333882308142,2.7625260424407325,0.33425324052049527,29
1570,7.592182246175333,0.6400000000000027,4.0212385965949355,15.360000000000003,4.0212385965949355,3.932772633646151,0.5445105429015339,29
1571,7.592182246175333,1.0399999999999983,3.5814156250923643,13.680000000000001,3.5814156250923643,3.2220457838754277,0.6694071419360872,29
1572,7.592182246175333,0.31999999999999706,3.769911184307752,14.400000000000002,3.769911184307752,3.1213156024744015,1.0317785911826454,29
1573,7.592182246175333,0.6400000000000027,4.0212385965949355,15.360000000000003,4.0212385965949355,3.241795932456564,1.615439741553475,29
1574,7.592182246175333,2.719999999999997,3.1415926535897936,12.000000000000004,3.1415926535897936,2.797598207016659,0.5528701008497059,29
1575,7.592182246175333,1.7599999999999976,3.392920065876977,12.960000000000003,3.392920065876977,2.9099556338591652,0.6787803650198243,29
1576,7.592182246175333,1.1200000000000034,4.1469023027385274,15.840000000000003,4.1469023027385274,3.929431440285922,1.3089625640953775,29
1577,7.592182246175333,0.07999999999999673,3.832743037379548,14.640000000000002,3.832743037379548,3.526794967548004,0.8668536372722638,29
1578,7.592182246175333,1.1200000000000034,4.1469023027385274,15.840000000000003,4.1469023027385274,4.080527141467299,0.5051976057903372,29
1579,7.592182246175333,0.31999999999999706,3.769911184307752,14.400000000000002,3.769911184307752,3.42123958410306,0.7557931039649971,29
1580,7.592182246175333,1.8400000000000027,4.335397861953915,16.560000000000002,4.335397861953915,4.331825426199078,0.8354501784970115,29
1581,7.592182246175333,1.1200000000000034,4.1469023027385274,15.840000000000003,4.1469023027385274,4.021783535365824,0.7722210804464433,29
1582,7.592182246175333,7.999999999999998,1.7592918860102844,6.7200000000000015,1.7592918860102844,2.4752330340493427,0.7725488570331039,29
1583,7.592182246175333,0.4000000000000023,3.9584067435231396,15.120000000000003,3.9584067435231396,3.701800013505902,1.0320126805717422,29
1584,7.592182246175333,2.3200000000000034,4.461061568097507,17.040000000000003,4.461061568097507,4.628488468337284,0.9251278425906797,29
1585,7.592182246175333,0.07999999999999673,3.832743037379548,14.640000000000002,3.832743037379548,3.6736757837255136,0.5058193568872255,29
1586,7.592182246175333,6.319999999999998,2.199114857512855,8.4,2.199114857512855,2.405358895060541,0.5011987426066963,29
1587,7.592182246175333,0.31999999999999706,3.769911184307752,14.400000000000002,3.769911184307752,3.4748782413505213,0.7381922966863564,29
1588,7.592182246175333,0.07999999999999673,3.832743037379548,14.640000000000002,3.832743037379548,3.5247406538159605,0.8856941233605093,29
1589,7.592182246175333,1.279999999999997,3.518583772020569,13.440000000000003,3.518583772020569,2.914342779326184,0.795954059197949,29
1590,7.592182246175333,3.439999999999998,2.9530970943744057,11.280000000000001,2.9530970943744057,2.7323552239279416,0.49603637904399844,29
1591,7.592182246175333,0.7999999999999978,3.6442474781641603,13.920000000000002,3.6442474781641603,3.0307371675637897,0.939035404351608,29
1592,7.592182246175333,3.199999999999998,3.0159289474462017,11.520000000000001,3.0159289474462017,2.7567327011190645,0.5084358404684827,29
1593,7.592182246175333,7.519999999999998,1.884955592153876,7.200000000000001,1.884955592153876,1.9002614585222515,0.19893974794455974,29
1594,7.592182246175333,2.5600000000000023,4.523893421169302,17.28,4.523893421169302,4.598655391561195,0.5686892588273839,29
1595,7.592182246175333,6.799999999999998,2.0734511513692637,7.920000000000002,2.0734511513692637,2.4484960489919194,0.5785423145617234,29
1596,7.592182246175333,1.279999999999997,3.518583772020569,13.440000000000003,3.518583772020569,3.0382041828313056,0.6977269979237714,29
1597,7.592182246175333,10.64,1.0681415022205298,4.080000000000001,1.0681415022205298,1.4979891033334962,1.612262744887922,29
1598,7.592182246175333,2.8000000000000043,4.586725274241099,17.520000000000003,4.586725274241099,4.8020987816068486,0.8044643787750839,29
1599,7.592182246175333,0.5599999999999975,3.7070793312359562,14.160000000000002,3.7070793312359562,2.7214368517538237,1.0899820756021406,29
1600,7.592182246175333,4.399999999999998,2.7017696820872223,10.320000000000002,2.7017696820872223,2.6148911180437264,0.4678372091078263,29
1601,7.592182246175333,0.8800000000000013,4.084070449666731,15.600000000000001,4.084070449666731,4.000537924602639,0.8345356156169691,29
1602,7.592182246175333,2.0800000000000014,4.39822971502571,16.8,4.39822971502571,4.503771570789368,0.9023623984445323,29
1603,7.592182246175333,1.279999999999997,3.518583772020569,13.440000000000003,3.518583772020569,3.1651099509707072,0.6465766547726544,29
1604,7.592182246175333,9.280000000000001,0.0,0.0,0.0,5.87807977880801,0.6827680250137412,29
1605,7.592182246175333,4.879999999999999,2.5761059759436304,9.840000000000002,2.5761059759436304,2.5678215498700974,0.43658078392273364,29
1606,7.592182246175333,5.119999999999997,2.5132741228718345,9.600000000000001,2.5132741228718345,2.540677756312278,0.36203854609860764,29
1607,7.592182246175333,1.8400000000000027,4.335397861953915,16.560000000000002,4.335397861953915,5.112646475094728,1.6379869248603445,29
1608,7.592182246175333,1.5199999999999971,3.455751918948773,13.200000000000003,3.455751918948773,2.6379427085218623,0.897661784253976,29
1609,7.592182246175333,1.279999999999997,3.518583772020569,13.440000000000003,3.518583772020569,3.1059139769151605,0.720285393934944,29
1610,7.592182246175333,1.0399999999999983,3.5814156250923643,13.680000000000001,3.5814156250923643,3.324741919667183,0.6083771956350313,29
1611,7.592182246175333,0.8800000000000013,4.084070449666731,15.600000000000001,4.084070449666731,3.6689606656042084,1.482345977950656,29
1612,7.592182246175333,0.07999999999999673,3.832743037379548,14.640000000000002,3.832743037379548,3.094445083390507,1.153635706396487,29
1613,7.592182246175333,0.7999999999999978,3.6442474781641603,13.920000000000002,3.6442474781641603,3.3028637999500368,0.6751851116168028,29
1614,7.592182246175333,0.5599999999999975,3.7070793312359562,14.160000000000002,3.7070793312359562,3.3526228914530587,0.7103692190256988,29
1615,7.592182246175333,9.440000000000001,1.3823007675795091,5.280000000000001,1.3823007675795091,2.1595024069513,1.1203390599293572,29
1616,7.592182246175333,1.1200000000000034,4.1469023027385274,15.840000000000003,4.1469023027385274,4.088489359432533,0.812448224698602,29
1617,7.592182246175333,6.559999999999996,2.1362830044410597,8.160000000000002,2.1362830044410597,2.4611240771322587,0.566394758861358,29
1618,7.592182246175333,1.999999999999998,3.330088212805181,12.720000000000002,3.330088212805181,2.649054538699547,0.7563333565583873,29
1619,7.592182246175333,2.4799999999999986,3.204424506661589,12.240000000000002,3.204424506661589,2.6610297885056013,0.6807554633391536,29
1620,7.592182246175333,1.279999999999997,3.518583772020569,13.440000000000003,3.518583772020569,2.6869427905232977,0.8784351467451124,29
1621,7.592182246175333,1.0399999999999983,3.5814156250923643,13.680000000000001,3.5814156250923643,3.079188393369285,0.8334082245844125,29
1622,7.592182246175333,2.2399999999999984,3.267256359733385,12.480000000000002,3.267256359733385,2.82945323366635,0.6246534629541628,29
1623,7.592182246175333,6.319999999999998,2.199114857512855,8.4,2.199114857512855,2.3926926815241183,0.4627840585569976,29
1624,7.592182246175333,1.999999999999998,3.330088212805181,12.720000000000002,3.330088212805181,2.7828919622760533,0.6842693942311574,29
1625,7.592182246175333,11.599999999999998,0.8168140899333463,3.1200000000000006,0.8168140899333463,0.379672047250808,1.4442333789967812,29
1626,7.592182246175333,0.16000000000000195,3.8955748904513436,14.880000000000003,3.8955748904513436,3.74628400143945,0.6129501948137526,29
1627,7.592182246175333,6.079999999999999,2.261946710584651,8.64,2.261946710584651,2.3556187796228714,0.36637227413443474,29
1628,7.592182246175333,1.1200000000000034,4.1469023027385274,15.840000000000003,4.1469023027385274,4.068057073321566,1.1402031694625465,29
1629,7.592182246175333,7.76,1.8221237390820801,6.960000000000001,1.8221237390820801,2.5387244225448606,0.7412970727485124,29
1630,7.592182246175333,3.9199999999999973,2.8274333882308142,10.800000000000002,2.8274333882308142,2.6221557245319116,0.5282008011179388,29
1631,7.592182246175333,1.7599999999999976,3.392920065876977,12.960000000000003,3.392920065876977,2.796685805900594,0.7403981729543746,29
1632,7.592182246175333,0.7999999999999978,3.6442474781641603,13.920000000000002,3.6442474781641603,3.194758378676945,0.7604698828027855,29
1633,7.592182246175333,1.1200000000000034,4.1469023027385274,15.840000000000003,4.1469023027385274,3.839789261408517,1.7780999238133006,29
1634,7.592182246175333,0.31999999999999706,3.769911184307752,14.400000000000002,3.769911184307752,2.9509683402198768,1.1642299491602262,29
1635,7.592182246175333,9.440000000000001,1.3823007675795091,5.280000000000001,1.3823007675795091,2.4052187198775705,1.218110973072837,29
1636,7.592182246175333,3.0400000000000027,4.649557127312894,17.76,4.649557127312894,5.157048603737931,1.0110292792994324,29
1637,7.592182246175333,0.8800000000000013,4.084070449666731,15.600000000000001,4.084070449666731,3.723754392566279,1.6183688101721556,29
1638,7.592182246175333,1.1200000000000034,4.1469023027385274,15.840000000000003,4.1469023027385274,4.028293257289519,0.7619823605749114,29
1639,7.592182246175333,0.6400000000000027,4.0212385965949355,15.360000000000003,4.0212385965949355,3.659140437377859,1.4333094338393793,29
1640,7.592182246175333,1.1200000000000034,4.1469023027385274,15.840000000000003,4.1469023027385274,4.070619928568229,0.9740062987839054,29
1641,7.592182246175333,1.1200000000000034,4.1469023027385274,15.840000000000003,4.1469023027385274,4.040304249303423,0.6137444823584653,29
1642,7.592182246175333,0.8800000000000013,4.084070449666731,15.600000000000001,4.084070449666731,3.9593040184472215,0.7452625722978421,29
1643,7.592182246175333,3.439999999999998,2.9530970943744057,11.280000000000001,2.9530970943744057,2.806326267344066,0.4295569363290757,29
1644,7.592182246175333,2.8000000000000043,4.586725274241099,17.520000000000003,4.586725274241099,4.854783127090336,0.9305260649639294,29
1645,7.592182246175333,1.0399999999999983,3.5814156250923643,13.680000000000001,3.5814156250923643,3.2933444276905455,0.5496655723581572,29
1646,7.592182246175333,0.16000000000000195,3.8955748904513436,14.880000000000003,3.8955748904513436,3.6966304781113517,0.5692229460841164,29
1647,7.592182246175333,5.440000000000003,5.277875658030853,20.160000000000004,5.277875658030853,5.473382128668656,0.5568715873605368,29
1648,7.592182246175333,0.16000000000000195,3.8955748904513436,14.880000000000003,3.8955748904513436,2.568293334209443,1.7014918998724688,29
1649,7.592182246175333,0.31999999999999706,3.769911184307752,14.400000000000002,3.769911184307752,3.4946377290212705,0.6946425333419642,29
1650,7.592182246175333,1.8400000000000027,4.335397861953915,16.560000000000002,4.335397861953915,4.374586400669462,0.5846539973841205,29
1651,7.592182246175333,1.279999999999997,3.518583772020569,13.440000000000003,3.518583772020569,3.2388652681621726,0.5609903940328642,29
1652,7.592182246175333,3.2800000000000016,4.71238898038469,18.0,4.71238898038469,5.420814551476671,0.9943789264351274,29
1653,7.592182246175333,1.360000000000002,4.209734155810323,16.080000000000002,4.209734155810323,4.158264992132813,0.610008073743607,29
1654,7.592182246175333,0.7999999999999978,3.6442474781641603,13.920000000000002,3.6442474781641603,3.3713216161109787,0.5795044890523616,29
1655,7.592182246175333,1.360000000000002,4.209734155810323,16.080000000000002,4.209734155810323,4.141804847993178,1.174095246300485,29
1656,7.592182246175333,2.8000000000000043,4.586725274241099,17.520000000000003,4.586725274241099,4.856222453645147,0.9401773619633275,29
1657,7.592182246175333,4.240000000000003,4.9637163926718735,18.960000000000004,4.9637163926718735,5.340014406903714,0.7034622279403615,29
1658,7.592182246175333,0.07999999999999673,3.832743037379548,14.640000000000002,3.832743037379548,3.0465335738572685,1.2419432668299124,29
1659,7.592182246175333,6.880000000000005,5.6548667764616285,21.600000000000005,5.6548667764616285,5.676235196198751,0.49595459324172586,29
1660,7.592182246175333,2.3200000000000034,4.461061568097507,17.040000000000003,4.461061568097507,4.612782873875484,0.8315725449950344,29
1661,7.592182246175333,1.1200000000000034,4.1469023027385274,15.840000000000003,4.1469023027385274,4.03949481774252,0.5992509003331479,29
1662,7.592182246175333,0.4000000000000023,3.9584067435231396,15.120000000000003,3.9584067435231396,3.7135288775478688,0.902490914890159,29
1663,7.592182246175333,1.279999999999997,3.518583772020569,13.440000000000003,3.518583772020569,3.0795054650417297,0.73979573050129,29
1664,7.592182246175333,1.1200000000000034,4.1469023027385274,15.840000000000003,4.1469023027385274,4.038638241380651,0.6153644873734311,29
1665,7.592182246175333,0.4000000000000023,3.9584067435231396,15.120000000000003,3.9584067435231396,3.499843597159095,1.260851296621315,29
1666,7.592182246175333,2.3200000000000034,4.461061568097507,17.040000000000003,4.461061568097507,4.521452333455196,0.5968518738377502,29
1667,7.592182246175333,0.8800000000000013,4.084070449666731,15.600000000000001,4.084070449666731,3.9258299914468746,1.1646759509785096,29
1668,7.592182246175333,0.16000000000000195,3.8955748904513436,14.880000000000003,3.8955748904513436,3.608598541684701,0.9355422239506067,29
1669,7.592182246175333,5.119999999999997,2.5132741228718345,9.600000000000001,2.5132741228718345,2.538723594747482,0.41797041872014984,29
1670,7.592182246175333,4.480000000000001,5.026548245743669,19.200000000000003,5.026548245743669,5.441856609369449,0.7274519800103633,29
1671,7.592182246175333,10.64,1.0681415022205298,4.080000000000001,1.0681415022205298,1.802933178933862,1.760690392008443,29
1672,7.592182246175333,0.07999999999999673,3.832743037379548,14.640000000000002,3.832743037379548,2.9072659968426504,1.2835819179950974,29
1673,7.592182246175333,6.640000000000003,5.592034923389832,21.360000000000003,5.592034923389832,5.63263227797668,0.4890218577939051,29
1674,7.592182246175333,0.31999999999999706,3.769911184307752,14.400000000000002,3.769911184307752,3.3788424287348313,0.8955820479613824,29
1675,7.592182246175333,0.7999999999999978,3.6442474781641603,13.920000000000002,3.6442474781641603,3.076413101828322,0.8700415355781315,29
1676,7.592182246175333,1.600000000000004,4.272566008882119,16.320000000000004,4.272566008882119,4.2484350605435,1.0289377492983294,29
1677,7.592182246175333,4.639999999999999,2.6389378290154264,10.080000000000002,2.6389378290154264,2.621968848508239,0.4240058655182177,29
1678,7.592182246175333,9.68,1.3194689145077132,5.040000000000001,1.3194689145077132,2.051748960195855,1.0963514409251505,29
1679,7.592182246175333,4.399999999999998,2.7017696820872223,10.320000000000002,2.7017696820872223,2.6807824730137106,0.3630123605027253,29
1680,7.592182246175333,0.7999999999999978,3.6442474781641603,13.920000000000002,3.6442474781641603,3.0900499686268135,0.9070031660841885,29
1681,7.592182246175333,1.1200000000000034,4.1469023027385274,15.840000000000003,4.1469023027385274,3.920359618773016,1.5027107688684707,29
1682,7.592182246175333,7.76,1.8221237390820801,6.960000000000001,1.8221237390820801,2.5413785652298255,0.7408062051163599,29
1683,7.592182246175333,0.7999999999999978,3.6442474781641603,13.920000000000002,3.6442474781641603,3.141286465604807,0.8317140703775231,29
1684,7.592182246175333,2.0800000000000014,4.39822971502571,16.8,4.39822971502571,4.422671542040169,0.6259572440100044,29
1685,7.592182246175333,3.2800000000000016,4.71238898038469,18.0,4.71238898038469,4.817694054563569,0.5369140475720652,29
1686,7.592182246175333,0.6400000000000027,4.0212385965949355,15.360000000000003,4.0212385965949355,3.8408314742480782,0.8834565885175496,29
1687,7.592182246175333,3.760000000000002,4.838052686528282,18.48,4.838052686528282,5.037192165431069,0.6104634670217267,29
1688,7.592182246175333,1.8400000000000027,4.335397861953915,16.560000000000002,4.335397861953915,4.307829212745709,0.7671567598964485,29
1689,7.592182246175333,3.0400000000000027,4.649557127312894,17.76,4.649557127312894,4.843096190062374,0.6866032371085737,29
1690,7.592182246175333,7.76,1.8221237390820801,6.960000000000001,1.8221237390820801,2.220448127040107,0.6246885051709814,29
1691,7.592182246175333,1.600000000000004,4.272566008882119,16.320000000000004,4.272566008882119,4.375474149144392,1.20398609355629,29
1692,7.592182246175333,8.719999999999997,1.5707963267948968,6.000000000000002,1.5707963267948968,2.39742297907191,0.9646554820355403,29
1693,7.592182246175333,1.8400000000000027,4.335397861953915,16.560000000000002,4.335397861953915,4.404974991326454,0.8964312033699525,29
1694,7.592182246175333,2.5600000000000023,4.523893421169302,17.28,4.523893421169302,4.7992343461108184,0.9229892580385216,29
1695,7.592182246175333,1.8400000000000027,4.335397861953915,16.560000000000002,4.335397861953915,4.3106509919727385,0.5910215758420868,29
1696,7.592182246175333,2.4799999999999986,3.204424506661589,12.240000000000002,3.204424506661589,2.9761108671263794,0.49217956955215597,29
1697,7.592182246175333,3.0400000000000027,4.649557127312894,17.76,4.649557127312894,5.032097411835582,0.9982921612700233,29
1698,7.592182246175333,4.480000000000001,5.026548245743669,19.200000000000003,5.026548245743669,5.251853041373548,0.6064674589105136,29
1699,7.592182246175333,2.5600000000000023,4.523893421169302,17.28,4.523893421169302,4.756859162010224,0.9257504663877624,29
1700,7.592182246175333,0.8800000000000013,4.084070449666731,15.600000000000001,4.084070449666731,3.887462533654153,1.1029257789730553,29
1701,14.137166941154067,2.759999999999993,3.392920065876977,12.960000000000003,3.392920065876977,2.9810891712379295,0.6096246798450644,54
1702,14.137166941154067,2.7600000000000064,4.838052686528282,18.48,4.838052686528282,5.144939409803465,0.7475614050734534,54
1703,14.137166941154067,2.7600000000000064,4.838052686528282,18.48,4.838052686528282,5.240267057324448,0.7473821980506719,54
1704,14.137166941154067,4.920000000000008,5.403539364174445,20.640000000000004,5.403539364174445,5.544639646912489,0.5095583946339635,54
1705,14.137166941154067,3.000000000000009,4.900884539600078,18.720000000000006,4.900884539600078,5.287122106640228,0.7081692624492756,54
1706,14.137166941154067,10.440000000000007,0.5654866776461628,2.16,0.5654866776461628,0.3537956795870282,0.9058750338903597,54
1707,14.137166941154067,1.3199999999999927,3.769911184307752,14.400000000000002,3.769911184307752,3.6169855090912466,0.44507783415229546,54
1708,14.137166941154067,2.040000000000007,4.649557127312894,17.76,4.649557127312894,5.012951248767464,0.9116560432889844,54
1709,14.137166941154067,2.039999999999994,3.5814156250923643,13.680000000000001,3.5814156250923643,2.740626704227122,0.9846935120083737,54
1710,14.137166941154067,4.679999999999994,2.8902652413026098,11.040000000000001,2.8902652413026098,2.812531076179298,0.3904681188492202,54
1711,14.137166941154067,0.6000000000000085,4.272566008882119,16.320000000000004,4.272566008882119,4.212277300680173,0.6655577921785056,54
1712,14.137166941154067,0.12000000000000781,4.1469023027385274,15.840000000000003,4.1469023027385274,4.027402672814478,1.1782754503164805,54
1713,14.137166941154067,1.0799999999999923,3.832743037379548,14.640000000000002,3.832743037379548,3.635606981635805,0.6892367686517477,54
1714,14.137166941154067,9.000000000000005,0.1884955592153876,0.7200000000000001,0.1884955592153876,6.115294231692981,0.7076624534214703,54
1715,14.137166941154067,0.8400000000000072,4.335397861953915,16.560000000000002,4.335397861953915,4.386037222016348,0.9942051929433194,54
1716,14.137166941154067,0.11999999999999424,4.084070449666731,15.600000000000001,4.084070449666731,2.834019650275419,1.8532574300336295,54
1717,14.137166941154067,0.6000000000000085,4.272566008882119,16.320000000000004,4.272566008882119,4.214842737429699,0.5438277480982336,54
1718,14.137166941154067,0.3599999999999929,4.0212385965949355,15.360000000000003,4.0212385965949355,3.655652056678299,1.1623592202070214,54
1719,14.137166941154067,1.559999999999993,3.7070793312359562,14.160000000000002,3.7070793312359562,2.8132906673421023,1.1135047283439987,54
1720,14.137166941154067,2.040000000000007,4.649557127312894,17.76,4.649557127312894,4.932782086029512,0.819620780144118,54
1721,14.137166941154067,2.039999999999994,3.5814156250923643,13.680000000000001,3.5814156250923643,3.3317727201907914,0.592285337527386,54
1722,14.137166941154067,1.3199999999999927,3.769911184307752,14.400000000000002,3.769911184307752,3.469853772951214,0.7586661111802746,54
1723,14.137166941154067,1.0799999999999923,3.832743037379548,14.640000000000002,3.832743037379548,3.141911773420004,1.115799347985122,54
1724,14.137166941154067,2.280000000000006,4.71238898038469,18.0,4.71238898038469,5.078534603828387,0.8086269106972432,54
1725,14.137166941154067,0.5999999999999933,3.9584067435231396,15.120000000000003,3.9584067435231396,3.604089760253348,0.9930568090179493,54
1726,14.137166941154067,10.679999999999994,1.3194689145077132,5.040000000000001,1.3194689145077132,2.327037038712005,1.354496298696762,54
1727,14.137166941154067,10.199999999999994,1.4451326206513049,5.5200000000000005,1.4451326206513049,2.302938469427194,1.0000659321444891,54
1728,14.137166941154067,5.640000000000008,5.592034923389832,21.360000000000003,5.592034923389832,5.598860881099347,0.36724801720201933,54
1729,14.137166941154067,2.2799999999999923,3.518583772020569,13.440000000000003,3.518583772020569,2.8210521291296153,0.8579571267185305,54
1730,14.137166941154067,10.919999999999993,1.2566370614359172,4.800000000000001,1.2566370614359172,1.4232338610979884,0.5926825503927247,54
1731,14.137166941154067,1.0799999999999923,3.832743037379548,14.640000000000002,3.832743037379548,3.7074213157156106,0.4811631566858242,54
1732,14.137166941154067,1.0800000000000058,4.39822971502571,16.8,4.39822971502571,4.767486205383394,1.2920807977613822,54
1733,14.137166941154067,3.2400000000000073,4.9637163926718735,18.960000000000004,4.9637163926718735,5.255288271617966,0.6342854821463274,54
1734,14.137166941154067,1.0799999999999923,3.832743037379548,14.640000000000002,3.832743037379548,3.4462504261952462,0.918239444154616,54
1735,14.137166941154067,0.3600000000000065,4.209734155810323,16.080000000000002,4.209734155810323,4.1792331816259765,0.7184708155977079,54
1736,14.137166941154067,3.239999999999994,3.267256359733385,12.480000000000002,3.267256359733385,2.7983226318756715,0.6150854249903921,54
1737,14.137166941154067,1.8000000000000087,4.586725274241099,17.520000000000003,4.586725274241099,5.046020584094683,0.9784774697107549,54
1738,14.137166941154067,4.200000000000009,5.215043804959057,19.920000000000005,5.215043804959057,5.498476233062753,0.6174061968932455,54
1739,14.137166941154067,2.759999999999993,3.392920065876977,12.960000000000003,3.392920065876977,2.761363389033065,0.8001042150011646,54
1740,14.137166941154067,0.8400000000000072,4.335397861953915,16.560000000000002,4.335397861953915,4.3168935371256705,0.5436706143005124,54
1741,14.137166941154067,0.8399999999999936,3.8955748904513436,14.880000000000003,3.8955748904513436,3.507720529509851,1.1265558976772232,54
1742,14.137166941154067,1.3199999999999927,3.769911184307752,14.400000000000002,3.769911184307752,3.568368084613157,0.5249178617718405,54
1743,14.137166941154067,1.8000000000000087,4.586725274241099,17.520000000000003,4.586725274241099,4.983615571353337,0.93926724097836,54
1744,14.137166941154067,3.9600000000000066,5.152211951887261,19.680000000000003,5.152211951887261,5.365400655773138,0.5413694761441987,54
1745,14.137166941154067,2.280000000000006,4.71238898038469,18.0,4.71238898038469,4.876251004260325,0.5612080947177185,54
1746,14.137166941154067,0.3599999999999929,4.0212385965949355,15.360000000000003,4.0212385965949355,3.8739810705228614,0.6316022409349425,54
1747,14.137166941154067,1.3200000000000078,4.461061568097507,17.040000000000003,4.461061568097507,4.801407334033422,1.2157098816471812,54
1748,14.137166941154067,1.0799999999999923,3.832743037379548,14.640000000000002,3.832743037379548,3.509528040479475,0.8181420871813869,54
1749,14.137166941154067,10.439999999999996,1.3823007675795091,5.280000000000001,1.3823007675795091,2.260861960016545,1.1687987590983775,54
1750,14.137166941154067,1.7999999999999934,3.6442474781641603,13.920000000000002,3.6442474781641603,3.063860423585149,0.9031392720342402,54
1751,14.137166941154067,0.8399999999999936,3.8955748904513436,14.880000000000003,3.8955748904513436,3.2729625269267464,1.2004333822091418,54
1752,14.137166941154067,8.039999999999996,2.0106192982974678,7.6800000000000015,2.0106192982974678,2.344957502391269,0.5428745089015705,54
1753,14.137166941154067,3.720000000000008,5.089380098815465,19.440000000000005,5.089380098815465,5.548701334046784,0.7128780406440358,54
1754,14.137166941154067,9.719999999999994,1.5707963267948968,6.000000000000002,1.5707963267948968,2.31260296205679,0.9973725892054798,54
1755,14.137166941154067,1.7999999999999934,3.6442474781641603,13.920000000000002,3.6442474781641603,3.2155668325194697,0.7426496947540436,54
1756,14.137166941154067,3.720000000000008,5.089380098815465,19.440000000000005,5.089380098815465,5.556485292775913,0.7233376943743034,54
1757,14.137166941154067,1.559999999999993,3.7070793312359562,14.160000000000002,3.7070793312359562,3.1812693315974414,0.9296579593919495,54
1758,14.137166941154067,2.040000000000007,4.649557127312894,17.76,4.649557127312894,5.2388963596956515,1.1309233591776668,54
1759,14.137166941154067,1.0800000000000058,4.39822971502571,16.8,4.39822971502571,5.337662485701847,1.711385213735641,54
1760,14.137166941154067,10.439999999999996,1.3823007675795091,5.280000000000001,1.3823007675795091,1.5439273644058347,0.4580263636314101,54
1761,14.137166941154067,0.6000000000000085,4.272566008882119,16.320000000000004,4.272566008882119,4.230420782105135,0.6586820060172313,54
1762,14.137166941154067,9.479999999999995,1.6336281798666925,6.240000000000001,1.6336281798666925,1.806547025899551,0.47731127507045196,54
1763,14.137166941154067,2.280000000000006,4.71238898038469,18.0,4.71238898038469,5.352160280290431,1.0127884581242863,54
1764,14.137166941154067,3.479999999999994,3.204424506661589,12.240000000000002,3.204424506661589,2.90771082083032,0.5240505327197792,54
1765,14.137166941154067,2.2799999999999923,3.518583772020569,13.440000000000003,3.518583772020569,3.1478162623170007,0.6264145415020983,54
1766,14.137166941154067,0.12000000000000781,4.1469023027385274,15.840000000000003,4.1469023027385274,4.008450015113288,0.7797034878163996,54
1767,14.137166941154067,3.480000000000006,5.026548245743669,19.200000000000003,5.026548245743669,5.2326759058049195,0.5690895563081639,54
1768,14.137166941154067,1.0800000000000058,4.39822971502571,16.8,4.39822971502571,4.419622501419468,0.7037594243538514,54
1769,14.137166941154067,1.5600000000000065,4.523893421169302,17.28,4.523893421169302,4.721695201443584,0.8440933083427189,54
1770,14.137166941154067,0.8400000000000072,4.335397861953915,16.560000000000002,4.335397861953915,4.806338304327423,1.4354933155332559,54
1771,14.137166941154067,2.2799999999999923,3.518583772020569,13.440000000000003,3.518583772020569,2.749293296985581,0.9168091611553246,54
1772,14.137166941154067,4.920000000000008,5.403539364174445,20.640000000000004,5.403539364174445,5.478828164618759,0.4530707586787776,54
1773,14.137166941154067,3.239999999999994,3.267256359733385,12.480000000000002,3.267256359733385,2.9224204050850653,0.5796676448300769,54
1774,14.137166941154067,0.3600000000000065,4.209734155810323,16.080000000000002,4.209734155810323,4.126125529736305,1.1345505252540107,54
1775,14.137166941154067,2.9999999999999933,3.330088212805181,12.720000000000002,3.330088212805181,2.795461199659856,0.6437971760296595,54
1776,14.137166941154067,1.0799999999999923,3.832743037379548,14.640000000000002,3.832743037379548,3.363260150854765,1.0094828776851372,54
1777,14.137166941154067,1.3200000000000078,4.461061568097507,17.040000000000003,4.461061568097507,4.901791480566129,1.2239278919340602,54
1778,14.137166941154067,10.440000000000007,0.5654866776461628,2.16,0.5654866776461628,0.4722089962861656,0.5831746444620969,54
1779,14.137166941154067,3.480000000000006,5.026548245743669,19.200000000000003,5.026548245743669,5.271040996393345,0.6151262762876265,54
1780,14.137166941154067,11.159999999999995,1.1938052083641215,4.5600000000000005,1.1938052083641215,1.3063059668356312,0.516053712196201,54
1781,14.137166941154067,4.200000000000009,5.215043804959057,19.920000000000005,5.215043804959057,5.402550456274186,0.5247559971978512,54
1782,14.137166941154067,10.200000000000008,0.5026548245743669,1.9200000000000004,0.5026548245743669,6.010519479251698,1.1436698869561632,54
1783,14.137166941154067,5.640000000000008,5.592034923389832,21.360000000000003,5.592034923389832,5.617550206811576,0.42208556897239546,54
1784,14.137166941154067,3.9600000000000066,5.152211951887261,19.680000000000003,5.152211951887261,5.2949544024017055,0.5006921673030175,54
1785,14.137166941154067,2.280000000000006,4.71238898038469,18.0,4.71238898038469,4.876796725662944,0.5877266917706805,54
1786,14.137166941154067,1.3199999999999927,3.769911184307752,14.400000000000002,3.769911184307752,3.095658302224546,1.1092357197183897,54
1787,14.137166941154067,0.11999999999999424,4.084070449666731,15.600000000000001,4.084070449666731,3.9799486725230846,0.6528394211313537,54
1788,14.137166941154067,11.879999999999995,1.0053096491487339,3.8400000000000007,1.0053096491487339,1.324344670717803,1.4210285959129485,54
1789,14.137166941154067,0.8400000000000072,4.335397861953915,16.560000000000002,4.335397861953915,4.460480402302942,0.9629474583830702,54
1790,14.137166941154067,0.8399999999999936,3.8955748904513436,14.880000000000003,3.8955748904513436,3.641769644936019,0.7035039921452981,54
1791,14.137166941154067,2.040000000000007,4.649557127312894,17.76,4.649557127312894,4.828509890059999,0.6806218001873945,54
1792,14.137166941154067,1.5600000000000065,4.523893421169302,17.28,4.523893421169302,4.614524506639627,0.7180371176411643,54
1793,14.137166941154067,10.919999999999993,1.2566370614359172,4.800000000000001,1.2566370614359172,1.6516342655890897,1.043624350452444,54
1794,14.137166941154067,10.679999999999994,1.3194689145077132,5.040000000000001,1.3194689145077132,1.426710715304346,0.4133672667587841,54
1795,14.137166941154067,4.679999999999994,2.8902652413026098,11.040000000000001,2.8902652413026098,2.716906252613034,0.49752888215940183,54
1796,14.137166941154067,1.0800000000000058,4.39822971502571,16.8,4.39822971502571,4.450455643529571,0.7241501713729389,54
1797,14.137166941154067,0.8399999999999936,3.8955748904513436,14.880000000000003,3.8955748904513436,3.463282723257962,1.0093575444367853,54
1798,14.137166941154067,1.0799999999999923,3.832743037379548,14.640000000000002,3.832743037379548,3.483159444608582,0.8124253736853843,54
1799,14.137166941154067,1.8000000000000087,4.586725274241099,17.520000000000003,4.586725274241099,4.572299228311203,0.3334811392306427,54
1800,14.137166941154067,0.3599999999999929,4.0212385965949355,15.360000000000003,4.0212385965949355,3.878975662511335,0.654156083209608,54
1801,14.137166941154067,1.3199999999999927,3.769911184307752,14.400000000000002,3.769911184307752,3.200175100207662,1.0283116886731742,54
1802,14.137166941154067,2.280000000000006,4.71238898038469,18.0,4.71238898038469,4.846642960764717,0.5677040177768948,54
1803,14.137166941154067,4.6800000000000095,5.340707511102649,20.400000000000006,5.340707511102649,5.51448085021615,0.5338332323377393,54
1804,14.137166941154067,2.280000000000006,4.71238898038469,18.0,4.71238898038469,4.788358886049284,0.5113733391648582,54
1805,14.137166941154067,5.640000000000008,5.592034923389832,21.360000000000003,5.592034923389832,5.64648009352048,0.5313499874552858,54
1806,14.137166941154067,2.280000000000006,4.71238898038469,18.0,4.71238898038469,5.023102569944548,0.7996248679540222,54
1807,14.137166941154067,0.6000000000000085,4.272566008882119,16.320000000000004,4.272566008882119,4.238449143091197,0.9345828847431117,54
1808,14.137166941154067,1.8000000000000087,4.586725274241099,17.520000000000003,4.586725274241099,4.68251214156137,0.4988288669879086,54
1809,14.137166941154067,0.12000000000000781,4.1469023027385274,15.840000000000003,4.1469023027385274,4.047692258005316,0.5445919799285334,54
1810,14.137166941154067,9.240000000000006,0.25132741228718347,0.9600000000000002,0.25132741228718347,5.913104339678942,0.8051881567392459,54
1811,14.137166941154067,1.0799999999999923,3.832743037379548,14.640000000000002,3.832743037379548,3.667495429441786,0.46310863206432423,54
1812,14.137166941154067,3.479999999999994,3.204424506661589,12.240000000000002,3.204424506661589,2.896012619621952,0.5238002778837421,54
1813,14.137166941154067,0.5999999999999933,3.9584067435231396,15.120000000000003,3.9584067435231396,3.770605084313968,0.677474118516998,54
1814,14.137166941154067,11.159999999999995,1.1938052083641215,4.5600000000000005,1.1938052083641215,1.3713481979986286,0.8056387840055517,54
1815,14.137166941154067,0.12000000000000781,4.1469023027385274,15.840000000000003,4.1469023027385274,4.016295699285615,0.816719235265927,54
1816,14.137166941154067,3.479999999999994,3.204424506661589,12.240000000000002,3.204424506661589,2.793723332670978,0.6033767086882602,54
1817,14.137166941154067,3.239999999999994,3.267256359733385,12.480000000000002,3.267256359733385,2.8661168027522756,0.6004494328940962,54
1818,14.137166941154067,0.12000000000000781,4.1469023027385274,15.840000000000003,4.1469023027385274,4.098902657505253,0.6639814262926842,54
1819,14.137166941154067,1.8000000000000087,4.586725274241099,17.520000000000003,4.586725274241099,5.592495608590569,1.2729526599125918,54
1820,14.137166941154067,3.239999999999994,3.267256359733385,12.480000000000002,3.267256359733385,3.0598816492597414,0.45623291244722614,54
1821,14.137166941154067,1.3199999999999927,3.769911184307752,14.400000000000002,3.769911184307752,3.1894739433986277,1.0342510586928608,54
1822,14.137166941154067,11.880000000000008,0.942477796076938,3.6000000000000005,0.942477796076938,0.8759710294373131,1.3309236774727242,54
1823,14.137166941154067,0.8400000000000072,4.335397861953915,16.560000000000002,4.335397861953915,4.685025356794095,1.541536421541355,54
1824,14.137166941154067,11.399999999999993,1.1309733552923256,4.32,1.1309733552923256,1.9334696786594778,1.615394739767219,54
1825,14.137166941154067,1.0800000000000058,4.39822971502571,16.8,4.39822971502571,4.369593185379628,0.4965065143966143,54
1826,14.137166941154067,2.040000000000007,4.649557127312894,17.76,4.649557127312894,4.823512104911853,0.7204017900078032,54
1827,14.137166941154067,1.8000000000000087,4.586725274241099,17.520000000000003,4.586725274241099,4.881766259392571,0.8733160133859419,54
1828,14.137166941154067,8.280000000000006,0.0,0.0,0.0,5.897792963499016,0.707418606604019,54
1829,14.137166941154067,1.0799999999999923,3.832743037379548,14.640000000000002,3.832743037379548,3.054640212063052,1.156295306238987,54
1830,14.137166941154067,1.5600000000000065,4.523893421169302,17.28,4.523893421169302,4.618526816812215,0.665889608837822,54
1831,14.137166941154067,0.6000000000000085,4.272566008882119,16.320000000000004,4.272566008882119,4.355941765156683,1.6602334900378608,54
1832,14.137166941154067,10.440000000000007,0.5654866776461628,2.16,0.5654866776461628,5.831516334024069,1.238956516866659,54
1833,14.137166941154067,8.519999999999992,1.884955592153876,7.200000000000001,1.884955592153876,2.062030463435977,0.4146823325708312,54
1834,14.137166941154067,10.680000000000009,0.6283185307179586,2.4000000000000004,0.6283185307179586,0.41924112351274107,0.9666902827199905,54
1835,14.137166941154067,1.8000000000000087,4.586725274241099,17.520000000000003,4.586725274241099,4.963870790621174,0.9767175823317377,54
1836,14.137166941154067,0.3600000000000065,4.209734155810323,16.080000000000002,4.209734155810323,4.17273917098276,1.3473140560996413,54
1837,14.137166941154067,0.11999999999999424,4.084070449666731,15.600000000000001,4.084070449666731,3.5490715930860004,1.7576485911115067,54
1838,14.137166941154067,0.8400000000000072,4.335397861953915,16.560000000000002,4.335397861953915,4.3163967884507155,0.7465559184377312,54
1839,14.137166941154067,0.11999999999999424,4.084070449666731,15.600000000000001,4.084070449666731,3.8391065351601026,1.0727441694990716,54
1840,14.137166941154067,0.11999999999999424,4.084070449666731,15.600000000000001,4.084070449666731,3.868693244201257,1.2965740345875467,54
1841,14.137166941154067,0.5999999999999933,3.9584067435231396,15.120000000000003,3.9584067435231396,3.607902790497782,0.9938126341435257,54
1842,14.137166941154067,0.8399999999999936,3.8955748904513436,14.880000000000003,3.8955748904513436,3.6733245089652593,0.7160843742132791,54
1843,14.137166941154067,4.439999999999994,2.9530970943744057,11.280000000000001,2.9530970943744057,2.640083231759371,0.5753480118873343,54
1844,14.137166941154067,0.11999999999999424,4.084070449666731,15.600000000000001,4.084070449666731,3.2509102093367837,1.8685283532330708,54
1845,14.137166941154067,0.8400000000000072,4.335397861953915,16.560000000000002,4.335397861953915,4.2822745508932165,0.4600537258298535,54
1846,14.137166941154067,0.3599999999999929,4.0212385965949355,15.360000000000003,4.0212385965949355,3.8827375493481084,0.7128699292422522,54
1847,14.137166941154067,2.040000000000007,4.649557127312894,17.76,4.649557127312894,5.293015235965347,1.0578275216112678,54
1848,14.137166941154067,1.0800000000000058,4.39822971502571,16.8,4.39822971502571,4.464895568496065,0.6470718642706416,54
1849,14.137166941154067,1.3199999999999927,3.769911184307752,14.400000000000002,3.769911184307752,3.524481892710301,0.7193460005748363,54
1850,14.137166941154067,0.8400000000000072,4.335397861953915,16.560000000000002,4.335397861953915,4.3399507696118915,0.55119203695136,54
1851,14.137166941154067,2.519999999999993,3.455751918948773,13.200000000000003,3.455751918948773,2.9357297648843708,0.7416117357238456,54
1852,14.137166941154067,1.0799999999999923,3.832743037379548,14.640000000000002,3.832743037379548,3.556124161827168,0.7659076395075831,54
1853,14.137166941154067,0.11999999999999424,4.084070449666731,15.600000000000001,4.084070449666731,3.9826867550010236,0.8823874320895752,54
1854,14.137166941154067,0.3599999999999929,4.0212385965949355,15.360000000000003,4.0212385965949355,3.833237898932222,0.6930257205609665,54
1855,14.137166941154067,10.439999999999996,1.3823007675795091,5.280000000000001,1.3823007675795091,2.074726885327529,1.1198450375194295,54
1856,14.137166941154067,0.8399999999999936,3.8955748904513436,14.880000000000003,3.8955748904513436,3.788038333238186,0.5153714399325957,54
1857,14.137166941154067,0.12000000000000781,4.1469023027385274,15.840000000000003,4.1469023027385274,4.058321972510106,0.47659221820687736,54
1858,14.137166941154067,5.640000000000008,5.592034923389832,21.360000000000003,5.592034923389832,5.658634522252018,0.4982958299146933,54
1859,14.137166941154067,9.719999999999994,1.5707963267948968,6.000000000000002,1.5707963267948968,2.4558753957468342,0.9662059198859334,54
1860,14.137166941154067,2.9999999999999933,3.330088212805181,12.720000000000002,3.330088212805181,3.0728322025474455,0.5429519619175208,54
1861,14.137166941154067,0.8400000000000072,4.335397861953915,16.560000000000002,4.335397861953915,4.4012629126033325,0.9028958342412079,54
1862,14.137166941154067,11.880000000000008,0.942477796076938,3.6000000000000005,0.942477796076938,0.6940530648201533,1.9985447354221892,54
1863,14.137166941154067,0.3599999999999929,4.0212385965949355,15.360000000000003,4.0212385965949355,3.9609838190042987,0.46327283952215237,54
1864,14.137166941154067,4.199999999999994,3.0159289474462017,11.520000000000001,3.0159289474462017,2.781822671496063,0.4948558477402324,54
1865,14.137166941154067,3.479999999999994,3.204424506661589,12.240000000000002,3.204424506661589,2.9288633242593263,0.5100765317171342,54
1866,14.137166941154067,10.199999999999994,1.4451326206513049,5.5200000000000005,1.4451326206513049,1.8368549803386527,0.7571116578899029,54
1867,14.137166941154067,8.280000000000006,0.0,0.0,0.0,5.8367136315896015,0.6946085739751372,54
1868,14.137166941154067,0.8399999999999936,3.8955748904513436,14.880000000000003,3.8955748904513436,3.7295219666308257,0.651510696815969,54
1869,14.137166941154067,0.3600000000000065,4.209734155810323,16.080000000000002,4.209734155810323,4.114921120066965,0.9071065020569753,54
1870,14.137166941154067,1.0799999999999923,3.832743037379548,14.640000000000002,3.832743037379548,3.5792290742160207,0.6471442140547023,54
1871,14.137166941154067,2.9999999999999933,3.330088212805181,12.720000000000002,3.330088212805181,2.919354763783221,0.6266825777257202,54
1872,14.137166941154067,1.3200000000000078,4.461061568097507,17.040000000000003,4.461061568097507,4.569084077722965,0.7125350350817049,54
1873,14.137166941154067,4.6800000000000095,5.340707511102649,20.400000000000006,5.340707511102649,5.487022256716129,0.5284789533711779,54
1874,14.137166941154067,0.8399999999999936,3.8955748904513436,14.880000000000003,3.8955748904513436,3.7096875290572675,0.7049014035527995,54
1875,14.137166941154067,0.8400000000000072,4.335397861953915,16.560000000000002,4.335397861953915,4.349704563932966,0.6082314814944064,54
1876,14.137166941154067,0.11999999999999424,4.084070449666731,15.600000000000001,4.084070449666731,3.974932795973356,0.8293982315054945,54
1877,14.137166941154067,4.920000000000008,5.403539364174445,20.640000000000004,5.403539364174445,5.575584949445824,0.5471200894073674,54
1878,14.137166941154067,11.159999999999995,1.1938052083641215,4.5600000000000005,1.1938052083641215,1.4268067320961066,0.8418636875742845,54
1879,14.137166941154067,0.8400000000000072,4.335397861953915,16.560000000000002,4.335397861953915,4.306697267841484,0.41948227990904496,54
1880,14.137166941154067,0.5999999999999933,3.9584067435231396,15.120000000000003,3.9584067435231396,3.611917268558661,1.0064483425086423,54
1881,14.137166941154067,10.920000000000007,0.6911503837897546,2.6400000000000006,0.6911503837897546,0.40737620637883964,0.9559716577190502,54
1882,14.137166941154067,3.000000000000009,4.900884539600078,18.720000000000006,4.900884539600078,5.159635731322295,0.6559343388191176,54
1883,14.137166941154067,0.6000000000000085,4.272566008882119,16.320000000000004,4.272566008882119,4.310540589253204,0.8290063889646323,54
1884,14.137166941154067,1.5600000000000065,4.523893421169302,17.28,4.523893421169302,4.850053307947,0.9504519936078046,54
1885,14.137166941154067,0.8399999999999936,3.8955748904513436,14.880000000000003,3.8955748904513436,3.6784319755478725,0.8142896598976744,54
1886,14.137166941154067,0.8400000000000072,4.335397861953915,16.560000000000002,4.335397861953915,4.335824344638823,0.8051944258206872,54
1887,14.137166941154067,10.200000000000008,0.5026548245743669,1.9200000000000004,0.5026548245743669,5.702559048858928,1.1597909257957382,54
1888,14.137166941154067,0.3599999999999929,4.0212385965949355,15.360000000000003,4.0212385965949355,3.879893963971792,0.5908244063271001,54
1889,14.137166941154067,10.680000000000009,0.6283185307179586,2.4000000000000004,0.6283185307179586,5.978659409404304,1.430587549992575,54
1890,14.137166941154067,1.0800000000000058,4.39822971502571,16.8,4.39822971502571,4.519142381027429,0.9073184936930635,54
1891,14.137166941154067,0.5999999999999933,3.9584067435231396,15.120000000000003,3.9584067435231396,2.6776820779576305,1.600168265321132,54
1892,14.137166941154067,0.8400000000000072,4.335397861953915,16.560000000000002,4.335397861953915,4.3249959617498615,0.6781103191651499,54
1893,14.137166941154067,0.3600000000000065,4.209734155810323,16.080000000000002,4.209734155810323,4.1768862853625475,0.5587045960270648,54
1894,14.137166941154067,2.039999999999994,3.5814156250923643,13.680000000000001,3.5814156250923643,2.667610008925894,1.0162560222071297,54
1895,14.137166941154067,1.0799999999999923,3.832743037379548,14.640000000000002,3.832743037379548,3.5749815325836156,0.76281204022415,54
1896,14.137166941154067,1.0799999999999923,3.832743037379548,14.640000000000002,3.832743037379548,3.2820227161163937,1.033480664559408,54
1897,14.137166941154067,0.12000000000000781,4.1469023027385274,15.840000000000003,4.1469023027385274,4.082737152451363,0.627737380159821,54
1898,14.137166941154067,3.239999999999994,3.267256359733385,12.480000000000002,3.267256359733385,2.8651116012182207,0.6037503233988344,54
1899,14.137166941154067,4.200000000000009,5.215043804959057,19.920000000000005,5.215043804959057,5.464950681664614,0.5912422420237401,54
1900,14.137166941154067,0.3599999999999929,4.0212385965949355,15.360000000000003,4.0212385965949355,3.2857341221168945,1.7566967069143642,54
1901,14.137166941154067,4.4400000000000075,5.277875658030853,20.160000000000004,5.277875658030853,5.492565204940582,0.5498840513036529,54
1902,14.137166941154067,6.120000000000008,5.717698629533424,21.840000000000003,5.717698629533424,5.70473786100789,0.49652913257150555,54
1903,14.137166941154067,1.8000000000000087,4.586725274241099,17.520000000000003,4.586725274241099,4.987839247529653,1.0372870842399267,54
1904,14.137166941154067,0.5999999999999933,3.9584067435231396,15.120000000000003,3.9584067435231396,3.758801164252121,0.6443655744699622,54
1905,14.137166941154067,3.239999999999994,3.267256359733385,12.480000000000002,3.267256359733385,2.933534916041606,0.5449302145454944,54
1906,14.137166941154067,1.8000000000000087,4.586725274241099,17.520000000000003,4.586725274241099,4.678595639477937,0.6576721458389847,54
1907,14.137166941154067,0.3600000000000065,4.209734155810323,16.080000000000002,4.209734155810323,4.558958414364764,2.4514747172195217,54
1908,14.137166941154067,2.9999999999999933,3.330088212805181,12.720000000000002,3.330088212805181,2.984160674234078,0.5759215332531394,54
1909,14.137166941154067,0.5999999999999933,3.9584067435231396,15.120000000000003,3.9584067435231396,3.678129501669672,0.9144637189199107,54
1910,14.137166941154067,2.7600000000000064,4.838052686528282,18.48,4.838052686528282,5.065308824024758,0.6189047852376596,54
1911,14.137166941154067,9.959999999999996,1.5079644737231008,5.760000000000001,1.5079644737231008,2.1246139134382362,0.9089719342662683,54
1912,14.137166941154067,10.439999999999996,1.3823007675795091,5.280000000000001,1.3823007675795091,1.8158969958990945,0.8929692798456719,54
1913,14.137166941154067,8.999999999999995,1.7592918860102844,6.7200000000000015,1.7592918860102844,2.427512397563246,0.7795378194651562,54
1914,14.137166941154067,2.519999999999993,3.455751918948773,13.200000000000003,3.455751918948773,2.6032789050592124,0.8467515621339704,54
1915,14.137166941154067,1.0799999999999923,3.832743037379548,14.640000000000002,3.832743037379548,3.5289773880024757,0.7372111765211312,54
1916,14.137166941154067,11.640000000000006,0.8796459430051422,3.3600000000000008,0.8796459430051422,0.8082689625896361,1.4943240293167894,54
1917,14.137166941154067,0.11999999999999424,4.084070449666731,15.600000000000001,4.084070449666731,3.9915254233544095,0.5074999238634984,54
1918,3.665191429188092,1.9599999999999986,0.4398229715025711,1.6800000000000004,0.4398229715025711,0.23009087857424412,0.6900719667720171,14
1919,3.665191429188092,0.2799999999999996,0.0,0.0,0.0,6.154105078472792,0.43474181920849236,14
1920,3.665191429188092,0.999999999999999,0.1884955592153876,0.7200000000000001,0.1884955592153876,6.239497597611199,0.5700210262182535,14
1921,3.665191429188092,1.9599999999999986,0.4398229715025711,1.6800000000000004,0.4398229715025711,0.366445541138063,0.42985038826497896,14
1922,3.665191429188092,1.4800000000000013,0.3141592653589793,1.2000000000000002,0.3141592653589793,0.2645922337163175,0.374358024636502,14
1923,3.665191429188092,2.92,0.6911503837897546,2.6400000000000006,0.6911503837897546,0.4046083398141292,1.0135417302636311,14
1924,3.665191429188092,0.2799999999999996,0.0,0.0,0.0,6.199083512104733,0.4128202412190302,14
1925,3.665191429188092,0.9199999999999972,5.969026041820608,22.800000000000004,5.969026041820608,5.867781189860579,0.5151346990155274,14
1926,3.665191429188092,0.9199999999999972,5.969026041820608,22.800000000000004,5.969026041820608,5.911285046681043,0.39871187362500404,14
1927,3.665191429188092,0.9199999999999972,5.969026041820608,22.800000000000004,5.969026041820608,5.804201225403633,0.5895466157441129,14
1928,3.665191429188092,2.1199999999999974,5.6548667764616285,21.600000000000005,5.6548667764616285,5.667320166113951,0.5557094907793328,14
1929,3.665191429188092,3.6399999999999997,0.8796459430051422,3.3600000000000008,0.8796459430051422,0.9146221680876231,0.5370784004045628,14
1930,3.665191429188092,1.399999999999998,5.843362335677016,22.320000000000004,5.843362335677016,5.803718229105142,0.4065643119108606,14
1931,3.665191429188092,2.1199999999999974,5.6548667764616285,21.600000000000005,5.6548667764616285,5.690348906012015,0.5526604960631802,14
1932,3.665191429188092,2.92,0.6911503837897546,2.6400000000000006,0.6911503837897546,0.5743562085214747,0.705019925667653,14
1933,3.665191429188092,0.5199999999999999,0.06283185307179587,0.24000000000000005,0.06283185307179587,6.09889516942898,0.6190717682339983,14
1934,3.665191429188092,0.9199999999999972,5.969026041820608,22.800000000000004,5.969026041820608,5.886907796968147,0.46149818599744313,14
1935,3.665191429188092,0.2799999999999996,0.0,0.0,0.0,6.07131447211819,0.5476900273694119,14
1936,3.665191429188092,2.4399999999999995,0.5654866776461628,2.16,0.5654866776461628,0.34686838741547066,0.8566717521483883,14
1937,3.665191429188092,1.4800000000000013,0.3141592653589793,1.2000000000000002,0.3141592653589793,0.2491356542606198,0.4117075248207766,14
1938,3.665191429188092,0.43999999999999984,6.094689747964199,23.28,6.094689747964199,6.008056376222143,0.43893678772562206,14
1939,3.665191429188092,2.3599999999999994,5.592034923389832,21.360000000000003,5.592034923389832,5.668217298537457,0.5025024397116061,14
1940,3.665191429188092,1.1599999999999993,5.906194188748811,22.560000000000002,5.906194188748811,5.878832368707039,0.41778112422707947,14
1941,3.665191429188092,3.400000000000001,0.8168140899333463,3.1200000000000006,0.8168140899333463,0.8045326333698843,0.48214995696779117,14
1942,3.665191429188092,2.2000000000000006,0.5026548245743669,1.9200000000000004,0.5026548245743669,0.4732993691728353,0.3723036469018237,14
1943,3.665191429188092,0.5199999999999999,0.06283185307179587,0.24000000000000005,0.06283185307179587,6.1459162391078355,0.5470574981986495,14
1944,3.665191429188092,2.1199999999999974,5.6548667764616285,21.600000000000005,5.6548667764616285,5.683976703760604,0.41530074208470696,14
1945,3.665191429188092,1.8799999999999986,5.717698629533424,21.840000000000003,5.717698629533424,5.72823678932602,0.4322801246271578,14
1946,3.665191429188092,2.1199999999999974,5.6548667764616285,21.600000000000005,5.6548667764616285,5.666466169252278,0.40528332715183857,14
1947,3.665191429188092,2.1199999999999974,5.6548667764616285,21.600000000000005,5.6548667764616285,5.681686106872996,0.40578111872096656,14
1948,3.665191429188092,1.2399999999999993,0.25132741228718347,0.9600000000000002,0.25132741228718347,0.14904671484450288,0.5039430277020525,14
1949,3.665191429188092,1.9599999999999986,0.4398229715025711,1.6800000000000004,0.4398229715025711,0.14226491131222735,0.8425215294140724,14
1950,3.665191429188092,1.399999999999998,5.843362335677016,22.320000000000004,5.843362335677016,5.813946419821755,0.45131552697518634,14
1951,3.665191429188092,0.999999999999999,0.1884955592153876,0.7200000000000001,0.1884955592153876,0.07284050303985222,0.5178892131533602,14
1952,3.665191429188092,0.19999999999999776,6.157521601035995,23.520000000000003,6.157521601035995,6.095202157748348,0.4375926165014433,14
1953,3.665191429188092,0.04000000000000091,6.220353454107791,23.76,6.220353454107791,6.058198069886288,0.5272022165192369,14
1954,3.665191429188092,0.9199999999999972,5.969026041820608,22.800000000000004,5.969026041820608,5.879222037460136,0.4344209808589044,14
1955,3.665191429188092,1.64,5.7805304826052195,22.080000000000002,5.7805304826052195,5.733177721786836,0.6357118257659711,14
1956,3.665191429188092,0.2799999999999996,0.0,0.0,0.0,6.188006672991256,0.40669194588520574,14
1957,3.665191429188092,0.43999999999999984,6.094689747964199,23.28,6.094689747964199,5.789340077198539,0.6467434563473435,14
1958,3.665191429188092,2.599999999999998,5.529203070318037,21.120000000000005,5.529203070318037,5.641398478035609,0.6021969950145273,14
1959,3.665191429188092,4.999999999999998,4.900884539600078,18.720000000000006,4.900884539600078,5.692098101458152,0.8805075411952441,14
1960,3.665191429188092,3.8800000000000017,0.942477796076938,3.6000000000000005,0.942477796076938,0.9388290194093084,0.2710452919072673,14
1961,3.665191429188092,1.399999999999998,5.843362335677016,22.320000000000004,5.843362335677016,5.830954754392903,0.4089397157188268,14
1962,3.665191429188092,0.999999999999999,0.1884955592153876,0.7200000000000001,0.1884955592153876,6.163350093484107,0.6677339038068799,14
1963,3.665191429188092,4.12,1.0053096491487339,3.8400000000000007,1.0053096491487339,1.1827064113998835,1.909391624246481,14
1964,3.665191429188092,1.8799999999999986,5.717698629533424,21.840000000000003,5.717698629533424,5.705193603721902,0.43715517161355244,14
1965,3.665191429188092,1.8799999999999986,5.717698629533424,21.840000000000003,5.717698629533424,5.705073295798573,0.4284701110171622,14
1966,3.665191429188092,2.4399999999999995,0.5654866776461628,2.16,0.5654866776461628,0.34318274116173647,0.8735553853102876,14
1967,3.665191429188092,5.720000000000001,4.71238898038469,18.0,4.71238898038469,5.555323976316579,1.0753052130573808,14
1968,3.665191429188092,1.64,5.7805304826052195,22.080000000000002,5.7805304826052195,5.746068610745193,0.43229214364663116,14
1969,3.665191429188092,1.1599999999999993,5.906194188748811,22.560000000000002,5.906194188748811,5.871650396698946,0.4080854357983903,14
1970,3.665191429188092,0.7600000000000003,0.12566370614359174,0.4800000000000001,0.12566370614359174,0.027836382234428747,0.4565253607278046,14
1971,3.665191429188092,1.4800000000000013,0.3141592653589793,1.2000000000000002,0.3141592653589793,0.23948673107672092,0.37066853813658307,14
1972,3.665191429188092,0.43999999999999984,6.094689747964199,23.28,6.094689747964199,5.961646583726521,0.5177658365505756,14
1973,3.665191429188092,2.3599999999999994,5.592034923389832,21.360000000000003,5.592034923389832,5.637897669375875,0.424721611930183,14
1974,3.665191429188092,0.43999999999999984,6.094689747964199,23.28,6.094689747964199,5.96506232420734,0.5257645426746165,14
1975,3.665191429188092,1.8799999999999986,5.717698629533424,21.840000000000003,5.717698629533424,5.718270132639926,0.41941185587233326,14
1976,3.665191429188092,3.8800000000000017,0.942477796076938,3.6000000000000005,0.942477796076938,0.8026182438393709,1.0732473758019478,14
1977,3.665191429188092,1.2399999999999993,0.25132741228718347,0.9600000000000002,0.25132741228718347,5.997787684045806,0.8422752125206171,14
1978,3.665191429188092,1.72,0.3769911184307752,1.4400000000000002,0.3769911184307752,0.03230974669041114,0.8124137468468083,14
1979,3.665191429188092,1.64,5.7805304826052195,22.080000000000002,5.7805304826052195,5.77925372134854,0.43458296584660067,14
1980,3.665191429188092,2.2000000000000006,0.5026548245743669,1.9200000000000004,0.5026548245743669,0.18488849873405075,0.7792245186672777,14
1981,3.665191429188092,0.43999999999999984,6.094689747964199,23.28,6.094689747964199,5.953287975812764,0.536869679354505,14
1982,3.665191429188092,1.1599999999999993,5.906194188748811,22.560000000000002,5.906194188748811,5.871776714285616,0.42014981912952865,14
1983,3.665191429188092,0.43999999999999984,6.094689747964199,23.28,6.094689747964199,5.9820422708422605,0.44639747203731495,14
1984,3.665191429188092,1.1599999999999993,5.906194188748811,22.560000000000002,5.906194188748811,5.88810219975138,0.40289409480532834,14
1985,3.665191429188092,1.9599999999999986,0.4398229715025711,1.6800000000000004,0.4398229715025711,0.28779189559166496,0.5193954969830908,14
1986,3.665191429188092,0.2799999999999996,0.0,0.0,0.0,5.96286409767602,0.6525591802029576,14
1987,3.665191429188092,1.399999999999998,5.843362335677016,22.320000000000004,5.843362335677016,5.795704573744936,0.41965480202681654,14
1988,3.665191429188092,0.6799999999999985,6.031857894892403,23.040000000000003,6.031857894892403,5.833122442989222,0.5716286543395748,14
1989,3.665191429188092,1.8799999999999986,5.717698629533424,21.840000000000003,5.717698629533424,5.694313624404128,0.3939324078524258,14
1990,3.665191429188092,0.9199999999999972,5.969026041820608,22.800000000000004,5.969026041820608,5.893374518877577,0.45274060336540206,14
1991,3.665191429188092,0.43999999999999984,6.094689747964199,23.28,6.094689747964199,5.958480775169704,0.5091108342725859,14
1992,3.665191429188092,1.64,5.7805304826052195,22.080000000000002,5.7805304826052195,5.750343480605544,0.3624007732680164,14
1993,3.665191429188092,2.1199999999999974,5.6548667764616285,21.600000000000005,5.6548667764616285,5.685345436388215,0.40121900042285774,14
1994,3.665191429188092,2.1199999999999974,5.6548667764616285,21.600000000000005,5.6548667764616285,5.6901781247660415,0.43045152928186836,14
1995,3.665191429188092,1.64,5.7805304826052195,22.080000000000002,5.7805304826052195,5.752977494924615,0.5691403101332018,14
1996,3.665191429188092,2.1199999999999974,5.6548667764616285,21.600000000000005,5.6548667764616285,5.662884106999883,0.37888671165400895,14
1997,3.665191429188092,1.8799999999999986,5.717698629533424,21.840000000000003,5.717698629533424,5.725487474649259,0.44503348284419614,14
1998,3.665191429188092,2.1199999999999974,5.6548667764616285,21.600000000000005,5.6548667764616285,5.675990534164585,0.4327165570171151,14
1999,3.665191429188092,0.6799999999999985,6.031857894892403,23.040000000000003,6.031857894892403,5.931390166819301,0.4664032590534755,14
2000,3.665191429188092,3.8800000000000017,0.942477796076938,3.6000000000000005,0.942477796076938,0.9895714466603273,0.37249033828478206,14
2001,3.665191429188092,2.6800000000000015,0.6283185307179586,2.4000000000000004,0.6283185307179586,0.6013660912452978,0.2983727608601127,14
2002,3.665191429188092,0.43999999999999984,6.094689747964199,23.28,6.094689747964199,5.909336452413337,0.585388271791714,14
2003,3.665191429188092,0.9199999999999972,5.969026041820608,22.800000000000004,5.969026041820608,5.796745199865676,0.5977477842496255,14
2004,3.665191429188092,0.7600000000000003,0.12566370614359174,0.4800000000000001,0.12566370614359174,6.193339254666422,0.5641163825517741,14
2005,3.665191429188092,1.399999999999998,5.843362335677016,22.320000000000004,5.843362335677016,5.830484667480334,0.41018677830536054,14
2006,3.665191429188092,0.999999999999999,0.1884955592153876,0.7200000000000001,0.1884955592153876,6.171397691180843,0.6810789660481888,14
2007,3.665191429188092,3.159999999999999,0.7539822368615504,2.8800000000000003,0.7539822368615504,6.265560888423215,1.4799913879018762,14
2008,3.665191429188092,7.399999999999999,4.272566008882119,16.320000000000004,4.272566008882119,4.375693253841594,1.4244121192408055,14
2009,3.665191429188092,1.399999999999998,5.843362335677016,22.320000000000004,5.843362335677016,5.781110202745232,0.4819241726426447,14
2010,3.665191429188092,0.5199999999999999,0.06283185307179587,0.24000000000000005,0.06283185307179587,6.05427070235982,0.6395284370763852,14
2011,3.665191429188092,0.7600000000000003,0.12566370614359174,0.4800000000000001,0.12566370614359174,6.179382829959518,0.5686880624718165,14
2012,3.665191429188092,0.999999999999999,0.1884955592153876,0.7200000000000001,0.1884955592153876,0.143036274906625,0.409418975594727,14
2013,3.665191429188092,1.1599999999999993,5.906194188748811,22.560000000000002,5.906194188748811,5.876090008279294,0.4308959025659096,14
2014,3.665191429188092,1.8799999999999986,5.717698629533424,21.840000000000003,5.717698629533424,5.7298434789314125,0.4433346717979431,14
2015,3.665191429188092,2.4399999999999995,0.5654866776461628,2.16,0.5654866776461628,0.07568178025093703,1.059178424276114,14
2016,3.665191429188092,2.4399999999999995,0.5654866776461628,2.16,0.5654866776461628,0.07033016801672452,1.065062464536188,14
2017,3.665191429188092,0.19999999999999776,6.157521601035995,23.520000000000003,6.157521601035995,5.819492196624764,0.670895430867801,14
2018,3.665191429188092,0.5199999999999999,0.06283185307179587,0.24000000000000005,0.06283185307179587,6.15958498349926,0.5326880093114478,14
2019,3.665191429188092,6.199999999999998,4.586725274241099,17.520000000000003,4.586725274241099,4.699196488579399,0.6680933563298204,14
2020,3.665191429188092,2.92,0.6911503837897546,2.6400000000000006,0.6911503837897546,0.692819916190227,0.36898018019028506,14
2021,3.665191429188092,0.5199999999999999,0.06283185307179587,0.24000000000000005,0.06283185307179587,6.211403907989034,0.5168403176609472,14
2022,3.665191429188092,2.2000000000000006,0.5026548245743669,1.9200000000000004,0.5026548245743669,0.08415363285248043,0.9320734812042604,14
2023,3.665191429188092,0.43999999999999984,6.094689747964199,23.28,6.094689747964199,5.873630765423105,0.5767944949777617,14
2024,3.665191429188092,0.9199999999999972,5.969026041820608,22.800000000000004,5.969026041820608,5.885011714327507,0.48480589640118427,14
2025,3.665191429188092,1.72,0.3769911184307752,1.4400000000000002,0.3769911184307752,6.1873261070376575,0.8440930559366061,14
2026,3.665191429188092,0.5199999999999999,0.06283185307179587,0.24000000000000005,0.06283185307179587,6.256415851423192,0.42733355110733073,14
2027,3.665191429188092,2.3599999999999994,5.592034923389832,21.360000000000003,5.592034923389832,5.619090119949116,0.4397481803707064,14
2028,3.665191429188092,2.1199999999999974,5.6548667764616285,21.600000000000005,5.6548667764616285,5.689392538187709,0.5527631968513625,14
2029,3.665191429188092,1.8799999999999986,5.717698629533424,21.840000000000003,5.717698629533424,5.70712985643845,0.5088594691103947,14
2030,3.665191429188092,1.399999999999998,5.843362335677016,22.320000000000004,5.843362335677016,5.811417706710566,0.47383715556516715,14
2031,3.665191429188092,3.400000000000001,0.8168140899333463,3.1200000000000006,0.8168140899333463,0.8040634093043862,0.4132020508899467,14
2032,3.665191429188092,0.5199999999999999,0.06283185307179587,0.24000000000000005,0.06283185307179587,5.9379039127822075,0.7310001809268803,14
2033,3.665191429188092,1.72,0.3769911184307752,1.4400000000000002,0.3769911184307752,0.004542753773612574,0.7914441199287855,14
2034,3.665191429188092,1.64,5.7805304826052195,22.080000000000002,5.7805304826052195,5.742252077081988,0.4270666532174554,14
2035,3.665191429188092,0.999999999999999,0.1884955592153876,0.7200000000000001,0.1884955592153876,6.086642899577347,0.7254406385424949,14
2036,3.665191429188092,1.64,5.7805304826052195,22.080000000000002,5.7805304826052195,5.720361047990062,0.5500859164400302,14
2037,3.665191429188092,0.43999999999999984,6.094689747964199,23.28,6.094689747964199,5.885515260845943,0.5909416221959247,14
2038,3.665191429188092,1.72,0.3769911184307752,1.4400000000000002,0.3769911184307752,6.092118625003005,0.9013566027378689,14
2039,3.665191429188092,1.4800000000000013,0.3141592653589793,1.2000000000000002,0.3141592653589793,6.166491963582823,0.8116594849989177,14
2040,3.665191429188092,0.43999999999999984,6.094689747964199,23.28,6.094689747964199,5.997802934695555,0.4583869580660211,14
2041,3.665191429188092,3.400000000000001,0.8168140899333463,3.1200000000000006,0.8168140899333463,0.7546679295384489,0.8889964431834863,14
2042,3.665191429188092,1.8799999999999986,5.717698629533424,21.840000000000003,5.717698629533424,5.707822913977692,0.4207056830146489,14
2043,3.665191429188092,4.999999999999998,4.900884539600078,18.720000000000006,4.900884539600078,5.414880124606737,0.8258531264114993,14
2044,3.665191429188092,0.999999999999999,0.1884955592153876,0.7200000000000001,0.1884955592153876,0.025876017789812286,0.4976514166718588,14
2045,3.665191429188092,2.92,0.6911503837897546,2.6400000000000006,0.6911503837897546,0.6677720095086058,0.5349616563084238,14
2046,3.665191429188092,3.159999999999999,0.7539822368615504,2.8800000000000003,0.7539822368615504,0.7576308357429723,0.48043017077852884,14
2047,3.665191429188092,1.72,0.3769911184307752,1.4400000000000002,0.3769911184307752,0.03209540931082613,0.7935929554511909,14
2048,3.665191429188092,4.3599999999999985,1.0681415022205298,4.080000000000001,1.0681415022205298,1.1725832531533442,0.7940799061013335,14
2049,3.665191429188092,6.679999999999999,4.461061568097507,17.040000000000003,4.461061568097507,4.549813513235537,0.6719105693161351,14
2050,3.665191429188092,0.2799999999999996,0.0,0.0,0.0,5.8489047889539405,0.7118605270805757,14
2051,3.665191429188092,4.2799999999999985,5.089380098815465,19.440000000000005,5.089380098815465,5.672482849713584,0.7592320155251828,14
2052,3.665191429188092,1.9599999999999986,0.4398229715025711,1.6800000000000004,0.4398229715025711,0.3599114919868672,0.3570451248631558,14
2053,3.665191429188092,0.7600000000000003,0.12566370614359174,0.4800000000000001,0.12566370614359174,0.013634413420756289,0.470822549485371,14
2054,3.665191429188092,0.6799999999999985,6.031857894892403,23.040000000000003,6.031857894892403,5.842056425170896,0.5847720296379272,14
2055,3.665191429188092,4.2799999999999985,5.089380098815465,19.440000000000005,5.089380098815465,5.499352861688803,0.680265275606547,14
2056,3.665191429188092,4.5200000000000005,5.026548245743669,19.200000000000003,5.026548245743669,5.304641764553019,0.627948708118994,14
2057,3.665191429188092,0.04000000000000091,6.220353454107791,23.76,6.220353454107791,5.781055603666393,0.6909512323580753,14
2058,3.665191429188092,6.04,1.5079644737231008,5.760000000000001,1.5079644737231008,1.5777562515952763,0.3516128513700969,14
2059,3.665191429188092,6.920000000000001,4.39822971502571,16.8,4.39822971502571,4.660529680388219,1.2299202058849188,14
2060,3.665191429188092,1.72,0.3769911184307752,1.4400000000000002,0.3769911184307752,6.215135692356575,0.8005798146906916,14
2061,3.665191429188092,2.4399999999999995,0.5654866776461628,2.16,0.5654866776461628,0.3600867499620261,0.7388136802714751,14
2062,3.665191429188092,0.04000000000000091,6.220353454107791,23.76,6.220353454107791,6.1088007112076905,0.45566794622306417,14
2063,3.665191429188092,0.5199999999999999,0.06283185307179587,0.24000000000000005,0.06283185307179587,6.276558172043648,0.3625248756101214,14
2064,3.665191429188092,2.2000000000000006,0.5026548245743669,1.9200000000000004,0.5026548245743669,0.1894527831755692,0.7400993807474247,14
2065,3.665191429188092,3.400000000000001,0.8168140899333463,3.1200000000000006,0.8168140899333463,0.7635236622561161,0.4471597611814616,14
2066,3.665191429188092,1.9599999999999986,0.4398229715025711,1.6800000000000004,0.4398229715025711,5.795256515813869,1.0112679698914064,14
2067,3.665191429188092,5.479999999999999,4.775220833456486,18.240000000000002,4.775220833456486,5.555150313070646,0.9580740818993428,14
2068,3.665191429188092,2.3599999999999994,5.592034923389832,21.360000000000003,5.592034923389832,5.640808403044725,0.5252186279336972,14
2069,3.665191429188092,0.999999999999999,0.1884955592153876,0.7200000000000001,0.1884955592153876,6.0733193183330885,0.6792055324283538,14
2070,3.665191429188092,1.64,5.7805304826052195,22.080000000000002,5.7805304826052195,5.743108823450362,0.44403871936178296,14
2071,3.665191429188092,0.04000000000000091,6.220353454107791,23.76,6.220353454107791,5.842871755625163,0.6747891134256826,14
2072,3.665191429188092,2.1199999999999974,5.6548667764616285,21.600000000000005,5.6548667764616285,5.658899965985276,0.4260649403781934,14
2073,3.665191429188092,1.8799999999999986,5.717698629533424,21.840000000000003,5.717698629533424,5.732246371677554,0.5123503841958382,14
2074,3.665191429188092,4.12,1.0053096491487339,3.8400000000000007,1.0053096491487339,1.207834575247923,1.5104129419311934,14
2075,3.665191429188092,0.19999999999999776,6.157521601035995,23.520000000000003,6.157521601035995,5.972707001986135,0.551379729554051,14
2076,3.665191429188092,0.04000000000000091,6.220353454107791,23.76,6.220353454107791,6.046996573145983,0.5171568653174465,14
2077,3.665191429188092,5.24,4.838052686528282,18.48,4.838052686528282,5.129504732883618,0.7178184450602583,14
2078,3.665191429188092,2.1199999999999974,5.6548667764616285,21.600000000000005,5.6548667764616285,5.701358045292661,0.5656113812300604,14
2079,3.665191429188092,2.2000000000000006,0.5026548245743669,1.9200000000000004,0.5026548245743669,0.08675671043061754,0.9541942489477147,14
2080,3.665191429188092,3.159999999999999,0.7539822368615504,2.8800000000000003,0.7539822368615504,0.4238298063920876,1.2393844319593361,14
2081,3.665191429188092,4.6000000000000005,1.1309733552923256,4.32,1.1309733552923256,1.2194565040382157,0.558808814324662,14
2082,3.665191429188092,2.84,5.46637121724624,20.880000000000003,5.46637121724624,5.534775998682007,0.43921583668320796,14
2083,3.665191429188092,4.84,1.1938052083641215,4.5600000000000005,1.1938052083641215,1.3463295726164772,0.6427119272053718,14
2084,3.665191429188092,6.199999999999998,4.586725274241099,17.520000000000003,4.586725274241099,4.633482284570743,0.4843345393007668,14
2085,3.665191429188092,0.7600000000000003,0.12566370614359174,0.4800000000000001,0.12566370614359174,6.099122490740232,0.6626933001866705,14
2086,3.665191429188092,0.5199999999999999,0.06283185307179587,0.24000000000000005,0.06283185307179587,6.0992210899091965,0.5657050347579484,14
2087,3.665191429188092,2.1199999999999974,5.6548667764616285,21.600000000000005,5.6548667764616285,5.655570025398488,0.43051095069170225,14
2088,3.665191429188092,4.84,1.1938052083641215,4.5600000000000005,1.1938052083641215,1.2727389273622944,0.6817175703668794,14
2089,3.665191429188092,1.72,0.3769911184307752,1.4400000000000002,0.3769911184307752,0.06115557233960556,0.705594181713281,14
2090,3.665191429188092,4.84,1.1938052083641215,4.5600000000000005,1.1938052083641215,1.3656344217956087,0.7846025770045012,14
2091,3.665191429188092,1.72,0.3769911184307752,1.4400000000000002,0.3769911184307752,0.3460788131014883,0.34929311442762057,14
2092,3.665191429188092,3.0799999999999987,5.403539364174445,20.640000000000004,5.403539364174445,5.566592216459514,0.5300348788668682,14
2093,3.665191429188092,6.5200000000000005,1.6336281798666925,6.240000000000001,1.6336281798666925,2.191837081087902,0.8228925207152936,14
2094,3.665191429188092,1.1599999999999993,5.906194188748811,22.560000000000002,5.906194188748811,5.825264297132438,0.484023947159116,14
2095,3.665191429188092,5.96,4.649557127312894,17.76,4.649557127312894,4.931010705115406,0.7500944925673476,14
2096,3.665191429188092,0.6799999999999985,6.031857894892403,23.040000000000003,6.031857894892403,5.925019964193155,0.5119073785386228,14
2097,3.665191429188092,1.2399999999999993,0.25132741228718347,0.9600000000000002,0.25132741228718347,0.12567217968308708,0.4549002895462836,14
2098,3.665191429188092,0.2799999999999996,0.0,0.0,0.0,6.0377799066960485,0.5893298638473508,14
2099,3.665191429188092,0.43999999999999984,6.094689747964199,23.28,6.094689747964199,6.020291650799802,0.41690007798001916,14
2100,3.665191429188092,4.12,1.0053096491487339,3.8400000000000007,1.0053096491487339,1.0479191200052245,0.772365538584961,14
2101,3.665191429188092,3.400000000000001,0.8168140899333463,3.1200000000000006,0.8168140899333463,0.6165970383322207,0.898227567237499,14
2102,3.665191429188092,2.599999999999998,5.529203070318037,21.120000000000005,5.529203070318037,5.5712532575848925,0.4779782031685847,14
2103,3.665191429188092,3.0799999999999987,5.403539364174445,20.640000000000004,5.403539364174445,5.725465324896804,0.6547521014567043,14
2104,3.665191429188092,1.4800000000000013,0.3141592653589793,1.2000000000000002,0.3141592653589793,0.191814710591304,0.5069540103798206,14
2105,3.665191429188092,2.6800000000000015,0.6283185307179586,2.4000000000000004,0.6283185307179586,0.6400061411611347,0.2917216649794832,14
2106,3.665191429188092,3.8800000000000017,0.942477796076938,3.6000000000000005,0.942477796076938,0.9438696997214382,0.32192613424885963,14
2107,3.665191429188092,1.64,5.7805304826052195,22.080000000000002,5.7805304826052195,5.7669916122603295,0.4542342554950947,14
2108,3.665191429188092,1.64,5.7805304826052195,22.080000000000002,5.7805304826052195,5.7578795331220745,0.45450718734994194,14
2109,3.665191429188092,1.399999999999998,5.843362335677016,22.320000000000004,5.843362335677016,5.797881375176569,0.48855777680856116,14
2110,3.665191429188092,5.800000000000001,1.4451326206513049,5.5200000000000005,1.4451326206513049,2.195712325112424,1.048899548456163,14
2111,3.665191429188092,0.2799999999999996,0.0,0.0,0.0,5.87452522286422,0.7233585596633196,14
2112,3.665191429188092,4.04,5.152211951887261,19.680000000000003,5.152211951887261,5.339251463067245,0.5491040165926898,14
2113,3.665191429188092,2.599999999999998,5.529203070318037,21.120000000000005,5.529203070318037,5.625085687946529,0.5800128136785176,14
2114,3.665191429188092,1.2399999999999993,0.25132741228718347,0.9600000000000002,0.25132741228718347,0.13288967012114467,0.4923349610541559,14
2115,3.665191429188092,0.04000000000000091,6.220353454107791,23.76,6.220353454107791,5.950025831519445,0.6187527522596171,14
2116,3.665191429188092,1.64,5.7805304826052195,22.080000000000002,5.7805304826052195,5.733248959346708,0.46408311401449953,14
2117,3.665191429188092,7.24,1.8221237390820801,6.960000000000001,1.8221237390820801,2.050356348099535,0.514708232763651,14
2118,3.665191429188092,1.399999999999998,5.843362335677016,22.320000000000004,5.843362335677016,5.76158981204525,0.5746516985814903,14
2119,3.665191429188092,1.72,0.3769911184307752,1.4400000000000002,0.3769911184307752,6.0387802061406575,0.9042230373671596,14
2120,3.665191429188092,2.92,0.6911503837897546,2.6400000000000006,0.6911503837897546,0.12511172166860973,1.191580564010903,14
2121,3.665191429188092,0.43999999999999984,6.094689747964199,23.28,6.094689747964199,5.869606436785433,0.5815454857343811,14
2122,3.665191429188092,0.2799999999999996,0.0,0.0,0.0,6.02475328338457,0.6000690305402315,14
2123,3.665191429188092,0.7600000000000003,0.12566370614359174,0.4800000000000001,0.12566370614359174,6.150637209872022,0.617819820917445,14
2124,3.665191429188092,5.080000000000002,1.2566370614359172,4.800000000000001,1.2566370614359172,1.4118418529987218,0.6331960102509163,14
2125,3.665191429188092,0.6799999999999985,6.031857894892403,23.040000000000003,6.031857894892403,5.965064901070772,0.4300920749009322,14
2126,3.665191429188092,1.399999999999998,5.843362335677016,22.320000000000004,5.843362335677016,5.782539480173097,0.4779066699843857,14
2127,3.665191429188092,2.3599999999999994,5.592034923389832,21.360000000000003,5.592034923389832,5.647443757576306,0.41891702655729574,14
2128,3.665191429188092,0.2799999999999996,0.0,0.0,0.0,6.064706957625454,0.5498426807949103,14
2129,3.665191429188092,0.2799999999999996,0.0,0.0,0.0,5.945702859171066,0.6325795784990531,14
2130,3.665191429188092,3.6399999999999997,0.8796459430051422,3.3600000000000008,0.8796459430051422,0.8284488420053878,1.2015566168902947,14
2131,3.665191429188092,2.92,0.6911503837897546,2.6400000000000006,0.6911503837897546,0.6513273874531647,0.37131111959833185,14
2132,3.665191429188092,2.4399999999999995,0.5654866776461628,2.16,0.5654866776461628,0.08279059512276916,0.954807582295053,14
2133,3.665191429188092,1.8799999999999986,5.717698629533424,21.840000000000003,5.717698629533424,5.7322213452649216,0.38488601307966264,14
2134,3.665191429188092,0.19999999999999776,6.157521601035995,23.520000000000003,6.157521601035995,6.073794691321685,0.41597327824328495,14
2135,3.665191429188092,4.6000000000000005,1.1309733552923256,4.32,1.1309733552923256,1.2205157610816817,0.3441041503301061,14
2136,3.665191429188092,4.76,4.9637163926718735,18.960000000000004,4.9637163926718735,5.5719966208114995,0.8041068454742689,14
2137,3.665191429188092,0.7600000000000003,0.12566370614359174,0.4800000000000001,0.12566370614359174,5.943538321069389,0.7458589260397412,14
2138,3.665191429188092,5.24,4.838052686528282,18.48,4.838052686528282,5.512132733688972,0.8961666176499908,14
2139,3.665191429188092,9.079999999999998,3.832743037379548,14.640000000000002,3.832743037379548,3.6072246815135203,0.5920820305793459,14
2140,3.665191429188092,2.1199999999999974,5.6548667764616285,21.600000000000005,5.6548667764616285,5.647153480446611,0.3883114595122256,14
2141,3.665191429188092,1.8799999999999986,5.717698629533424,21.840000000000003,5.717698629533424,5.712781292565527,0.35858480143606514,14
2142,3.665191429188092,4.6000000000000005,1.1309733552923256,4.32,1.1309733552923256,1.8962376220291628,1.7958928316159555,14
2143,3.665191429188092,0.5199999999999999,0.06283185307179587,0.24000000000000005,0.06283185307179587,6.034433799903017,0.6627501881158037,14
2144,3.665191429188092,1.64,5.7805304826052195,22.080000000000002,5.7805304826052195,5.788868481663014,0.3722579110970079,14
2145,3.665191429188092,1.8799999999999986,5.717698629533424,21.840000000000003,5.717698629533424,5.695751585218067,0.373055849291487,14
2146,3.665191429188092,2.3599999999999994,5.592034923389832,21.360000000000003,5.592034923389832,5.64367482314384,0.4955681662225997,14
2147,3.665191429188092,2.1199999999999974,5.6548667764616285,21.600000000000005,5.6548667764616285,5.674464190633878,0.3513730403728692,14
2148,3.665191429188092,0.9199999999999972,5.969026041820608,22.800000000000004,5.969026041820608,5.887174222079212,0.44119883079443467,14
2149,3.665191429188092,3.799999999999998,5.215043804959057,19.920000000000005,5.215043804959057,5.4635441710561645,0.5440704990848544,14
2150,3.665191429188092,6.679999999999999,4.461061568097507,17.040000000000003,4.461061568097507,5.072159696067905,1.3439043826132047,14
2151,3.665191429188092,1.8799999999999986,5.717698629533424,21.840000000000003,5.717698629533424,5.720951048806532,0.407535682635066,14
2152,3.665191429188092,0.6799999999999985,6.031857894892403,23.040000000000003,6.031857894892403,5.952015565374879,0.4810808040508654,14
2153,3.665191429188092,1.399999999999998,5.843362335677016,22.320000000000004,5.843362335677016,5.750499249700128,0.6385730793937916,14
2154,3.665191429188092,2.1199999999999974,5.6548667764616285,21.600000000000005,5.6548667764616285,5.67341551642475,0.3640507362898593,14
2155,3.665191429188092,0.5199999999999999,0.06283185307179587,0.24000000000000005,0.06283185307179587,6.0911503404607235,0.5806228019722496,14
2156,3.665191429188092,2.92,0.6911503837897546,2.6400000000000006,0.6911503837897546,0.6983216975764948,0.393585056400962,14
2157,3.665191429188092,2.599999999999998,5.529203070318037,21.120000000000005,5.529203070318037,5.62791472839159,0.518998214926934,14
2158,3.665191429188092,1.8799999999999986,5.717698629533424,21.840000000000003,5.717698629533424,5.700308558695034,0.4201704685530596,14
2159,3.665191429188092,8.36,4.0212385965949355,15.360000000000003,4.0212385965949355,3.6033295503325515,1.4223608726905108,14
2160,3.665191429188092,10.840000000000002,2.7646015351590183,10.560000000000002,2.7646015351590183,2.662126937788438,0.48634668462874964,14
2161,3.665191429188092,1.64,5.7805304826052195,22.080000000000002,5.7805304826052195,5.778003383495749,0.43361261672078083,14
2162,3.665191429188092,2.1199999999999974,5.6548667764616285,21.600000000000005,5.6548667764616285,5.678211027149699,0.3582801947184377,14
2163,3.665191429188092,4.12,1.0053096491487339,3.8400000000000007,1.0053096491487339,1.063252593785546,0.3086373808488628,14
2164,3.665191429188092,1.8799999999999986,5.717698629533424,21.840000000000003,5.717698629533424,5.725010111403591,0.43923839862669306,14
2165,3.665191429188092,1.8799999999999986,5.717698629533424,21.840000000000003,5.717698629533424,5.753647805570592,0.4337836968162807,14
2166,3.665191429188092,2.6800000000000015,0.6283185307179586,2.4000000000000004,0.6283185307179586,0.5539979462412302,0.4657595941072403,14
2167,3.665191429188092,1.72,0.3769911184307752,1.4400000000000002,0.3769911184307752,0.25539143171454276,0.5941410850167215,14
2168,3.665191429188092,1.8799999999999986,5.717698629533424,21.840000000000003,5.717698629533424,5.708238500441222,0.4355446182438645,14
2169,3.665191429188092,2.3599999999999994,5.592034923389832,21.360000000000003,5.592034923389832,5.685956809585766,0.5499069449109537,14
2170,3.665191429188092,4.3599999999999985,1.0681415022205298,4.080000000000001,1.0681415022205298,1.1600121576728415,0.5139650821256289,14
2171,3.665191429188092,4.12,1.0053096491487339,3.8400000000000007,1.0053096491487339,1.0143786761720481,0.752703368694884,14
2172,3.665191429188092,5.32,1.3194689145077132,5.040000000000001,1.3194689145077132,1.4185849121827798,0.4080962394431518,14
2173,3.665191429188092,3.400000000000001,0.8168140899333463,3.1200000000000006,0.8168140899333463,0.8449147558713322,0.30640710012354816,14
2174,3.665191429188092,2.92,0.6911503837897546,2.6400000000000006,0.6911503837897546,0.675358016618296,0.42314404864269767,14
2175,3.665191429188092,1.72,0.3769911184307752,1.4400000000000002,0.3769911184307752,0.21479032884851929,0.5495457717994835,14
2176,3.665191429188092,3.159999999999999,0.7539822368615504,2.8800000000000003,0.7539822368615504,0.6525923747998295,0.8252047333042668,14
2177,3.665191429188092,1.8799999999999986,5.717698629533424,21.840000000000003,5.717698629533424,5.704931144731987,0.3517693186630271,14
2178,3.665191429188092,0.9199999999999972,5.969026041820608,22.800000000000004,5.969026041820608,5.899689233792583,0.4025942976738007,14
2179,3.665191429188092,0.5199999999999999,0.06283185307179587,0.24000000000000005,0.06283185307179587,5.914021553735947,0.7295960618934819,14
2180,3.665191429188092,0.9199999999999972,5.969026041820608,22.800000000000004,5.969026041820608,5.932180295610847,0.4167251323597043,14
2181,3.665191429188092,2.1199999999999974,5.6548667764616285,21.600000000000005,5.6548667764616285,5.692074299794282,0.45479814729307433,14
2182,3.665191429188092,2.6800000000000015,0.6283185307179586,2.4000000000000004,0.6283185307179586,0.6505659919618658,0.27233804887456553,14
2183,3.665191429188092,1.1599999999999993,5.906194188748811,22.560000000000002,5.906194188748811,5.850659288997055,0.4611465125921402,14
2184,2.617993877991494,4.5200000000000005,0.06283185307179587,0.24000000000000005,0.06283185307179587,5.774035902866213,0.762649242610838,10
2185,2.617993877991494,9.56,1.3823007675795091,5.280000000000001,1.3823007675795091,1.7032233131994574,0.8957092990269679,10
2186,2.617993877991494,4.6,3.9584067435231396,15.120000000000003,3.9584067435231396,3.7138004136444214,0.8225171756617059,10
2187,2.617993877991494,0.4400000000000015,5.277875658030853,20.160000000000004,5.277875658030853,5.598741284319056,0.6251806407170848,10
2188,2.617993877991494,6.04,3.5814156250923643,13.680000000000001,3.5814156250923643,2.8207673131618947,0.9355559925490295,10
2189,2.617993877991494,2.4399999999999995,4.523893421169302,17.28,4.523893421169302,4.692451706258779,0.845794489687415,10
2190,2.617993877991494,0.20000000000000284,5.215043804959057,19.920000000000005,5.215043804959057,5.39415645178491,0.5541385433004884,10
2191,2.617993877991494,2.679999999999998,4.461061568097507,17.040000000000003,4.461061568097507,4.8555412528401565,1.3195659654993905,10
2192,2.617993877991494,3.159999999999999,4.335397861953915,16.560000000000002,4.335397861953915,4.377648447787795,1.2885648012018367,10
2193,2.617993877991494,4.5200000000000005,0.06283185307179587,0.24000000000000005,0.06283185307179587,6.050223040775156,0.5973998038101719,10
2194,2.617993877991494,1.400000000000003,5.529203070318037,21.120000000000005,5.529203070318037,5.705239588305385,0.6242983031281091,10
2195,2.617993877991494,1.479999999999998,4.775220833456486,18.240000000000002,4.775220833456486,5.097310405842733,0.7164696089900962,10
2196,2.617993877991494,2.600000000000003,5.843362335677016,22.320000000000004,5.843362335677016,5.840669643053832,0.42931934960429086,10
2197,2.617993877991494,0.6800000000000036,5.340707511102649,20.400000000000006,5.340707511102649,5.684876183582145,0.616505737483587,10
2198,2.617993877991494,0.5199999999999999,5.026548245743669,19.200000000000003,5.026548245743669,5.3446889430559725,0.6020419735945199,10
2199,2.617993877991494,0.6800000000000036,5.340707511102649,20.400000000000006,5.340707511102649,5.545677565369659,0.5447597414120294,10
2200,2.617993877991494,3.159999999999999,4.335397861953915,16.560000000000002,4.335397861953915,5.268397769104681,1.7240712209405211,10
2201,2.617993877991494,11.24,1.8221237390820801,6.960000000000001,1.8221237390820801,2.613910397212353,0.8055016692442446,10
2202,2.617993877991494,2.92,4.39822971502571,16.8,4.39822971502571,5.165874686011632,1.6022873185505608,10
2203,2.617993877991494,0.5199999999999999,5.026548245743669,19.200000000000003,5.026548245743669,5.272755209781946,0.5603829514294197,10
2204,2.617993877991494,4.12,4.084070449666731,15.600000000000001,4.084070449666731,4.041089355239977,0.46476123539805375,10
2205,2.617993877991494,0.6800000000000036,5.340707511102649,20.400000000000006,5.340707511102649,5.658543231895978,0.5930046698663598,10
2206,2.617993877991494,5.0,0.1884955592153876,0.7200000000000001,0.1884955592153876,5.844979172135713,0.7844511183482775,10
2207,2.617993877991494,3.3999999999999972,4.272566008882119,16.320000000000004,4.272566008882119,4.588258672885348,1.7114785293104902,10
2208,2.617993877991494,10.280000000000003,1.5707963267948968,6.000000000000002,1.5707963267948968,1.7431993548079625,0.5757007750261433,10
2209,2.617993877991494,1.400000000000003,5.529203070318037,21.120000000000005,5.529203070318037,5.581354217251194,0.42964802579821915,10
2210,2.617993877991494,4.6,3.9584067435231396,15.120000000000003,3.9584067435231396,2.932571753741302,1.3549344068505498,10
2211,2.617993877991494,4.3599999999999985,4.0212385965949355,15.360000000000003,4.0212385965949355,3.921650507348379,0.42639653302206704,10
2212,2.617993877991494,0.7599999999999986,4.9637163926718735,18.960000000000004,4.9637163926718735,5.1703393673526366,0.5749476790279762,10
2213,2.617993877991494,1.9599999999999986,4.649557127312894,17.76,4.649557127312894,4.7502244545472365,0.5566571663567871,10
2214,2.617993877991494,0.20000000000000284,5.215043804959057,19.920000000000005,5.215043804959057,5.420230056482543,0.5292659772918089,10
2215,2.617993877991494,3.159999999999999,4.335397861953915,16.560000000000002,4.335397861953915,4.4771265941968155,1.4242552343173605,10
2216,2.617993877991494,2.679999999999998,4.461061568097507,17.040000000000003,4.461061568097507,4.443696559837497,0.4983178209632247,10
2217,2.617993877991494,5.24,0.25132741228718347,0.9600000000000002,0.25132741228718347,5.958676654137624,0.8265824787749295,10
2218,2.617993877991494,0.03999999999999921,5.152211951887261,19.680000000000003,5.152211951887261,5.710359754948259,0.7331508118283341,10
2219,2.617993877991494,3.6399999999999997,4.209734155810323,16.080000000000002,4.209734155810323,4.1892342261241104,0.7295924278883695,10
2220,2.617993877991494,5.96,0.4398229715025711,1.6800000000000004,0.4398229715025711,6.134118083922725,0.8041820646035055,10
2221,2.617993877991494,2.3600000000000008,5.7805304826052195,22.080000000000002,5.7805304826052195,5.753400480738574,0.4697640663555766,10
2222,2.617993877991494,2.3600000000000008,5.7805304826052195,22.080000000000002,5.7805304826052195,5.744695253177002,0.47555475393348867,10
2223,2.617993877991494,1.2399999999999993,4.838052686528282,18.48,4.838052686528282,4.999467783685216,0.5428982124729813,10
2224,2.617993877991494,1.2399999999999993,4.838052686528282,18.48,4.838052686528282,5.278178010128827,0.8024489661597722,10
2225,2.617993877991494,1.8800000000000037,5.6548667764616285,21.600000000000005,5.6548667764616285,5.649155398877776,0.41008718307724745,10
2226,2.617993877991494,1.479999999999998,4.775220833456486,18.240000000000002,4.775220833456486,5.1311590003546605,0.7672643980396942,10
2227,2.617993877991494,2.92,4.39822971502571,16.8,4.39822971502571,4.417373142601619,0.5136284697710793,10
2228,2.617993877991494,3.159999999999999,4.335397861953915,16.560000000000002,4.335397861953915,5.72752645353051,1.9926075662047944,10
2229,2.617993877991494,2.600000000000003,5.843362335677016,22.320000000000004,5.843362335677016,5.784220733730271,0.5131909644544443,10
2230,2.617993877991494,1.6400000000000017,5.592034923389832,21.360000000000003,5.592034923389832,5.613692357487942,0.42633399597747845,10
2231,2.617993877991494,0.20000000000000284,5.215043804959057,19.920000000000005,5.215043804959057,5.375348279289451,0.46355232528698737,10
2232,2.617993877991494,0.9999999999999972,4.900884539600078,18.720000000000006,4.900884539600078,5.3676644461252065,0.8065785057403443,10
2233,2.617993877991494,3.3999999999999972,4.272566008882119,16.320000000000004,4.272566008882119,4.269438143087481,0.5286028215073517,10
2234,2.617993877991494,1.9599999999999986,4.649557127312894,17.76,4.649557127312894,4.929202266517507,0.878303025537004,10
2235,2.617993877991494,2.3600000000000008,5.7805304826052195,22.080000000000002,5.7805304826052195,5.77244801599706,0.470475468574607,10
2236,2.617993877991494,1.6400000000000017,5.592034923389832,21.360000000000003,5.592034923389832,5.641253516340592,0.4083293204662989,10
2237,2.617993877991494,2.600000000000003,5.843362335677016,22.320000000000004,5.843362335677016,5.798562690816994,0.5239740398339243,10
2238,2.617993877991494,7.880000000000003,0.942477796076938,3.6000000000000005,0.942477796076938,0.8491358916471601,1.2242802116707352,10
2239,2.617993877991494,2.1200000000000023,5.717698629533424,21.840000000000003,5.717698629533424,5.774345004065908,0.5011404002807947,10
2240,2.617993877991494,6.920000000000001,0.6911503837897546,2.6400000000000006,0.6911503837897546,0.057278066881863536,1.2932084088915472,10
2241,2.617993877991494,0.20000000000000284,5.215043804959057,19.920000000000005,5.215043804959057,5.603718380511474,0.6337752334413742,10
2242,2.617993877991494,5.0,0.1884955592153876,0.7200000000000001,0.1884955592153876,6.114169753428639,0.6661344132064988,10
2243,2.617993877991494,10.520000000000001,1.6336281798666925,6.240000000000001,1.6336281798666925,2.0345451455882273,0.6750015940338967,10
2244,2.617993877991494,6.680000000000002,0.6283185307179586,2.4000000000000004,0.6283185307179586,5.887072052519521,1.2684569232119434,10
2245,2.617993877991494,1.1600000000000008,5.46637121724624,20.880000000000003,5.46637121724624,5.55935633421708,0.4662709442366714,10
2246,2.617993877991494,4.3599999999999985,4.0212385965949355,15.360000000000003,4.0212385965949355,3.9830964780577416,0.39103154216658986,10
2247,2.617993877991494,1.8800000000000037,5.6548667764616285,21.600000000000005,5.6548667764616285,5.702028294510601,0.40372880447774395,10
2248,2.617993877991494,3.6399999999999997,4.209734155810323,16.080000000000002,4.209734155810323,4.190216837983409,0.7784854960488249,10
2249,2.617993877991494,0.27999999999999786,5.089380098815465,19.440000000000005,5.089380098815465,5.684429133182883,0.7738627696643956,10
2250,2.617993877991494,6.200000000000002,0.5026548245743669,1.9200000000000004,0.5026548245743669,6.085018500761483,1.0261795114672643,10
2251,2.617993877991494,1.479999999999998,4.775220833456486,18.240000000000002,4.775220833456486,5.1280568600073115,0.7556109361709314,10
2252,2.617993877991494,2.3600000000000008,5.7805304826052195,22.080000000000002,5.7805304826052195,5.75203377165869,0.4988486684399433,10
2253,2.617993877991494,3.800000000000003,6.157521601035995,23.520000000000003,6.157521601035995,5.962625123691662,0.5704319835444032,10
2254,2.617993877991494,3.560000000000001,6.094689747964199,23.28,6.094689747964199,5.9134910212371254,0.5485156427060603,10
2255,2.617993877991494,0.9200000000000023,5.403539364174445,20.640000000000004,5.403539364174445,5.774526586834247,0.6201262063126614,10
2256,2.617993877991494,3.879999999999998,4.1469023027385274,15.840000000000003,4.1469023027385274,3.8123287360152505,1.553597367584125,10
2257,2.617993877991494,0.03999999999999921,5.152211951887261,19.680000000000003,5.152211951887261,5.463475630105345,0.5918240145128633,10
2258,2.617993877991494,1.400000000000003,5.529203070318037,21.120000000000005,5.529203070318037,5.67455885656356,0.6267824944967592,10
2259,2.617993877991494,3.3999999999999972,4.272566008882119,16.320000000000004,4.272566008882119,4.327154119155966,1.2384384745257961,10
2260,2.617993877991494,3.6399999999999997,4.209734155810323,16.080000000000002,4.209734155810323,4.14960833387184,0.5674560894388253,10
2261,2.617993877991494,0.4400000000000015,5.277875658030853,20.160000000000004,5.277875658030853,5.5232354758486295,0.6035438573383121,10
2262,2.617993877991494,5.559999999999999,3.7070793312359562,14.160000000000002,3.7070793312359562,3.3066845115473624,0.8226794089295829,10
2263,2.617993877991494,1.400000000000003,5.529203070318037,21.120000000000005,5.529203070318037,5.678419504895641,0.540517589274866,10
2264,2.617993877991494,9.800000000000002,1.4451326206513049,5.5200000000000005,1.4451326206513049,2.0727866304926548,1.109884039057901,10
2265,2.617993877991494,6.920000000000001,0.6911503837897546,2.6400000000000006,0.6911503837897546,0.5897099502033345,0.5561644270775881,10
2266,2.617993877991494,7.159999999999999,0.7539822368615504,2.8800000000000003,0.7539822368615504,0.6708778546502133,0.758514426206054,10
2267,2.617993877991494,0.4400000000000015,5.277875658030853,20.160000000000004,5.277875658030853,5.631213151752048,0.6470529060644314,10
2268,2.617993877991494,3.3999999999999972,4.272566008882119,16.320000000000004,4.272566008882119,4.184700175794564,1.483685932123759,10
2269,2.617993877991494,1.400000000000003,5.529203070318037,21.120000000000005,5.529203070318037,5.623697376586823,0.5044928774009845,10
2270,2.617993877991494,2.92,4.39822971502571,16.8,4.39822971502571,4.465646902755771,0.6871653427695456,10
2271,2.617993877991494,1.479999999999998,4.775220833456486,18.240000000000002,4.775220833456486,4.970962756666147,0.6530930888056797,10
2272,2.617993877991494,0.27999999999999786,5.089380098815465,19.440000000000005,5.089380098815465,5.354922439593326,0.5783812060821473,10
2273,2.617993877991494,3.800000000000003,6.157521601035995,23.520000000000003,6.157521601035995,5.926854633185576,0.6171271523496452,10
2274,2.617993877991494,6.920000000000001,0.6911503837897546,2.6400000000000006,0.6911503837897546,0.13171370098345778,1.233923536180745,10
2275,2.617993877991494,2.679999999999998,4.461061568097507,17.040000000000003,4.461061568097507,4.8353100194348375,1.1835031701434697,10
2276,2.617993877991494,1.8800000000000037,5.6548667764616285,21.600000000000005,5.6548667764616285,5.674003351149066,0.3591525004487046,10
2277,2.617993877991494,0.27999999999999786,5.089380098815465,19.440000000000005,5.089380098815465,5.341988234340094,0.5823736930310407,10
2278,2.617993877991494,1.479999999999998,4.775220833456486,18.240000000000002,4.775220833456486,4.935698315921682,0.5456918073712903,10
2279,2.617993877991494,1.8800000000000037,5.6548667764616285,21.600000000000005,5.6548667764616285,5.678605358816251,0.39463546749279366,10
2280,2.617993877991494,2.92,4.39822971502571,16.8,4.39822971502571,4.6012368264498775,1.031881597690402,10
2281,2.617993877991494,0.4400000000000015,5.277875658030853,20.160000000000004,5.277875658030853,5.45505318243381,0.5117241572396113,10
2282,2.617993877991494,0.9999999999999972,4.900884539600078,18.720000000000006,4.900884539600078,5.178240371810546,0.6338147381963067,10
2283,2.617993877991494,2.1200000000000023,5.717698629533424,21.840000000000003,5.717698629533424,5.737365578489052,0.5291700016035089,10
2284,2.617993877991494,0.20000000000000284,5.215043804959057,19.920000000000005,5.215043804959057,5.460680527819315,0.5863637409315781,10
2285,2.617993877991494,1.1600000000000008,5.46637121724624,20.880000000000003,5.46637121724624,5.548282689779618,0.42400469960513854,10
2286,2.617993877991494,0.5199999999999999,5.026548245743669,19.200000000000003,5.026548245743669,5.34715455277027,0.601042767714845,10
2287,2.617993877991494,0.9999999999999972,4.900884539600078,18.720000000000006,4.900884539600078,5.292019598075687,0.7520246717718696,10
2288,2.617993877991494,1.1600000000000008,5.46637121724624,20.880000000000003,5.46637121724624,5.601665837757982,0.5029825654674899,10
2289,2.617993877991494,2.92,4.39822971502571,16.8,4.39822971502571,4.558744428012178,1.16451167577292,10
2290,2.617993877991494,7.880000000000003,0.942477796076938,3.6000000000000005,0.942477796076938,0.3795245866176899,2.1553481342831375,10
2291,2.617993877991494,5.3199999999999985,3.769911184307752,14.400000000000002,3.769911184307752,2.850631872086378,1.0540089129650256,10
2292,2.617993877991494,1.400000000000003,5.529203070318037,21.120000000000005,5.529203070318037,5.585434015497082,0.4980323334139876,10
2293,2.617993877991494,1.2399999999999993,4.838052686528282,18.48,4.838052686528282,5.157509164247905,0.6949438623826006,10
2294,2.617993877991494,3.800000000000003,6.157521601035995,23.520000000000003,6.157521601035995,6.074469911555168,0.4573228704483708,10
2295,2.617993877991494,5.720000000000001,0.3769911184307752,1.4400000000000002,0.3769911184307752,5.875092008591984,0.9657112948533394,10
2296,2.617993877991494,2.4399999999999995,4.523893421169302,17.28,4.523893421169302,5.276565694636383,1.3516748156736398,10
2297,2.617993877991494,2.4399999999999995,4.523893421169302,17.28,4.523893421169302,5.363938117671678,1.3881867883878118,10
2298,2.617993877991494,0.4400000000000015,5.277875658030853,20.160000000000004,5.277875658030853,5.4690454102920665,0.5233568238819519,10
2299,2.617993877991494,3.879999999999998,4.1469023027385274,15.840000000000003,4.1469023027385274,4.027351889927955,0.8626438842048249,10
2300,2.617993877991494,0.5199999999999999,5.026548245743669,19.200000000000003,5.026548245743669,5.306788578030974,0.6151515525764059,10
2301,2.617993877991494,2.4399999999999995,4.523893421169302,17.28,4.523893421169302,4.555034749060633,0.5239584282539317,10
2302,2.617993877991494,0.03999999999999921,5.152211951887261,19.680000000000003,5.152211951887261,5.366381579425589,0.5239426992433291,10
2303,2.617993877991494,1.6400000000000017,5.592034923389832,21.360000000000003,5.592034923389832,5.636237388585026,0.4279289635523414,10
2304,2.617993877991494,0.20000000000000284,5.215043804959057,19.920000000000005,5.215043804959057,5.436380491180223,0.5811094425175177,10
2305,2.617993877991494,1.9599999999999986,4.649557127312894,17.76,4.649557127312894,4.7200080299243545,0.5483566950696012,10
2306,2.617993877991494,0.9999999999999972,4.900884539600078,18.720000000000006,4.900884539600078,5.326212677019995,0.7713492148121905,10
2307,2.617993877991494,1.8800000000000037,5.6548667764616285,21.600000000000005,5.6548667764616285,5.6352280857920345,0.4240204341845783,10
2308,2.617993877991494,1.8800000000000037,5.6548667764616285,21.600000000000005,5.6548667764616285,5.690854497805493,0.4703855843773912,10
2309,2.617993877991494,0.5199999999999999,5.026548245743669,19.200000000000003,5.026548245743669,5.238402518822264,0.5710481627863865,10
2310,2.617993877991494,1.400000000000003,5.529203070318037,21.120000000000005,5.529203070318037,5.593352967687655,0.4692208465484369,10
2311,2.617993877991494,0.5199999999999999,5.026548245743669,19.200000000000003,5.026548245743669,5.227615092055813,0.5614282413256134,10
2312,2.617993877991494,1.400000000000003,5.529203070318037,21.120000000000005,5.529203070318037,5.586419611873719,0.49422287091957096,10
2313,2.617993877991494,0.5199999999999999,5.026548245743669,19.200000000000003,5.026548245743669,5.2864920581099275,0.5665784257989794,10
2314,2.617993877991494,1.6400000000000017,5.592034923389832,21.360000000000003,5.592034923389832,5.684635881097102,0.6095834427150605,10
2315,2.617993877991494,0.27999999999999786,5.089380098815465,19.440000000000005,5.089380098815465,5.426112046589887,0.6317866881864093,10
2316,2.617993877991494,2.1999999999999975,4.586725274241099,17.520000000000003,4.586725274241099,4.801250313415261,0.7373986723725569,10
2317,2.617993877991494,1.400000000000003,5.529203070318037,21.120000000000005,5.529203070318037,5.628312021034982,0.4917128612462491,10
2318,2.617993877991494,0.03999999999999921,5.152211951887261,19.680000000000003,5.152211951887261,5.312899296372494,0.5214020617365792,10
2319,2.617993877991494,0.03999999999999921,5.152211951887261,19.680000000000003,5.152211951887261,5.397134756369835,0.5647559278648658,10
2320,2.617993877991494,2.679999999999998,4.461061568097507,17.040000000000003,4.461061568097507,4.781235023957122,1.117212372652436,10
2321,2.617993877991494,5.3199999999999985,3.769911184307752,14.400000000000002,3.769911184307752,3.5219121646317095,0.5948769044146373,10
2322,2.617993877991494,3.6399999999999997,4.209734155810323,16.080000000000002,4.209734155810323,4.077542529261649,1.2106963242904976,10
2323,2.617993877991494,0.5199999999999999,5.026548245743669,19.200000000000003,5.026548245743669,5.240383196283711,0.5626492017181138,10
2324,2.617993877991494,0.27999999999999786,5.089380098815465,19.440000000000005,5.089380098815465,5.527921166475176,0.6864893098140279,10
2325,2.617993877991494,1.2399999999999993,4.838052686528282,18.48,4.838052686528282,5.126335150839458,0.6956202805896572,10
2326,2.617993877991494,0.9200000000000023,5.403539364174445,20.640000000000004,5.403539364174445,5.491810047354331,0.465478002119411,10
2327,2.617993877991494,1.8800000000000037,5.6548667764616285,21.600000000000005,5.6548667764616285,5.7059540699947995,0.4951004674006301,10
2328,2.617993877991494,0.5199999999999999,5.026548245743669,19.200000000000003,5.026548245743669,5.6623998027529865,0.7836372325531882,10
2329,2.617993877991494,4.28,0.0,0.0,0.0,6.153385840871732,0.4788831540918715,10
2330,2.617993877991494,1.8800000000000037,5.6548667764616285,21.600000000000005,5.6548667764616285,5.6943465378859175,0.3809203169802266,10
2331,2.617993877991494,4.040000000000002,6.220353454107791,23.76,6.220353454107791,5.834245810450533,0.6999348822195222,10
2332,2.617993877991494,4.28,0.0,0.0,0.0,6.085180991173199,0.5394692259434264,10
2333,2.617993877991494,1.479999999999998,4.775220833456486,18.240000000000002,4.775220833456486,5.396814709713623,0.931685186296485,10
2334,2.617993877991494,3.3200000000000025,6.031857894892403,23.040000000000003,6.031857894892403,5.934567678434192,0.48385050318723044,10
2335,2.617993877991494,5.24,0.25132741228718347,0.9600000000000002,0.25132741228718347,6.229879673292501,0.63077427330601,10
2336,2.617993877991494,10.280000000000003,1.5707963267948968,6.000000000000002,1.5707963267948968,1.6732948018238383,0.36475217547942596,10
2337,2.617993877991494,5.96,0.4398229715025711,1.6800000000000004,0.4398229715025711,0.4214928927429126,0.33984940978296324,10
2338,2.617993877991494,5.0,0.1884955592153876,0.7200000000000001,0.1884955592153876,5.900117253993568,0.809972126656097,10
2339,2.617993877991494,4.28,0.0,0.0,0.0,5.841127631914231,0.7016198016507706,10
2340,2.617993877991494,5.480000000000002,0.3141592653589793,1.2000000000000002,0.3141592653589793,0.16198536761251747,0.5573820145438181,10
2341,2.617993877991494,3.800000000000003,6.157521601035995,23.520000000000003,6.157521601035995,5.765370360846116,0.6956407234008819,10
2342,2.617993877991494,6.680000000000002,0.6283185307179586,2.4000000000000004,0.6283185307179586,0.5852969264575713,0.3978984484736531,10
2343,2.617993877991494,0.20000000000000284,5.215043804959057,19.920000000000005,5.215043804959057,5.544566078990032,0.6459564405592986,10
2344,2.617993877991494,4.040000000000002,6.220353454107791,23.76,6.220353454107791,5.966061418033039,0.6041865452502604,10
2345,2.617993877991494,2.600000000000003,5.843362335677016,22.320000000000004,5.843362335677016,5.781073860560392,0.4893584766608799,10
2346,2.617993877991494,9.080000000000002,1.2566370614359172,4.800000000000001,1.2566370614359172,1.289021025506774,0.356087407378688,10
2347,2.617993877991494,4.28,0.0,0.0,0.0,5.898639097416104,0.6868227031485002,10
2348,2.617993877991494,0.03999999999999921,5.152211951887261,19.680000000000003,5.152211951887261,5.409903286248253,0.5898604409588042,10
2349,2.617993877991494,9.320000000000002,1.3194689145077132,5.040000000000001,1.3194689145077132,1.539808051942215,0.6941267230591411,10
2350,2.617993877991494,2.1999999999999975,4.586725274241099,17.520000000000003,4.586725274241099,4.947062332386632,1.0166896178630531,10
2351,2.617993877991494,7.400000000000002,0.8168140899333463,3.1200000000000006,0.8168140899333463,0.8296381716767174,0.2933308029711944,10
2352,2.617993877991494,5.0,0.1884955592153876,0.7200000000000001,0.1884955592153876,0.10724176730011935,0.4130097777617132,10
2353,2.617993877991494,6.200000000000002,0.5026548245743669,1.9200000000000004,0.5026548245743669,0.25452918746128617,0.7456379970987874,10
2354,2.617993877991494,8.36,1.0681415022205298,4.080000000000001,1.0681415022205298,1.1211920570974743,0.6486693081375627,10
2355,2.617993877991494,5.0,0.1884955592153876,0.7200000000000001,0.1884955592153876,6.240855404164978,0.6135740498551416,10
2356,2.617993877991494,6.920000000000001,0.6911503837897546,2.6400000000000006,0.6911503837897546,0.6737955486209467,0.411422016421466,10
2357,2.617993877991494,5.0,0.1884955592153876,0.7200000000000001,0.1884955592153876,6.263909369337912,0.571837732100604,10
2358,2.617993877991494,1.2399999999999993,4.838052686528282,18.48,4.838052686528282,5.7568154598751295,0.968403399030495,10
2359,2.617993877991494,5.96,0.4398229715025711,1.6800000000000004,0.4398229715025711,0.3314209154799641,0.4635136073884835,10
2360,2.617993877991494,6.200000000000002,0.5026548245743669,1.9200000000000004,0.5026548245743669,6.234631402346989,1.0221088221444539,10
2361,2.617993877991494,5.480000000000002,0.3141592653589793,1.2000000000000002,0.3141592653589793,6.001328930294478,0.8512626674355873,10
2362,2.617993877991494,7.400000000000002,0.8168140899333463,3.1200000000000006,0.8168140899333463,0.7197883000004798,0.8882450461594796,10
2363,2.617993877991494,8.36,1.0681415022205298,4.080000000000001,1.0681415022205298,1.1920462738449666,0.7207869664727236,10
2364,2.617993877991494,1.8800000000000037,5.6548667764616285,21.600000000000005,5.6548667764616285,5.650204837395128,0.4467652251868549,10
2365,2.617993877991494,4.760000000000002,0.12566370614359174,0.4800000000000001,0.12566370614359174,6.243023149209159,0.49399375045961524,10
2366,2.617993877991494,4.760000000000002,0.12566370614359174,0.4800000000000001,0.12566370614359174,6.096223602667285,0.6714536654178451,10
2367,2.617993877991494,4.760000000000002,0.12566370614359174,0.4800000000000001,0.12566370614359174,6.274677574355338,0.48971804824339943,10
2368,2.617993877991494,5.0,0.1884955592153876,0.7200000000000001,0.1884955592153876,0.03037782946469335,0.5105853906742422,10
2369,2.617993877991494,5.720000000000001,0.3769911184307752,1.4400000000000002,0.3769911184307752,0.37778230844411476,0.2675860059301507,10
2370,2.617993877991494,8.84,1.1938052083641215,4.5600000000000005,1.1938052083641215,1.2632732035917078,0.4028156593774113,10
2371,2.617993877991494,6.44,0.5654866776461628,2.16,0.5654866776461628,0.5039780505494522,0.45375090408166285,10
2372,2.617993877991494,9.800000000000002,1.4451326206513049,5.5200000000000005,1.4451326206513049,1.6578752342273837,0.6637294906577454,10
2373,2.617993877991494,7.400000000000002,0.8168140899333463,3.1200000000000006,0.8168140899333463,0.7988292537590704,0.2823680799545262,10
2374,2.617993877991494,9.320000000000002,1.3194689145077132,5.040000000000001,1.3194689145077132,1.7076380851908153,1.0118836593100216,10
2375,2.617993877991494,6.200000000000002,0.5026548245743669,1.9200000000000004,0.5026548245743669,0.22911915363886684,0.7217339152016029,10
2376,2.617993877991494,5.96,0.4398229715025711,1.6800000000000004,0.4398229715025711,0.38835141107710175,0.37564379494705963,10
2377,2.617993877991494,5.96,0.4398229715025711,1.6800000000000004,0.4398229715025711,6.143565425461985,0.9084177612574262,10
2378,2.617993877991494,6.920000000000001,0.6911503837897546,2.6400000000000006,0.6911503837897546,0.4831442162172232,0.8414358487108581,10
2379,2.617993877991494,0.5199999999999999,5.026548245743669,19.200000000000003,5.026548245743669,5.320685745175872,0.6162499116221591,10
2380,2.617993877991494,5.480000000000002,0.3141592653589793,1.2000000000000002,0.3141592653589793,0.3052223385719981,0.28593490530462146,10
2381,2.617993877991494,7.400000000000002,0.8168140899333463,3.1200000000000006,0.8168140899333463,0.764344951119571,0.5192167831475645,10
2382,2.617993877991494,3.0800000000000036,5.969026041820608,22.800000000000004,5.969026041820608,5.89315712412507,0.4569447006045639,10
2383,2.617993877991494,4.760000000000002,0.12566370614359174,0.4800000000000001,0.12566370614359174,5.98360809965142,0.7230698206642566,10
2384,2.617993877991494,4.760000000000002,0.12566370614359174,0.4800000000000001,0.12566370614359174,5.985240544674125,0.6937893733614827,10
2385,2.617993877991494,9.320000000000002,1.3194689145077132,5.040000000000001,1.3194689145077132,1.945261366738876,1.238191153552484,10
2386,2.617993877991494,3.0800000000000036,5.969026041820608,22.800000000000004,5.969026041820608,5.93277208437627,0.3853200221585472,10
2387,2.617993877991494,4.760000000000002,0.12566370614359174,0.4800000000000001,0.12566370614359174,0.06227678319977949,0.37242871132991745,10
2388,2.617993877991494,6.920000000000001,0.6911503837897546,2.6400000000000006,0.6911503837897546,0.6772105996457549,0.3232752210306058,10
2389,2.617993877991494,2.8400000000000016,5.906194188748811,22.560000000000002,5.906194188748811,5.830632173876304,0.4609307359141097,10
2390,2.617993877991494,3.0800000000000036,5.969026041820608,22.800000000000004,5.969026041820608,5.908649687291598,0.40562071322839194,10
2391,2.617993877991494,0.5199999999999999,5.026548245743669,19.200000000000003,5.026548245743669,5.426652319014793,0.6851455976074057,10
2392,2.617993877991494,1.479999999999998,4.775220833456486,18.240000000000002,4.775220833456486,5.575221341167821,1.0132296748019438,10
2393,2.617993877991494,7.880000000000003,0.942477796076938,3.6000000000000005,0.942477796076938,0.9945546757006258,0.4545378528446524,10
2394,2.617993877991494,4.760000000000002,0.12566370614359174,0.4800000000000001,0.12566370614359174,6.022570497402198,0.7132650654414268,10
2395,2.617993877991494,2.1200000000000023,5.717698629533424,21.840000000000003,5.717698629533424,5.720627034695574,0.3892323511125781,10
2396,2.617993877991494,1.72,4.71238898038469,18.0,4.71238898038469,5.479188535798621,1.0507583870900599,10
2397,2.617993877991494,2.600000000000003,5.843362335677016,22.320000000000004,5.843362335677016,5.76934846368873,0.5135216867036672,10
2398,2.617993877991494,2.3600000000000008,5.7805304826052195,22.080000000000002,5.7805304826052195,5.75116651817815,0.4513630246534461,10
2399,2.617993877991494,1.2399999999999993,4.838052686528282,18.48,4.838052686528282,5.50280427400618,0.9003017988287084,10
2400,2.617993877991494,2.3600000000000008,5.7805304826052195,22.080000000000002,5.7805304826052195,5.746140758698243,0.4214487794129503,10
2401,2.617993877991494,6.44,0.5654866776461628,2.16,0.5654866776461628,0.5140068479756922,0.44452624638241856,10
2402,2.617993877991494,4.760000000000002,0.12566370614359174,0.4800000000000001,0.12566370614359174,6.258140623047396,0.4681314537528776,10
2403,2.617993877991494,0.27999999999999786,5.089380098815465,19.440000000000005,5.089380098815465,5.442358551353778,0.6803373660124621,10
2404,2.617993877991494,5.720000000000001,0.3769911184307752,1.4400000000000002,0.3769911184307752,0.2893111782755939,0.37272026883303583,10
2405,2.617993877991494,2.1999999999999975,4.586725274241099,17.520000000000003,4.586725274241099,5.580108652211584,1.3640955340320244,10
2406,2.617993877991494,3.0800000000000036,5.969026041820608,22.800000000000004,5.969026041820608,5.895774440051233,0.4962800608166136,10
2407,2.617993877991494,7.400000000000002,0.8168140899333463,3.1200000000000006,0.8168140899333463,0.7656177779729431,0.9315020856418015,10
2408,2.617993877991494,3.0800000000000036,5.969026041820608,22.800000000000004,5.969026041820608,5.902909529441162,0.4663661944383617,10
2409,2.617993877991494,3.3200000000000025,6.031857894892403,23.040000000000003,6.031857894892403,5.815396786500925,0.5899266514230777,10
2410,2.617993877991494,0.5199999999999999,5.026548245743669,19.200000000000003,5.026548245743669,5.379283593083246,0.6609141773685691,10
2411,2.617993877991494,1.479999999999998,4.775220833456486,18.240000000000002,4.775220833456486,5.4131934395798975,0.9093111045322508,10
2412,2.617993877991494,0.20000000000000284,5.215043804959057,19.920000000000005,5.215043804959057,5.581974504258604,0.6811295245786397,10
2413,2.617993877991494,5.96,0.4398229715025711,1.6800000000000004,0.4398229715025711,0.3227090891839528,0.4664982967233988,10
2414,2.617993877991494,7.159999999999999,0.7539822368615504,2.8800000000000003,0.7539822368615504,6.102226382374706,1.4015723242169336,10
2415,2.617993877991494,6.44,0.5654866776461628,2.16,0.5654866776461628,0.5465872935718634,0.3182956580873231,10
2416,2.617993877991494,2.8400000000000016,5.906194188748811,22.560000000000002,5.906194188748811,5.886905976999916,0.4038881263048415,10
2417,2.617993877991494,10.040000000000001,1.5079644737231008,5.760000000000001,1.5079644737231008,1.7146770126001,0.5650782349652763,10
2418,2.617993877991494,6.200000000000002,0.5026548245743669,1.9200000000000004,0.5026548245743669,0.35385626864967246,0.5616988735842937,10
2419,2.617993877991494,3.3200000000000025,6.031857894892403,23.040000000000003,6.031857894892403,5.893110378825632,0.5239766448397231,10
2420,2.617993877991494,6.04,3.5814156250923643,13.680000000000001,3.5814156250923643,2.8915470655048807,0.951011834090224,10
2421,2.617993877991494,1.9599999999999986,4.649557127312894,17.76,4.649557127312894,4.749266685091517,0.6359113149489942,10
2422,2.617993877991494,4.760000000000002,0.12566370614359174,0.4800000000000001,0.12566370614359174,6.255559465372056,0.5357380929785498,10
2423,2.617993877991494,4.5200000000000005,0.06283185307179587,0.24000000000000005,0.06283185307179587,0.015869470535633833,0.35523695582470205,10
2424,2.617993877991494,11.8,2.0734511513692637,7.920000000000002,2.0734511513692637,2.3426612836155636,0.515549192816582,10
2425,2.617993877991494,4.12,4.084070449666731,15.600000000000001,4.084070449666731,3.83065038367576,1.1108743858174295,10
2426,2.617993877991494,3.0800000000000036,5.969026041820608,22.800000000000004,5.969026041820608,5.854614702690615,0.5150854946144751,10
2427,2.617993877991494,4.5200000000000005,0.06283185307179587,0.24000000000000005,0.06283185307179587,6.195374218428743,0.4944744816042996,10
2428,2.617993877991494,5.480000000000002,0.3141592653589793,1.2000000000000002,0.3141592653589793,0.06800255265184092,0.611575471899853,10
2429,2.617993877991494,7.159999999999999,0.7539822368615504,2.8800000000000003,0.7539822368615504,0.697987864859799,0.452425324357038,10
2430,2.617993877991494,4.040000000000002,6.220353454107791,23.76,6.220353454107791,6.111114477169916,0.4852786182170816,10
2431,2.617993877991494,5.720000000000001,0.3769911184307752,1.4400000000000002,0.3769911184307752,6.183983780027162,0.8358453917290954,10
2432,2.617993877991494,8.84,1.1938052083641215,4.5600000000000005,1.1938052083641215,1.2534006793955301,0.5194490924337246,10
2433,2.617993877991494,5.96,0.4398229715025711,1.6800000000000004,0.4398229715025711,0.17150468001783278,0.7559296224677167,10
2434,2.617993877991494,4.040000000000002,6.220353454107791,23.76,6.220353454107791,6.072081160427975,0.5283910362661774,10
2435,2.617993877991494,5.24,0.25132741228718347,0.9600000000000002,0.25132741228718347,0.08681443457311487,0.5173044847989308,10
2436,2.617993877991494,5.720000000000001,0.3769911184307752,1.4400000000000002,0.3769911184307752,0.2631435645683405,0.4519226913488108,10
2437,2.617993877991494,4.040000000000002,6.220353454107791,23.76,6.220353454107791,6.1430477586544345,0.46607171819246984,10
2438,2.617993877991494,4.5200000000000005,0.06283185307179587,0.24000000000000005,0.06283185307179587,6.200825921372721,0.5152862231225926,10
2439,2.617993877991494,4.040000000000002,6.220353454107791,23.76,6.220353454107791,5.967360971831032,0.5757723536133432,10
2440,2.617993877991494,5.96,0.4398229715025711,1.6800000000000004,0.4398229715025711,5.8116109878407345,1.087147995841566,10
2441,2.617993877991494,3.800000000000003,6.157521601035995,23.520000000000003,6.157521601035995,5.954509484801169,0.5555681930752505,10
2442,2.617993877991494,4.040000000000002,6.220353454107791,23.76,6.220353454107791,5.914748038150337,0.6605272478248719,10
2443,2.617993877991494,5.24,0.25132741228718347,0.9600000000000002,0.25132741228718347,0.0335679851404389,0.6117747056874123,10
2444,2.617993877991494,5.480000000000002,0.3141592653589793,1.2000000000000002,0.3141592653589793,0.16648592459536923,0.5420530875163997,10
2445,2.617993877991494,5.480000000000002,0.3141592653589793,1.2000000000000002,0.3141592653589793,0.10121730938841464,0.640585005974516,10
2446,2.617993877991494,5.0,0.1884955592153876,0.7200000000000001,0.1884955592153876,6.239690408737711,0.5937465893212058,10
2447,2.617993877991494,4.760000000000002,0.12566370614359174,0.4800000000000001,0.12566370614359174,0.05122049773516094,0.3596478680133611,10
2448,2.617993877991494,4.5200000000000005,0.06283185307179587,0.24000000000000005,0.06283185307179587,6.074552735127623,0.6388653128057008,10
2449,2.617993877991494,4.760000000000002,0.12566370614359174,0.4800000000000001,0.12566370614359174,6.213492558380193,0.5397837930204866,10
2450,2.617993877991494,6.200000000000002,0.5026548245743669,1.9200000000000004,0.5026548245743669,0.47313479309597783,0.38314527240203866,10
2451,2.617993877991494,0.27999999999999786,5.089380098815465,19.440000000000005,5.089380098815465,5.232957303957469,0.5166766813455036,10
2452,2.617993877991494,0.27999999999999786,5.089380098815465,19.440000000000005,5.089380098815465,5.394005193133357,0.6291569183281066,10
2453,2.617993877991494,0.7599999999999986,4.9637163926718735,18.960000000000004,4.9637163926718735,5.142223940401868,0.5857157170804692,10
2454,2.617993877991494,2.600000000000003,5.843362335677016,22.320000000000004,5.843362335677016,5.79147473943475,0.5567344905404953,10
2455,2.617993877991494,0.6800000000000036,5.340707511102649,20.400000000000006,5.340707511102649,5.508653280231656,0.5180385102067604,10
2456,2.617993877991494,1.6400000000000017,5.592034923389832,21.360000000000003,5.592034923389832,5.636924626585298,0.3899200951846415,10
2457,2.617993877991494,1.1600000000000008,5.46637121724624,20.880000000000003,5.46637121724624,5.543479082622527,0.4703134780859081,10
2458,2.617993877991494,2.1200000000000023,5.717698629533424,21.840000000000003,5.717698629533424,5.726793831136205,0.5341342006845219,10
2459,2.617993877991494,2.4399999999999995,4.523893421169302,17.28,4.523893421169302,4.59350020028247,0.5612267949776739,10
2460,2.617993877991494,0.9200000000000023,5.403539364174445,20.640000000000004,5.403539364174445,5.4671348562268705,0.43986738764869243,10
2461,2.617993877991494,1.6400000000000017,5.592034923389832,21.360000000000003,5.592034923389832,5.612995382339749,0.4184811513353288,10
2462,4.71238898038469,0.6000000000000001,0.8168140899333463,3.1200000000000006,0.8168140899333463,0.7187942899931625,0.7738639574218609,18
2463,4.71238898038469,1.3199999999999994,1.3194689145077132,5.040000000000001,1.3194689145077132,1.3427202952591826,0.2665551033240641,18
2464,4.71238898038469,4.919999999999998,5.969026041820608,22.800000000000004,5.969026041820608,5.8401821191575625,0.5175397016451185,18
2465,4.71238898038469,5.88,5.717698629533424,21.840000000000003,5.717698629533424,5.725294002213259,0.4585153570819866,18
2466,4.71238898038469,1.8,1.4451326206513049,5.5200000000000005,1.4451326206513049,1.647279891455641,0.5778146003782968,18
2467,4.71238898038469,2.759999999999998,1.6964600329384885,6.480000000000001,1.6964600329384885,2.4578498681552587,0.8763547551914946,18
2468,4.71238898038469,1.8,1.4451326206513049,5.5200000000000005,1.4451326206513049,1.7754076449006597,0.707770820313326,18
2469,4.71238898038469,5.640000000000001,5.7805304826052195,22.080000000000002,5.7805304826052195,5.742216275355557,0.4638987157643221,18
2470,4.71238898038469,0.359999999999998,1.0681415022205298,4.080000000000001,1.0681415022205298,1.1327076324536915,0.6426092224623444,18
2471,4.71238898038469,3.480000000000001,0.06283185307179587,0.24000000000000005,0.06283185307179587,6.0417658717214655,0.6268485570311922,18
2472,4.71238898038469,1.559999999999998,1.3823007675795091,5.280000000000001,1.3823007675795091,1.5598896637988218,0.49884879311575625,18
2473,4.71238898038469,0.359999999999998,1.0681415022205298,4.080000000000001,1.0681415022205298,1.1469637350029285,0.35413278763568456,18
2474,4.71238898038469,0.11999999999999933,1.0053096491487339,3.8400000000000007,1.0053096491487339,1.0337003824444804,0.5571978709415512,18
2475,4.71238898038469,7.080000000000001,2.8274333882308142,10.800000000000002,2.8274333882308142,2.710612283839638,0.4374539078872106,18
2476,4.71238898038469,2.0399999999999987,1.5079644737231008,5.760000000000001,1.5079644737231008,1.6565915968231537,0.39190786903397923,18
2477,4.71238898038469,10.200000000000001,3.6442474781641603,13.920000000000002,3.6442474781641603,3.1517521012530185,0.7859284537052527,18
2478,4.71238898038469,2.5199999999999996,1.6336281798666925,6.240000000000001,1.6336281798666925,1.7016478049964543,0.2878742870435513,18
2479,4.71238898038469,1.0800000000000007,0.6911503837897546,2.6400000000000006,0.6911503837897546,0.29809498062062106,1.2386061045690495,18
2480,4.71238898038469,6.599999999999999,5.529203070318037,21.120000000000005,5.529203070318037,5.681001358670296,0.6230409929242098,18
2481,4.71238898038469,0.11999999999999933,1.0053096491487339,3.8400000000000007,1.0053096491487339,1.091389444543285,2.265613874055812,18
2482,4.71238898038469,2.759999999999998,1.6964600329384885,6.480000000000001,1.6964600329384885,1.8284452715235087,0.3700624931810408,18
2483,4.71238898038469,1.0800000000000007,0.6911503837897546,2.6400000000000006,0.6911503837897546,0.10719787318461826,1.2338483619551828,18
2484,4.71238898038469,2.5199999999999996,1.6336281798666925,6.240000000000001,1.6336281798666925,1.7585164904871065,0.3770250359236946,18
2485,4.71238898038469,0.11999999999999933,0.942477796076938,3.6000000000000005,0.942477796076938,0.9534383614343789,0.2808109547343117,18
2486,4.71238898038469,0.8400000000000021,0.7539822368615504,2.8800000000000003,0.7539822368615504,0.7703331874067667,0.2575289800979872,18
2487,4.71238898038469,0.8399999999999987,1.1938052083641215,4.5600000000000005,1.1938052083641215,1.2772596185377936,0.4332541682231718,18
2488,4.71238898038469,1.0800000000000007,0.6911503837897546,2.6400000000000006,0.6911503837897546,0.7179586559049642,0.25101283562050297,18
2489,4.71238898038469,0.11999999999999933,0.942477796076938,3.6000000000000005,0.942477796076938,0.9828768482617877,0.4052110956058844,18
2490,4.71238898038469,3.0000000000000004,1.7592918860102844,6.7200000000000015,1.7592918860102844,1.868640649570764,0.3318834182841861,18
2491,4.71238898038469,0.6000000000000001,1.1309733552923256,4.32,1.1309733552923256,1.2226214609092376,0.5070620964448024,18
2492,4.71238898038469,0.11999999999999933,1.0053096491487339,3.8400000000000007,1.0053096491487339,1.0318365623689654,0.3934517740522084,18
2493,4.71238898038469,0.8399999999999987,1.1938052083641215,4.5600000000000005,1.1938052083641215,1.3168524830580692,0.5131806859158838,18
2494,4.71238898038469,1.3199999999999994,0.6283185307179586,2.4000000000000004,0.6283185307179586,0.613960087144222,0.3647233951358173,18
2495,4.71238898038469,2.2800000000000007,0.3769911184307752,1.4400000000000002,0.3769911184307752,0.3547235691882364,0.2959771559817621,18
2496,4.71238898038469,2.0400000000000023,0.4398229715025711,1.6800000000000004,0.4398229715025711,0.3781264565575203,0.36187496476368447,18
2497,4.71238898038469,1.0800000000000007,1.2566370614359172,4.800000000000001,1.2566370614359172,1.302010143104934,0.3163548099463959,18
2498,4.71238898038469,3.0000000000000004,1.7592918860102844,6.7200000000000015,1.7592918860102844,1.8945957902989639,0.38830894417606476,18
2499,4.71238898038469,1.5600000000000014,0.5654866776461628,2.16,0.5654866776461628,0.5367163309797839,0.28148618635591993,18
2500,4.71238898038469,0.8399999999999987,1.1938052083641215,4.5600000000000005,1.1938052083641215,1.2558813545327545,0.26230138345473264,18
2501,4.71238898038469,3.480000000000001,1.884955592153876,7.200000000000001,1.884955592153876,1.9677441018070068,0.280106446902739,18
2502,4.71238898038469,4.68,6.031857894892403,23.040000000000003,6.031857894892403,5.936501083279087,0.43274591628071934,18
2503,4.71238898038469,1.5600000000000014,0.5654866776461628,2.16,0.5654866776461628,0.5331696170424276,0.31168327992876144,18
2504,4.71238898038469,0.8400000000000021,0.7539822368615504,2.8800000000000003,0.7539822368615504,0.7608558189392152,0.3141201472133892,18
2505,4.71238898038469,2.0399999999999987,1.5079644737231008,5.760000000000001,1.5079644737231008,1.5586858668246804,0.3170908293186902,18
2506,4.71238898038469,2.2800000000000007,0.3769911184307752,1.4400000000000002,0.3769911184307752,0.1205716233043711,0.6476233128532842,18
2507,4.71238898038469,0.8399999999999987,1.1938052083641215,4.5600000000000005,1.1938052083641215,1.2782495157828078,0.35142989312110523,18
2508,4.71238898038469,0.11999999999999933,1.0053096491487339,3.8400000000000007,1.0053096491487339,1.078777323717669,0.3288757061746023,18
2509,4.71238898038469,2.5199999999999996,1.6336281798666925,6.240000000000001,1.6336281798666925,1.768675139468752,0.34879146929888744,18
2510,4.71238898038469,5.88,5.717698629533424,21.840000000000003,5.717698629533424,5.699661262102673,0.43304871356333285,18
2511,4.71238898038469,1.8,1.4451326206513049,5.5200000000000005,1.4451326206513049,1.4933523342925772,0.2982127765495297,18
2512,4.71238898038469,3.0000000000000004,1.7592918860102844,6.7200000000000015,1.7592918860102844,1.9057006269692702,0.38201144621772964,18
2513,4.71238898038469,0.359999999999998,1.0681415022205298,4.080000000000001,1.0681415022205298,1.0921699603793307,0.28622413229467797,18
2514,4.71238898038469,1.8,0.5026548245743669,1.9200000000000004,0.5026548245743669,5.862262105171014,1.0663743764009672,18
2515,4.71238898038469,1.3199999999999994,1.3194689145077132,5.040000000000001,1.3194689145077132,1.3451099674759412,0.2760973630971321,18
2516,4.71238898038469,0.3600000000000014,0.8796459430051422,3.3600000000000008,0.8796459430051422,0.8844639604338953,0.4244756123812817,18
2517,4.71238898038469,2.0399999999999987,1.5079644737231008,5.760000000000001,1.5079644737231008,1.6076902244503586,0.41060883335741793,18
2518,4.71238898038469,4.2,2.0734511513692637,7.920000000000002,2.0734511513692637,2.2111547242985363,0.43178879463534425,18
2519,4.71238898038469,3.0000000000000004,1.7592918860102844,6.7200000000000015,1.7592918860102844,1.817179468632932,0.3121578253886781,18
2520,4.71238898038469,2.759999999999998,1.6964600329384885,6.480000000000001,1.6964600329384885,1.755339842860783,0.33227193255315257,18
2521,4.71238898038469,11.64,4.0212385965949355,15.360000000000003,4.0212385965949355,3.152977723757792,1.7041772685601437,18
2522,4.71238898038469,1.5600000000000014,0.5654866776461628,2.16,0.5654866776461628,0.44177799685860986,0.7068426669802058,18
2523,4.71238898038469,1.559999999999998,1.3823007675795091,5.280000000000001,1.3823007675795091,1.5204074285794416,0.437215937802644,18
2524,4.71238898038469,4.2,2.0734511513692637,7.920000000000002,2.0734511513692637,2.13201404578334,0.3392229755819851,18
2525,4.71238898038469,1.0800000000000007,0.6911503837897546,2.6400000000000006,0.6911503837897546,0.6507998447138552,0.4154907554470739,18
2526,4.71238898038469,1.8,1.4451326206513049,5.5200000000000005,1.4451326206513049,1.5478349452720015,0.4125416916269319,18
2527,4.71238898038469,0.11999999999999933,0.942477796076938,3.6000000000000005,0.942477796076938,0.9573087422499545,0.3685497186440859,18
2528,4.71238898038469,1.559999999999998,1.3823007675795091,5.280000000000001,1.3823007675795091,1.4571178570356895,0.3624937022741182,18
2529,4.71238898038469,1.0800000000000007,0.6911503837897546,2.6400000000000006,0.6911503837897546,0.569111733305434,0.6602962096301426,18
2530,4.71238898038469,3.239999999999999,1.8221237390820801,6.960000000000001,1.8221237390820801,2.0766784239643674,0.4942584394459896,18
2531,4.71238898038469,2.2800000000000007,1.5707963267948968,6.000000000000002,1.5707963267948968,2.2673353526715516,0.8902698152664784,18
2532,4.71238898038469,3.7199999999999998,1.9477874452256718,7.440000000000001,1.9477874452256718,2.104162694292283,0.381765819336933,18
2533,4.71238898038469,4.92,2.261946710584651,8.64,2.261946710584651,2.3462762955035497,0.33481810271006673,18
2534,4.71238898038469,2.0399999999999987,1.5079644737231008,5.760000000000001,1.5079644737231008,2.2159080847488406,1.045321688165935,18
2535,4.71238898038469,1.559999999999998,1.3823007675795091,5.280000000000001,1.3823007675795091,1.5875882982822611,0.5726160516501634,18
2536,4.71238898038469,0.6000000000000001,0.8168140899333463,3.1200000000000006,0.8168140899333463,0.8259760809879937,0.8743493550305756,18
2537,4.71238898038469,1.3199999999999994,0.6283185307179586,2.4000000000000004,0.6283185307179586,0.5508999582036608,0.6449506191754688,18
2538,4.71238898038469,6.119999999999998,5.6548667764616285,21.600000000000005,5.6548667764616285,5.657298383874832,0.4207730782860733,18
2539,4.71238898038469,6.36,5.592034923389832,21.360000000000003,5.592034923389832,5.621077898532981,0.38932840301320304,18
2540,4.71238898038469,0.6000000000000001,1.1309733552923256,4.32,1.1309733552923256,1.1825666681034201,0.38781576505561816,18
2541,4.71238898038469,6.36,5.592034923389832,21.360000000000003,5.592034923389832,5.60883360040663,0.4023690529043544,18
2542,4.71238898038469,2.0399999999999987,1.5079644737231008,5.760000000000001,1.5079644737231008,1.645276509346749,0.45310175568635297,18
2543,4.71238898038469,1.0800000000000007,0.6911503837897546,2.6400000000000006,0.6911503837897546,0.6747935917079546,0.3349234722150775,18
2544,4.71238898038469,0.8399999999999987,1.1938052083641215,4.5600000000000005,1.1938052083641215,1.236083031772648,0.3549466352494731,18
2545,4.71238898038469,1.5600000000000014,0.5654866776461628,2.16,0.5654866776461628,0.20345551971766865,0.9446933021479033,18
2546,4.71238898038469,2.2800000000000007,1.5707963267948968,6.000000000000002,1.5707963267948968,1.9135660109964923,0.6942347775550715,18
2547,4.71238898038469,4.2,2.0734511513692637,7.920000000000002,2.0734511513692637,2.178079728084948,0.3851827468465795,18
2548,4.71238898038469,3.480000000000001,1.884955592153876,7.200000000000001,1.884955592153876,2.0245206911621723,0.4157072436694696,18
2549,4.71238898038469,10.920000000000002,4.39822971502571,16.8,4.39822971502571,5.166600283629802,1.5581549025706376,18
2550,4.71238898038469,4.2,2.0734511513692637,7.920000000000002,2.0734511513692637,2.1353779578681746,0.29976078662739636,18
2551,4.71238898038469,2.2800000000000007,1.5707963267948968,6.000000000000002,1.5707963267948968,1.9101385234665629,0.6507047980783225,18
2552,4.71238898038469,1.3199999999999994,1.3194689145077132,5.040000000000001,1.3194689145077132,1.4943429494401308,0.636753000760464,18
2553,4.71238898038469,1.8,1.4451326206513049,5.5200000000000005,1.4451326206513049,1.9219248050268687,0.873163156336843,18
2554,4.71238898038469,11.16,3.8955748904513436,14.880000000000003,3.8955748904513436,3.17474571908739,1.2419327981666757,18
2555,4.71238898038469,1.0800000000000007,1.2566370614359172,4.800000000000001,1.2566370614359172,1.6352548570950485,0.9863642856700865,18
2556,4.71238898038469,1.3199999999999994,1.3194689145077132,5.040000000000001,1.3194689145077132,2.1830835810259943,1.2922743212464232,18
2557,4.71238898038469,9.96,4.649557127312894,17.76,4.649557127312894,4.818787702077936,0.6566512036757542,18
2558,4.71238898038469,9.720000000000002,4.71238898038469,18.0,4.71238898038469,4.7909285364236815,0.5382850521357504,18
2559,4.71238898038469,9.720000000000002,4.71238898038469,18.0,4.71238898038469,4.819013577839052,0.5356489131424106,18
2560,4.71238898038469,10.920000000000002,3.832743037379548,14.640000000000002,3.832743037379548,3.6525633826549924,0.6135755056612286,18
2561,4.71238898038469,2.5199999999999996,1.6336281798666925,6.240000000000001,1.6336281798666925,1.899266609144816,0.5578502487134683,18
2562,4.71238898038469,0.359999999999998,1.0681415022205298,4.080000000000001,1.0681415022205298,1.098544150921323,0.40859312977267187,18
2563,4.71238898038469,11.16,4.335397861953915,16.560000000000002,4.335397861953915,4.929145788814723,1.7274992453696785,18
2564,4.71238898038469,1.5600000000000014,0.5654866776461628,2.16,0.5654866776461628,0.4818186499629171,0.607303443338875,18
2565,4.71238898038469,11.399999999999999,4.272566008882119,16.320000000000004,4.272566008882119,4.266201720133475,0.7904316241918047,18
2566,4.71238898038469,0.359999999999998,1.0681415022205298,4.080000000000001,1.0681415022205298,1.0959343285085206,0.33432777479967224,18
2567,4.71238898038469,3.239999999999999,1.8221237390820801,6.960000000000001,1.8221237390820801,1.9731150803785271,0.39582784345283245,18
2568,4.71238898038469,0.11999999999999933,1.0053096491487339,3.8400000000000007,1.0053096491487339,1.083578037547437,0.454508160854833,18
2569,4.71238898038469,10.680000000000001,3.769911184307752,14.400000000000002,3.769911184307752,3.510981182937549,0.6208929353611453,18
2570,4.71238898038469,0.8400000000000021,0.7539822368615504,2.8800000000000003,0.7539822368615504,0.3137846878849249,1.3234018933194016,18
2571,4.71238898038469,8.28,5.089380098815465,19.440000000000005,5.089380098815465,5.408009717255574,0.6226611083576981,18
2572,4.71238898038469,1.3199999999999994,1.3194689145077132,5.040000000000001,1.3194689145077132,1.635389402666947,0.7828619211545242,18
2573,4.71238898038469,0.6000000000000001,1.1309733552923256,4.32,1.1309733552923256,1.3240991039981609,0.6408274944801585,18
2574,4.71238898038469,0.3600000000000014,0.8796459430051422,3.3600000000000008,0.8796459430051422,0.904952047754568,0.2848449907713954,18
2575,4.71238898038469,10.68,4.461061568097507,17.040000000000003,4.461061568097507,5.0697885070709185,1.38339813113126,18
2576,4.71238898038469,1.559999999999998,1.3823007675795091,5.280000000000001,1.3823007675795091,1.5196421120377126,0.5828057445833748,18
2577,4.71238898038469,0.11999999999999933,1.0053096491487339,3.8400000000000007,1.0053096491487339,1.0147708322585522,0.4062088137570048,18
2578,9.948376736367678,0.19999999999999607,6.157521601035995,23.520000000000003,6.157521601035995,5.747842499694761,0.7028083335122374,38
2579,9.948376736367678,4.759999999999998,4.9637163926718735,18.960000000000004,4.9637163926718735,5.448813729485936,0.7352276117208488,38
2580,9.948376736367678,4.840000000000002,1.1938052083641215,4.5600000000000005,1.1938052083641215,1.4152063072371723,0.9677562181882835,38
2581,9.948376736367678,4.120000000000002,1.0053096491487339,3.8400000000000007,1.0053096491487339,1.1472993497683344,1.6409285707875858,38
2582,9.948376736367678,6.919999999999999,4.39822971502571,16.8,4.39822971502571,4.4578163875178864,1.006090722235653,38
2583,9.948376736367678,6.919999999999999,4.39822971502571,16.8,4.39822971502571,5.029330127167613,1.363689345134273,38
2584,9.948376736367678,2.8399999999999985,5.46637121724624,20.880000000000003,5.46637121724624,5.636844406495524,0.610135426061098,38
2585,9.948376736367678,4.039999999999998,5.152211951887261,19.680000000000003,5.152211951887261,5.407827918557309,0.5877723550369814,38
2586,9.948376736367678,1.3999999999999961,5.843362335677016,22.320000000000004,5.843362335677016,5.813877894660332,0.4006201817132066,38
2587,9.948376736367678,0.760000000000002,0.12566370614359174,0.4800000000000001,0.12566370614359174,6.122093471008867,0.6119036832907513,38
2588,9.948376736367678,1.8799999999999968,5.717698629533424,21.840000000000003,5.717698629533424,5.726188766870307,0.42362543562854166,38
2589,9.948376736367678,0.19999999999999607,6.157521601035995,23.520000000000003,6.157521601035995,6.044497120493037,0.47606956554844176,38
2590,9.948376736367678,2.599999999999996,5.529203070318037,21.120000000000005,5.529203070318037,5.561676456017698,0.3994772194710415,38
2591,9.948376736367678,3.1600000000000006,0.7539822368615504,2.8800000000000003,0.7539822368615504,0.1047663503220695,1.5360203407485788,38
2592,9.948376736367678,0.19999999999999607,6.157521601035995,23.520000000000003,6.157521601035995,6.066241116708778,0.4831331618197321,38
2593,9.948376736367678,1.8799999999999968,5.717698629533424,21.840000000000003,5.717698629533424,5.707013508673934,0.47776188987971935,38
2594,9.948376736367678,2.3599999999999977,5.592034923389832,21.360000000000003,5.592034923389832,5.6417323317601795,0.47897761885466783,38
2595,9.948376736367678,2.6800000000000033,0.6283185307179586,2.4000000000000004,0.6283185307179586,0.005263574856501498,1.273427308347508,38
2596,9.948376736367678,2.1199999999999957,5.6548667764616285,21.600000000000005,5.6548667764616285,5.689032447973784,0.4809137571920776,38
2597,9.948376736367678,4.600000000000002,1.1309733552923256,4.32,1.1309733552923256,1.6110735619331078,1.662471913393408,38
2598,9.948376736367678,8.12,4.084070449666731,15.600000000000001,4.084070449666731,3.1456658556020343,1.7967522994943157,38
2599,9.948376736367678,0.5200000000000016,0.06283185307179587,0.24000000000000005,0.06283185307179587,6.120288373409875,0.6484732790293738,38
2600,9.948376736367678,4.279999999999997,5.089380098815465,19.440000000000005,5.089380098815465,5.4383261827356915,0.6515651416976809,38
2601,9.948376736367678,0.5200000000000016,0.06283185307179587,0.24000000000000005,0.06283185307179587,5.7751288752407435,0.7751879542685441,38
2602,9.948376736367678,1.480000000000003,0.3141592653589793,1.2000000000000002,0.3141592653589793,5.969154905585564,0.842333636943896,38
2603,9.948376736367678,6.520000000000002,1.6336281798666925,6.240000000000001,1.6336281798666925,2.1442199945577767,0.7919875517501902,38
2604,9.948376736367678,3.4000000000000026,0.8168140899333463,3.1200000000000006,0.8168140899333463,6.243768684090476,1.4576151724079451,38
2605,9.948376736367678,0.19999999999999607,6.157521601035995,23.520000000000003,6.157521601035995,5.99109281883114,0.5052899794696277,38
2606,9.948376736367678,0.760000000000002,0.12566370614359174,0.4800000000000001,0.12566370614359174,6.058182588757081,0.6646224283151487,38
2607,9.948376736367678,1.9600000000000004,0.4398229715025711,1.6800000000000004,0.4398229715025711,6.203218215411877,0.950851231979884,38
2608,9.948376736367678,1.9600000000000004,0.4398229715025711,1.6800000000000004,0.4398229715025711,0.11737221741555451,0.7604396945974716,38
2609,9.948376736367678,6.439999999999999,4.523893421169302,17.28,4.523893421169302,5.210258381735956,1.198191460725062,38
2610,9.948376736367678,10.120000000000003,2.5761059759436304,9.840000000000002,2.5761059759436304,2.600991176252191,0.3366071159738561,38
2611,9.948376736367678,6.919999999999999,4.39822971502571,16.8,4.39822971502571,4.718259452572874,1.1629372171411065,38
2612,9.948376736367678,1.3999999999999961,5.843362335677016,22.320000000000004,5.843362335677016,5.77310066447169,0.4573673500939557,38
2613,9.948376736367678,2.6800000000000033,0.6283185307179586,2.4000000000000004,0.6283185307179586,0.4046103228342879,0.8893567383937822,38
2614,9.948376736367678,1.1599999999999975,5.906194188748811,22.560000000000002,5.906194188748811,5.838873074873629,0.4314736790845445,38
2615,9.948376736367678,0.28000000000000125,0.0,0.0,0.0,5.865151211690375,0.6748634413878587,38
2616,9.948376736367678,1.6399999999999981,5.7805304826052195,22.080000000000002,5.7805304826052195,5.743053898862853,0.4443833035731277,38
2617,9.948376736367678,4.120000000000002,1.0053096491487339,3.8400000000000007,1.0053096491487339,1.294042405436783,1.7590422792833313,38
2618,9.948376736367678,2.6800000000000033,0.6283185307179586,2.4000000000000004,0.6283185307179586,0.5538486923913675,0.569606527302824,38
2619,9.948376736367678,2.2000000000000024,0.5026548245743669,1.9200000000000004,0.5026548245743669,0.43827668031794614,0.44561672839837474,38
2620,9.948376736367678,2.6800000000000033,0.6283185307179586,2.4000000000000004,0.6283185307179586,0.2690320258868909,0.9612370099953272,38
2621,9.948376736367678,2.6800000000000033,0.6283185307179586,2.4000000000000004,0.6283185307179586,0.49704928830677164,0.6878859771078237,38
2622,9.948376736367678,1.480000000000003,0.3141592653589793,1.2000000000000002,0.3141592653589793,0.10102048956319878,0.5580060779846925,38
2623,9.948376736367678,0.760000000000002,0.12566370614359174,0.4800000000000001,0.12566370614359174,6.085292459147761,0.6764193662871264,38
2624,9.948376736367678,0.0400000000000026,6.220353454107791,23.76,6.220353454107791,5.8830371392298835,0.691747538352067,38
2625,9.948376736367678,2.2000000000000024,0.5026548245743669,1.9200000000000004,0.5026548245743669,0.43054478630993276,0.5216904316162452,38
2626,9.948376736367678,0.4399999999999981,6.094689747964199,23.28,6.094689747964199,5.942420203410238,0.5006152942255535,38
2627,9.948376736367678,6.280000000000004,1.5707963267948968,6.000000000000002,1.5707963267948968,2.0421594078227385,0.7744940167961841,38
2628,9.948376736367678,2.2000000000000024,0.5026548245743669,1.9200000000000004,0.5026548245743669,0.4034233116166253,0.6400292614961082,38
2629,9.948376736367678,2.2000000000000024,0.5026548245743669,1.9200000000000004,0.5026548245743669,0.3775151480634223,0.4973553748233297,38
2630,9.948376736367678,1.6399999999999981,5.7805304826052195,22.080000000000002,5.7805304826052195,5.780535194017431,0.40680725074816154,38
2631,9.948376736367678,2.4400000000000013,0.5654866776461628,2.16,0.5654866776461628,0.1669030041078443,0.8804892265327648,38
2632,9.948376736367678,1.8799999999999968,5.717698629533424,21.840000000000003,5.717698629533424,5.726792046145337,0.4048948398479812,38
2633,9.948376736367678,3.319999999999996,5.340707511102649,20.400000000000006,5.340707511102649,5.52722418012829,0.5984166338928327,38
2634,9.948376736367678,1.8799999999999968,5.717698629533424,21.840000000000003,5.717698629533424,5.683133403765411,0.4288684058329708,38
2635,9.948376736367678,2.4400000000000013,0.5654866776461628,2.16,0.5654866776461628,6.039597931799478,1.1521875743269856,38
2636,9.948376736367678,3.640000000000001,0.8796459430051422,3.3600000000000008,0.8796459430051422,0.8585579787866067,0.5325796280631563,38
2637,9.948376736367678,5.8000000000000025,1.4451326206513049,5.5200000000000005,1.4451326206513049,1.6554445131064999,0.5471639560145434,38
2638,9.948376736367678,7.720000000000002,1.9477874452256718,7.440000000000001,1.9477874452256718,2.154788328598734,0.4673282471368619,38
2639,9.948376736367678,1.8799999999999968,5.717698629533424,21.840000000000003,5.717698629533424,5.738443531104786,0.4258969417467881,38
2640,9.948376736367678,6.199999999999997,4.586725274241099,17.520000000000003,4.586725274241099,5.390970297052851,1.208175880771604,38
2641,9.948376736367678,2.599999999999996,5.529203070318037,21.120000000000005,5.529203070318037,5.6064113319094915,0.519392151206834,38
2642,9.948376736367678,4.039999999999998,5.152211951887261,19.680000000000003,5.152211951887261,5.625343739220417,0.7107021730040136,38
2643,9.948376736367678,6.199999999999997,4.586725274241099,17.520000000000003,4.586725274241099,5.087010492664572,1.1043030055901628,38
2644,9.948376736367678,1.6399999999999981,5.7805304826052195,22.080000000000002,5.7805304826052195,5.763466946390471,0.4895725375007858,38
2645,9.948376736367678,6.919999999999999,4.39822971502571,16.8,4.39822971502571,4.4527202217433075,0.7558623903362102,38
2646,9.948376736367678,6.679999999999997,4.461061568097507,17.040000000000003,4.461061568097507,4.470138843108511,0.5448738879870352,38
2647,9.948376736367678,7.639999999999999,4.209734155810323,16.080000000000002,4.209734155810323,4.162177810738749,1.3639523639817905,38
2648,9.948376736367678,1.0000000000000007,0.1884955592153876,0.7200000000000001,0.1884955592153876,5.876805983567346,0.8163110448166377,38
2649,9.948376736367678,1.9600000000000004,0.4398229715025711,1.6800000000000004,0.4398229715025711,6.024137446104969,0.9724155063373364,38
2650,9.948376736367678,4.840000000000002,1.1938052083641215,4.5600000000000005,1.1938052083641215,1.2978723124399993,0.5416969409251732,38
2651,9.948376736367678,1.8799999999999968,5.717698629533424,21.840000000000003,5.717698629533424,5.727650452917801,0.6081926432113018,38
2652,9.948376736367678,2.1199999999999957,5.6548667764616285,21.600000000000005,5.6548667764616285,5.68438922248125,0.3775113737497016,38
2653,9.948376736367678,2.1199999999999957,5.6548667764616285,21.600000000000005,5.6548667764616285,5.668905869050436,0.5030738127029744,38
2654,9.948376736367678,0.6799999999999968,6.031857894892403,23.040000000000003,6.031857894892403,5.803489701349352,0.6011126446188868,38
2655,9.948376736367678,2.6800000000000033,0.6283185307179586,2.4000000000000004,0.6283185307179586,0.631024068720468,0.3979068234000593,38
2656,9.948376736367678,7.639999999999999,4.209734155810323,16.080000000000002,4.209734155810323,5.394282955876797,2.4288072474098885,38
2657,9.948376736367678,2.599999999999996,5.529203070318037,21.120000000000005,5.529203070318037,5.621738836953202,0.4604439258266734,38
2658,9.948376736367678,4.9999999999999964,4.900884539600078,18.720000000000006,4.900884539600078,5.219611536306775,0.6689892073305692,38
2659,9.948376736367678,2.3599999999999977,5.592034923389832,21.360000000000003,5.592034923389832,5.627418366145216,0.3820708260366561,38
2660,9.948376736367678,6.919999999999999,4.39822971502571,16.8,4.39822971502571,4.501567465311335,0.8831191110413306,38
2661,9.948376736367678,2.1199999999999957,5.6548667764616285,21.600000000000005,5.6548667764616285,5.66016548248172,0.3883155322163562,38
2662,9.948376736367678,1.7200000000000017,0.3769911184307752,1.4400000000000002,0.3769911184307752,0.29457763296434086,0.47429127502387486,38
2663,9.948376736367678,1.480000000000003,0.3141592653589793,1.2000000000000002,0.3141592653589793,6.268015508644774,0.7164720661954734,38
2664,9.948376736367678,2.6800000000000033,0.6283185307179586,2.4000000000000004,0.6283185307179586,0.425437041997936,0.9668604078990503,38
2665,9.948376736367678,2.599999999999996,5.529203070318037,21.120000000000005,5.529203070318037,5.655851383279652,0.6333736610387205,38
2666,9.948376736367678,2.6800000000000033,0.6283185307179586,2.4000000000000004,0.6283185307179586,0.5055246142688208,0.6027161046338942,38
2667,9.948376736367678,2.4400000000000013,0.5654866776461628,2.16,0.5654866776461628,0.4504468170472171,0.6477862764277865,38
2668,9.948376736367678,7.399999999999997,4.272566008882119,16.320000000000004,4.272566008882119,4.231067154911001,0.988806156725043,38
2669,9.948376736367678,8.599999999999998,3.9584067435231396,15.120000000000003,3.9584067435231396,3.833874629359374,0.6469966594238433,38
2670,9.948376736367678,6.520000000000002,1.6336281798666925,6.240000000000001,1.6336281798666925,1.7199953709919162,0.3547511384134265,38
2671,9.948376736367678,2.6800000000000033,0.6283185307179586,2.4000000000000004,0.6283185307179586,0.5735599588555247,0.4146659539425625,38
2672,9.948376736367678,2.9200000000000017,0.6911503837897546,2.6400000000000006,0.6911503837897546,0.18843507501671883,1.2455399163466967,38
2673,9.948376736367678,0.9199999999999955,5.969026041820608,22.800000000000004,5.969026041820608,5.853249833891073,0.4865482516882084,38
2674,9.948376736367678,4.9999999999999964,4.900884539600078,18.720000000000006,4.900884539600078,5.2966370130700025,0.7750082935039525,38
2675,9.948376736367678,2.1199999999999957,5.6548667764616285,21.600000000000005,5.6548667764616285,5.6826649742031075,0.43177787181843374,38
2676,9.948376736367678,2.4400000000000013,0.5654866776461628,2.16,0.5654866776461628,0.20372905103292263,1.0099960268244443,38
2677,9.948376736367678,1.8799999999999968,5.717698629533424,21.840000000000003,5.717698629533424,5.718317452444927,0.4870382186642114,38
2678,9.948376736367678,4.36,1.0681415022205298,4.080000000000001,1.0681415022205298,1.121432802184359,0.5980171334797386,38
2679,9.948376736367678,1.240000000000001,0.25132741228718347,0.9600000000000002,0.25132741228718347,6.06921245567281,0.825880190790618,38
2680,9.948376736367678,0.9199999999999955,5.969026041820608,22.800000000000004,5.969026041820608,5.860567757209838,0.4731580002104106,38
2681,9.948376736367678,4.039999999999998,5.152211951887261,19.680000000000003,5.152211951887261,5.549494539538256,0.683811119117728,38
2682,9.948376736367678,5.959999999999998,4.649557127312894,17.76,4.649557127312894,5.193399818256907,1.0173891561076256,38
2683,9.948376736367678,4.9999999999999964,4.900884539600078,18.720000000000006,4.900884539600078,5.694913551657911,0.8858842101939833,38
2684,9.948376736367678,3.7999999999999963,5.215043804959057,19.920000000000005,5.215043804959057,5.576488452627098,0.641722254266196,38
2685,9.948376736367678,1.8799999999999968,5.717698629533424,21.840000000000003,5.717698629533424,5.736799684493118,0.4378982828907494,38
2686,9.948376736367678,5.959999999999998,4.649557127312894,17.76,4.649557127312894,4.9375920581273665,0.8336032635994172,38
2687,9.948376736367678,8.359999999999998,4.0212385965949355,15.360000000000003,4.0212385965949355,3.164146589315527,1.7431330571504613,38
2688,9.948376736367678,5.479999999999997,4.775220833456486,18.240000000000002,4.775220833456486,5.528940582060597,0.9525831738118564,38
2689,9.948376736367678,2.1199999999999957,5.6548667764616285,21.600000000000005,5.6548667764616285,5.686020390580959,0.6046337624597645,38
2690,9.948376736367678,5.959999999999998,4.649557127312894,17.76,4.649557127312894,5.290696652022359,1.1119594600380533,38
2691,9.948376736367678,2.9200000000000017,0.6911503837897546,2.6400000000000006,0.6911503837897546,6.0910447749449235,1.4797056206733266,38
2692,9.948376736367678,3.640000000000001,0.8796459430051422,3.3600000000000008,0.8796459430051422,0.6036522057005662,1.7529395433187367,38
2693,9.948376736367678,4.840000000000002,1.1938052083641215,4.5600000000000005,1.1938052083641215,1.2802383124302459,0.344951299162692,38
2694,9.948376736367678,5.5600000000000005,1.3823007675795091,5.280000000000001,1.3823007675795091,1.4937057954648838,0.492004927887788,38
2695,9.948376736367678,3.640000000000001,0.8796459430051422,3.3600000000000008,0.8796459430051422,0.14379902954446397,2.323817939219733,38
2696,9.948376736367678,3.1600000000000006,0.7539822368615504,2.8800000000000003,0.7539822368615504,0.0767935913504001,1.5607689586760725,38
2697,9.948376736367678,7.159999999999998,4.335397861953915,16.560000000000002,4.335397861953915,4.403862818002963,0.7922601100624139,38
2698,9.948376736367678,1.9600000000000004,0.4398229715025711,1.6800000000000004,0.4398229715025711,5.863177256646393,1.0705271607289315,38
2699,9.948376736367678,3.8800000000000034,0.942477796076938,3.6000000000000005,0.942477796076938,1.0131598792824672,0.5176640964767232,38
2700,9.948376736367678,2.9200000000000017,0.6911503837897546,2.6400000000000006,0.6911503837897546,0.7129570435488697,0.4087585896894698,38
2701,9.948376736367678,9.640000000000006,2.450442269800039,9.360000000000003,2.450442269800039,2.490179466496067,0.3058892387818037,38
2702,9.948376736367678,7.960000000000001,2.0106192982974678,7.6800000000000015,2.0106192982974678,2.0937526269676847,0.3333345978031806,38
2703,9.948376736367678,8.440000000000005,2.1362830044410597,8.160000000000002,2.1362830044410597,2.486709466216026,0.5770901812469842,38
2704,9.948376736367678,4.120000000000002,1.0053096491487339,3.8400000000000007,1.0053096491487339,1.0129502349149422,0.37541243386088535,38
2705,9.948376736367678,5.8000000000000025,1.4451326206513049,5.5200000000000005,1.4451326206513049,1.612891931544801,0.48283066945716097,38
2706,9.948376736367678,3.8800000000000034,0.942477796076938,3.6000000000000005,0.942477796076938,0.9757581198913261,0.6260512631358063,38
2707,9.948376736367678,1.3999999999999961,5.843362335677016,22.320000000000004,5.843362335677016,5.7835053624659665,0.48858448373562285,38
2708,9.948376736367678,7.720000000000002,1.9477874452256718,7.440000000000001,1.9477874452256718,2.0309288301835,0.34771717047836415,38
2709,9.948376736367678,2.9200000000000017,0.6911503837897546,2.6400000000000006,0.6911503837897546,0.09232851031938798,1.3462769198189701,38
2710,9.948376736367678,4.600000000000002,1.1309733552923256,4.32,1.1309733552923256,1.2559369101831666,0.5897362677204762,38
2711,9.948376736367678,2.2000000000000024,0.5026548245743669,1.9200000000000004,0.5026548245743669,0.4722599315511117,0.2840772674624383,38
2712,9.948376736367678,3.4000000000000026,0.8168140899333463,3.1200000000000006,0.8168140899333463,0.8739332223813934,0.6325122805559638,38
2713,9.948376736367678,6.520000000000002,1.6336281798666925,6.240000000000001,1.6336281798666925,2.0572351773206017,0.6877672013062964,38
2714,9.948376736367678,1.8799999999999968,5.717698629533424,21.840000000000003,5.717698629533424,5.709626704020821,0.4874014575088446,38
2715,9.948376736367678,7.720000000000002,1.9477874452256718,7.440000000000001,1.9477874452256718,2.2630535188442367,0.5820970888545532,38
2716,9.948376736367678,1.6399999999999981,5.7805304826052195,22.080000000000002,5.7805304826052195,5.733370152318365,0.4587397217213287,38
2717,9.948376736367678,1.8799999999999968,5.717698629533424,21.840000000000003,5.717698629533424,5.730094523883281,0.47572169200765735,38
2718,9.948376736367678,5.719999999999999,4.71238898038469,18.0,4.71238898038469,5.148287958620482,0.9135264601566302,38
2719,9.948376736367678,4.9999999999999964,4.900884539600078,18.720000000000006,4.900884539600078,5.546088961580939,0.867003554707961,38
2720,9.948376736367678,3.4000000000000026,0.8168140899333463,3.1200000000000006,0.8168140899333463,0.06150104234305874,1.725382504920981,38
2721,9.948376736367678,7.399999999999997,4.272566008882119,16.320000000000004,4.272566008882119,4.258295817748351,1.1022657974209613,38
2722,9.948376736367678,0.760000000000002,0.12566370614359174,0.4800000000000001,0.12566370614359174,6.187128862898867,0.607473099346727,38
2723,9.948376736367678,2.9200000000000017,0.6911503837897546,2.6400000000000006,0.6911503837897546,6.03666264406436,1.330560172289321,38
2724,9.948376736367678,2.9200000000000017,0.6911503837897546,2.6400000000000006,0.6911503837897546,0.5748319333765192,0.7837846938887794,38
2725,9.948376736367678,4.759999999999998,4.9637163926718735,18.960000000000004,4.9637163926718735,5.421791490194119,0.7685680605736598,38
2726,9.948376736367678,8.839999999999998,3.8955748904513436,14.880000000000003,3.8955748904513436,3.634957347952357,0.8379742858690435,38
2727,9.948376736367678,8.599999999999998,3.9584067435231396,15.120000000000003,3.9584067435231396,3.757009605234273,0.7448005248443615,38
2728,9.948376736367678,5.239999999999998,4.838052686528282,18.48,4.838052686528282,5.688651829193409,0.9188878852891816,38
2729,9.948376736367678,1.0000000000000007,0.1884955592153876,0.7200000000000001,0.1884955592153876,6.117430547304333,0.7021053689896691,38
2730,9.948376736367678,1.6399999999999981,5.7805304826052195,22.080000000000002,5.7805304826052195,5.754787564435372,0.4592515884941564,38
2731,9.948376736367678,1.3999999999999961,5.843362335677016,22.320000000000004,5.843362335677016,5.7883014523153875,0.4940948715647224,38
2732,9.948376736367678,4.600000000000002,1.1309733552923256,4.32,1.1309733552923256,1.5522545743226905,1.5094511193390514,38
2733,9.948376736367678,0.6799999999999968,6.031857894892403,23.040000000000003,6.031857894892403,5.9885872746801745,0.4167529249397454,38
2734,9.948376736367678,9.640000000000006,2.450442269800039,9.360000000000003,2.450442269800039,2.4890729479550155,0.2954142809172344,38
2735,9.948376736367678,7.960000000000001,2.0106192982974678,7.6800000000000015,2.0106192982974678,2.104587498611436,0.3307125862195291,38
2736,9.948376736367678,4.120000000000002,1.0053096491487339,3.8400000000000007,1.0053096491487339,1.0039952259179208,0.6107628614620904,38
2737,9.948376736367678,3.1600000000000006,0.7539822368615504,2.8800000000000003,0.7539822368615504,0.07570376576570072,1.4787038730599835,38
2738,9.948376736367678,1.7200000000000017,0.3769911184307752,1.4400000000000002,0.3769911184307752,6.2806792791707675,0.8107694019777305,38
2739,9.948376736367678,2.1199999999999957,5.6548667764616285,21.600000000000005,5.6548667764616285,5.6343338021176645,0.4281214682954096,38
2740,9.948376736367678,0.19999999999999607,6.157521601035995,23.520000000000003,6.157521601035995,5.917600806434933,0.6140816311275252,38
2741,9.948376736367678,6.439999999999999,4.523893421169302,17.28,4.523893421169302,5.613465859520312,1.47023227180157,38
2742,9.948376736367678,5.479999999999997,4.775220833456486,18.240000000000002,4.775220833456486,5.640404789199608,0.9926216090792269,38
2743,9.948376736367678,7.720000000000002,1.9477874452256718,7.440000000000001,1.9477874452256718,2.306406564872463,0.5531505747063856,38
2744,9.948376736367678,5.239999999999998,4.838052686528282,18.48,4.838052686528282,5.100894252486904,0.6433439696118973,38
2745,9.948376736367678,5.5600000000000005,1.3823007675795091,5.280000000000001,1.3823007675795091,1.4525417255797675,0.37389814634296914,38
2746,9.948376736367678,4.840000000000002,1.1938052083641215,4.5600000000000005,1.1938052083641215,1.483262011684072,0.9070194104045645,38
2747,9.948376736367678,11.959999999999999,3.0787608005179976,11.760000000000002,3.0787608005179976,2.795580194429556,0.5232711589173463,38
2748,9.948376736367678,9.319999999999999,3.769911184307752,14.400000000000002,3.769911184307752,3.4140009329198424,0.8248227473271941,38
2749,9.948376736367678,10.999999999999998,3.330088212805181,12.720000000000002,3.330088212805181,2.7805870637946564,0.7347621637582541,38
2750,9.948376736367678,6.280000000000004,1.5707963267948968,6.000000000000002,1.5707963267948968,2.4445583830956856,0.9299681386063603,38
2751,9.948376736367678,7.240000000000001,1.8221237390820801,6.960000000000001,1.8221237390820801,1.8804617139285644,0.3009309702154404,38
2752,9.948376736367678,8.920000000000002,2.261946710584651,8.64,2.261946710584651,2.345584246776574,0.36491260135826176,38
2753,9.948376736367678,7.240000000000001,1.8221237390820801,6.960000000000001,1.8221237390820801,2.1473748441014022,0.5462205744283977,38
2754,9.948376736367678,10.999999999999998,3.330088212805181,12.720000000000002,3.330088212805181,2.8418117061170767,0.6751021004448202,38
2755,9.948376736367678,10.600000000000003,2.7017696820872223,10.320000000000002,2.7017696820872223,2.655671597455402,0.36069310907453833,38
2756,9.948376736367678,3.1600000000000006,0.7539822368615504,2.8800000000000003,0.7539822368615504,0.3714357506578672,1.3999038062452185,38
2757,9.948376736367678,4.840000000000002,1.1938052083641215,4.5600000000000005,1.1938052083641215,1.3033220759354607,0.47063669470527125,38
2758,9.948376736367678,10.999999999999998,3.330088212805181,12.720000000000002,3.330088212805181,2.807264802549638,0.7042178264092359,38
2759,9.948376736367678,7.000000000000003,1.7592918860102844,6.7200000000000015,1.7592918860102844,1.8837717357274546,0.4087636904678161,38
2760,9.948376736367678,5.959999999999998,4.649557127312894,17.76,4.649557127312894,5.544380111644691,1.1738899311484694,38
2761,9.948376736367678,0.19999999999999607,6.157521601035995,23.520000000000003,6.157521601035995,5.82890974814138,0.709572062818573,38
2762,9.948376736367678,9.799999999999999,3.6442474781641603,13.920000000000002,3.6442474781641603,3.3013237243611586,0.7267681470099089,38
2763,9.948376736367678,2.599999999999996,5.529203070318037,21.120000000000005,5.529203070318037,5.594667415331138,0.48871849005034795,38
2764,9.948376736367678,6.199999999999997,4.586725274241099,17.520000000000003,4.586725274241099,5.2528930522041115,1.1197701801703148,38
2765,9.948376736367678,5.719999999999999,4.71238898038469,18.0,4.71238898038469,5.346498315467566,0.9627097777978445,38
2766,9.948376736367678,6.439999999999999,4.523893421169302,17.28,4.523893421169302,5.486302539062028,1.3868551513813465,38
2767,9.948376736367678,1.1599999999999975,5.906194188748811,22.560000000000002,5.906194188748811,5.804656072167846,0.5212552160325913,38
2768,9.948376736367678,2.599999999999996,5.529203070318037,21.120000000000005,5.529203070318037,5.623813855424547,0.5438175365103544,38
2769,9.948376736367678,1.6399999999999981,5.7805304826052195,22.080000000000002,5.7805304826052195,5.736717345020521,0.4988506669689805,38
2770,9.948376736367678,1.480000000000003,0.3141592653589793,1.2000000000000002,0.3141592653589793,6.096869222003293,0.8789134595755068,38
2771,9.948376736367678,0.28000000000000125,0.0,0.0,0.0,5.918427789950836,0.6553584219530728,38
2772,9.948376736367678,4.840000000000002,1.1938052083641215,4.5600000000000005,1.1938052083641215,1.545951412282443,1.2243219806490073,38
2773,9.948376736367678,5.239999999999998,4.838052686528282,18.48,4.838052686528282,5.515542992053391,0.8674879666428544,38
2774,9.948376736367678,0.5200000000000016,0.06283185307179587,0.24000000000000005,0.06283185307179587,6.142095938749063,0.5646620708453921,38
2775,9.948376736367678,1.9600000000000004,0.4398229715025711,1.6800000000000004,0.4398229715025711,6.005546988936797,0.983995087064424,38
2776,9.948376736367678,5.719999999999999,4.71238898038469,18.0,4.71238898038469,4.9865081380106755,0.7704435933898205,38
2777,9.948376736367678,1.3999999999999961,5.843362335677016,22.320000000000004,5.843362335677016,5.8023411173770025,0.428204093904279,38
2778,9.948376736367678,4.279999999999997,5.089380098815465,19.440000000000005,5.089380098815465,5.404593635427145,0.6243705994299144,38
2779,9.948376736367678,1.3999999999999961,5.843362335677016,22.320000000000004,5.843362335677016,5.808922918146584,0.47274244642951085,38
2780,9.948376736367678,2.3599999999999977,5.592034923389832,21.360000000000003,5.592034923389832,5.6553326161074775,0.5641784522555681,38
2781,9.948376736367678,2.599999999999996,5.529203070318037,21.120000000000005,5.529203070318037,5.613017813284875,0.5102717357118255,38
2782,9.948376736367678,1.240000000000001,0.25132741228718347,0.9600000000000002,0.25132741228718347,5.755708255952166,0.900733458021542,38
2783,9.948376736367678,3.1600000000000006,0.7539822368615504,2.8800000000000003,0.7539822368615504,6.038811827917435,1.70109431279934,38
2784,9.948376736367678,4.840000000000002,1.1938052083641215,4.5600000000000005,1.1938052083641215,1.9331871154431173,1.4093660021511796,38
2785,9.948376736367678,2.6800000000000033,0.6283185307179586,2.4000000000000004,0.6283185307179586,5.855694672143027,1.3321101875880645,38
2786,9.948376736367678,0.19999999999999607,6.157521601035995,23.520000000000003,6.157521601035995,6.0485892433307855,0.4760645784796113,38
2787,9.948376736367678,1.8799999999999968,5.717698629533424,21.840000000000003,5.717698629533424,5.717900244665926,0.4553029712936304,38
2788,9.948376736367678,7.159999999999998,4.335397861953915,16.560000000000002,4.335397861953915,4.505193445274875,1.136625430056975,38
2789,9.948376736367678,0.4399999999999981,6.094689747964199,23.28,6.094689747964199,5.8265946423219415,0.6262342808563837,38
2790,9.948376736367678,1.0000000000000007,0.1884955592153876,0.7200000000000001,0.1884955592153876,5.84105981885,0.7944449015799634,38
2791,9.948376736367678,11.320000000000002,2.8902652413026098,11.040000000000001,2.8902652413026098,2.7295673281636033,0.47228510998515844,38
2792,9.948376736367678,3.1600000000000006,0.7539822368615504,2.8800000000000003,0.7539822368615504,0.749049061363478,0.5603631440500455,38
2793,9.948376736367678,1.7200000000000017,0.3769911184307752,1.4400000000000002,0.3769911184307752,6.131203558912972,0.8959349236202985,38
2794,9.948376736367678,0.0400000000000026,6.220353454107791,23.76,6.220353454107791,6.038050372383873,0.5155891164432298,38
2795,9.948376736367678,7.399999999999997,4.272566008882119,16.320000000000004,4.272566008882119,4.326082008685233,1.180245060697317,38
2796,9.948376736367678,0.19999999999999607,6.157521601035995,23.520000000000003,6.157521601035995,5.999345111978053,0.5364418612354211,38
2797,9.948376736367678,0.5200000000000016,0.06283185307179587,0.24000000000000005,0.06283185307179587,5.894813367441618,0.6909635194324542,38
2798,9.948376736367678,2.1199999999999957,5.6548667764616285,21.600000000000005,5.6548667764616285,5.667393860521808,0.4021145848839644,38
2799,9.948376736367678,2.4400000000000013,0.5654866776461628,2.16,0.5654866776461628,0.345845677797239,0.7839967138272762,38
2800,9.948376736367678,5.959999999999998,4.649557127312894,17.76,4.649557127312894,4.947988194265654,0.7787389448189368,38
2801,9.948376736367678,0.9199999999999955,5.969026041820608,22.800000000000004,5.969026041820608,5.830969411984021,0.5355272095782188,38
2802,9.948376736367678,2.1199999999999957,5.6548667764616285,21.600000000000005,5.6548667764616285,5.668557238996053,0.44837819193070483,38
2803,9.948376736367678,2.4400000000000013,0.5654866776461628,2.16,0.5654866776461628,0.5211306926108228,0.3810379013406576,38
2804,9.948376736367678,6.439999999999999,4.523893421169302,17.28,4.523893421169302,5.227188242452714,1.3220183238611112,38
2805,9.948376736367678,4.36,1.0681415022205298,4.080000000000001,1.0681415022205298,2.3062042100464946,1.877242704512365,38
2806,9.948376736367678,0.6799999999999968,6.031857894892403,23.040000000000003,6.031857894892403,5.826889332388842,0.6051089205172814,38
2807,9.948376736367678,2.8399999999999985,5.46637121724624,20.880000000000003,5.46637121724624,5.661258976499799,0.6165712867123162,38
2808,9.948376736367678,4.36,1.0681415022205298,4.080000000000001,1.0681415022205298,1.2364800074100828,1.0074721666627935,38
2809,9.948376736367678,1.480000000000003,0.3141592653589793,1.2000000000000002,0.3141592653589793,0.21660296062748854,0.5319969223626209,38
2810,9.948376736367678,2.8399999999999985,5.46637121724624,20.880000000000003,5.46637121724624,5.555670447552238,0.4927172598337343,38
2811,9.948376736367678,3.4000000000000026,0.8168140899333463,3.1200000000000006,0.8168140899333463,0.8001354968789758,0.34114355911344435,38
2812,9.948376736367678,1.7200000000000017,0.3769911184307752,1.4400000000000002,0.3769911184307752,0.26051030310870993,0.4730903118869891,38
2813,9.948376736367678,3.8800000000000034,0.942477796076938,3.6000000000000005,0.942477796076938,0.6615013084528938,1.8447514330234744,38
2814,9.948376736367678,3.7999999999999963,5.215043804959057,19.920000000000005,5.215043804959057,5.382536710788183,0.5423058019529988,38
2815,9.948376736367678,1.240000000000001,0.25132741228718347,0.9600000000000002,0.25132741228718347,0.09675616329219601,0.5289419695146504,38
2816,9.948376736367678,7.960000000000001,2.0106192982974678,7.6800000000000015,2.0106192982974678,2.102870352300228,0.36890442701074566,38
2817,9.948376736367678,8.200000000000003,2.0734511513692637,7.920000000000002,2.0734511513692637,2.153290379400533,0.3317775765485576,38
2818,9.948376736367678,3.559999999999998,5.277875658030853,20.160000000000004,5.277875658030853,5.56151204563335,0.615204946851934,38
2819,9.948376736367678,5.8000000000000025,1.4451326206513049,5.5200000000000005,1.4451326206513049,1.7873420238146323,0.7867344008078776,38
2820,9.948376736367678,6.280000000000004,1.5707963267948968,6.000000000000002,1.5707963267948968,1.8114964728658616,0.5007231667892482,38
2821,9.948376736367678,6.919999999999999,4.39822971502571,16.8,4.39822971502571,4.964071299622297,1.413769617628206,38
2822,9.948376736367678,1.3999999999999961,5.843362335677016,22.320000000000004,5.843362335677016,5.728009639167764,0.6139287971271131,38
2823,9.948376736367678,1.7200000000000017,0.3769911184307752,1.4400000000000002,0.3769911184307752,6.037374292703148,0.9266996237603964,38
2824,9.948376736367678,1.0000000000000007,0.1884955592153876,0.7200000000000001,0.1884955592153876,6.172156300433709,0.6197731200994455,38
2825,9.948376736367678,1.1599999999999975,5.906194188748811,22.560000000000002,5.906194188748811,5.73183111165335,0.5944506100270612,38
2826,9.948376736367678,0.4399999999999981,6.094689747964199,23.28,6.094689747964199,5.915696526657831,0.544348064809429,38
2827,9.948376736367678,8.359999999999998,4.0212385965949355,15.360000000000003,4.0212385965949355,2.8474318525840583,1.640720097899207,38
2828,9.948376736367678,5.239999999999998,4.838052686528282,18.48,4.838052686528282,5.424846670257117,0.852985243781175,38
2829,9.948376736367678,8.599999999999998,3.9584067435231396,15.120000000000003,3.9584067435231396,3.7036964525534075,0.9812049191703599,38
2830,9.948376736367678,4.279999999999997,5.089380098815465,19.440000000000005,5.089380098815465,5.521271024684993,0.6879431034056119,38
2831,9.948376736367678,0.6799999999999968,6.031857894892403,23.040000000000003,6.031857894892403,5.904598106292419,0.5136545944102333,38
2832,9.948376736367678,5.479999999999997,4.775220833456486,18.240000000000002,4.775220833456486,5.457658123660174,0.9721776367086317,38
2833,9.948376736367678,3.559999999999998,5.277875658030853,20.160000000000004,5.277875658030853,5.450996873962573,0.5318955383156065,38
2834,9.948376736367678,3.4000000000000026,0.8168140899333463,3.1200000000000006,0.8168140899333463,5.975236108031743,1.7933417325347385,38
2835,9.948376736367678,1.8799999999999968,5.717698629533424,21.840000000000003,5.717698629533424,5.720690008448954,0.48251542739052766,38
2836,9.948376736367678,2.599999999999996,5.529203070318037,21.120000000000005,5.529203070318037,5.655621942181226,0.5608357059222278,38
2837,9.948376736367678,0.19999999999999607,6.157521601035995,23.520000000000003,6.157521601035995,5.714977181426675,0.7128386254021516,38
2838,9.948376736367678,1.1599999999999975,5.906194188748811,22.560000000000002,5.906194188748811,5.789333848462542,0.5296821886187559,38
2839,9.948376736367678,1.8799999999999968,5.717698629533424,21.840000000000003,5.717698629533424,5.718329897275706,0.48142004379570263,38
2840,9.948376736367678,2.8399999999999985,5.46637121724624,20.880000000000003,5.46637121724624,5.601388872356296,0.5511000501805438,38
2841,9.948376736367678,1.480000000000003,0.3141592653589793,1.2000000000000002,0.3141592653589793,6.196049332178946,0.8314745635694452,38
2842,9.948376736367678,0.28000000000000125,0.0,0.0,0.0,5.939655389649759,0.6698491220730186,38
2843,9.948376736367678,4.9999999999999964,4.900884539600078,18.720000000000006,4.900884539600078,5.6109064944116325,0.8859577004305986,38
2844,9.948376736367678,2.8399999999999985,5.46637121724624,20.880000000000003,5.46637121724624,5.558942071637167,0.4794186724559013,38
2845,9.948376736367678,2.8399999999999985,5.46637121724624,20.880000000000003,5.46637121724624,5.608526242182582,0.5592844973976031,38
2846,9.948376736367678,3.079999999999997,5.403539364174445,20.640000000000004,5.403539364174445,5.602391982784807,0.5992639817570882,38
2847,9.948376736367678,2.3599999999999977,5.592034923389832,21.360000000000003,5.592034923389832,5.5995290049526645,0.43397072240637885,38
2848,9.948376736367678,10.519999999999998,3.455751918948773,13.200000000000003,3.455751918948773,2.8084716650861243,0.8081692529308296,38
2849,9.948376736367678,2.1199999999999957,5.6548667764616285,21.600000000000005,5.6548667764616285,5.69798466325693,0.5095958411208117,38
2850,9.948376736367678,1.6399999999999981,5.7805304826052195,22.080000000000002,5.7805304826052195,5.762070071669125,0.43635276667610456,38
2851,9.948376736367678,1.3999999999999961,5.843362335677016,22.320000000000004,5.843362335677016,5.824750998161465,0.36247473016395704,38
2852,9.948376736367678,1.480000000000003,0.3141592653589793,1.2000000000000002,0.3141592653589793,5.936256230817853,0.9639813890759366,38
2853,9.948376736367678,3.319999999999996,5.340707511102649,20.400000000000006,5.340707511102649,5.5781861206865955,0.6089019663160882,38
2854,9.948376736367678,0.9199999999999955,5.969026041820608,22.800000000000004,5.969026041820608,5.752824574201767,0.6248874363641009,38
2855,9.948376736367678,8.599999999999998,3.9584067435231396,15.120000000000003,3.9584067435231396,3.8683938319307645,0.5516785342873829,38
2856,8.90117918517108,0.2799999999999945,5.089380098815465,19.440000000000005,5.089380098815465,5.490230459023143,0.6716039707665078,34
2857,8.90117918517108,1.880000000000007,5.6548667764616285,21.600000000000005,5.6548667764616285,5.68401740213572,0.42184264007618083,34
2858,8.90117918517108,3.639999999999996,4.209734155810323,16.080000000000002,4.209734155810323,4.102190441926602,0.8771218580016013,34
2859,8.90117918517108,0.7599999999999952,4.9637163926718735,18.960000000000004,4.9637163926718735,5.3131047173798835,0.703720990926162,34
2860,8.90117918517108,2.679999999999995,4.461061568097507,17.040000000000003,4.461061568097507,5.352333886746133,1.4419793304818862,34
2861,8.90117918517108,0.7599999999999952,4.9637163926718735,18.960000000000004,4.9637163926718735,5.545541604840203,0.7877724277852638,34
2862,8.90117918517108,1.239999999999996,4.838052686528282,18.48,4.838052686528282,5.206164028155857,0.7454970244948876,34
2863,8.90117918517108,2.439999999999996,4.523893421169302,17.28,4.523893421169302,5.476068568722733,1.3146713245451411,34
2864,8.90117918517108,1.880000000000007,5.6548667764616285,21.600000000000005,5.6548667764616285,5.688247828498698,0.5075524346170398,34
2865,8.90117918517108,0.6800000000000069,5.340707511102649,20.400000000000006,5.340707511102649,5.58321494987749,0.6079320847426599,34
2866,8.90117918517108,3.639999999999996,4.209734155810323,16.080000000000002,4.209734155810323,4.132799677883104,0.7214127229833518,34
2867,8.90117918517108,0.7599999999999952,4.9637163926718735,18.960000000000004,4.9637163926718735,5.487308007882004,0.7979324554189469,34
2868,8.90117918517108,3.8799999999999946,4.1469023027385274,15.840000000000003,4.1469023027385274,4.072197623699971,0.7251284461845828,34
2869,8.90117918517108,0.9999999999999939,4.900884539600078,18.720000000000006,4.900884539600078,5.158893933491503,0.6311658647707229,34
2870,8.90117918517108,0.2799999999999945,5.089380098815465,19.440000000000005,5.089380098815465,5.488616032840507,0.656608228021254,34
2871,8.90117918517108,11.480000000000006,1.884955592153876,7.200000000000001,1.884955592153876,2.248161427470415,0.5703271932366072,34
2872,8.90117918517108,4.1199999999999966,4.084070449666731,15.600000000000001,4.084070449666731,3.9091717296027606,0.8672878224349553,34
2873,8.90117918517108,5.079999999999995,3.832743037379548,14.640000000000002,3.832743037379548,3.317807728646212,1.0584628133416685,34
2874,8.90117918517108,5.720000000000004,0.3769911184307752,1.4400000000000002,0.3769911184307752,5.853656684276356,1.0575279876308883,34
2875,8.90117918517108,1.9599999999999953,4.649557127312894,17.76,4.649557127312894,4.8527331190382,0.7239693789908769,34
2876,8.90117918517108,3.639999999999996,4.209734155810323,16.080000000000002,4.209734155810323,4.106238509341351,0.7528881693423604,34
2877,8.90117918517108,9.560000000000004,1.3823007675795091,5.280000000000001,1.3823007675795091,1.6180235658208872,0.793045003265278,34
2878,8.90117918517108,0.20000000000000623,5.215043804959057,19.920000000000005,5.215043804959057,5.654275572113722,0.6856646831906107,34
2879,8.90117918517108,0.9999999999999939,4.900884539600078,18.720000000000006,4.900884539600078,5.307424570030222,0.7677730719260557,34
2880,8.90117918517108,7.880000000000006,0.942477796076938,3.6000000000000005,0.942477796076938,0.9806644112396271,0.9340397599233526,34
2881,8.90117918517108,0.03999999999999582,5.152211951887261,19.680000000000003,5.152211951887261,5.494692518005172,0.6528888093311649,34
2882,8.90117918517108,6.920000000000004,0.6911503837897546,2.6400000000000006,0.6911503837897546,0.35987267791598626,1.1713855343412551,34
2883,8.90117918517108,1.640000000000005,5.592034923389832,21.360000000000003,5.592034923389832,5.6234172959280455,0.4449966879852054,34
2884,8.90117918517108,2.439999999999996,4.523893421169302,17.28,4.523893421169302,4.6340551017208735,0.7623126988509409,34
2885,8.90117918517108,1.880000000000007,5.6548667764616285,21.600000000000005,5.6548667764616285,5.689797992791209,0.4400795197321463,34
2886,8.90117918517108,1.9599999999999953,4.649557127312894,17.76,4.649557127312894,4.966680950936286,0.9234802450670985,34
2887,8.90117918517108,0.5199999999999966,5.026548245743669,19.200000000000003,5.026548245743669,5.399302845682498,0.6852360796205486,34
2888,8.90117918517108,2.199999999999994,4.586725274241099,17.520000000000003,4.586725274241099,4.918057584179238,0.9187148910202962,34
2889,8.90117918517108,0.9999999999999939,4.900884539600078,18.720000000000006,4.900884539600078,5.582089888497309,0.8301478639591343,34
2890,8.90117918517108,6.680000000000006,0.6283185307179586,2.4000000000000004,0.6283185307179586,0.3899503653597912,0.8276711513363805,34
2891,8.90117918517108,0.03999999999999582,5.152211951887261,19.680000000000003,5.152211951887261,5.456634984432931,0.6208302387628308,34
2892,8.90117918517108,1.640000000000005,5.592034923389832,21.360000000000003,5.592034923389832,5.6379940465601415,0.4478020786600734,34
2893,8.90117918517108,1.7199999999999966,4.71238898038469,18.0,4.71238898038469,5.187946731292196,0.9393111956608455,34
2894,8.90117918517108,3.1599999999999953,4.335397861953915,16.560000000000002,4.335397861953915,4.321734684881316,0.7047538268003735,34
2895,8.90117918517108,6.279999999999995,3.518583772020569,13.440000000000003,3.518583772020569,2.7300413383995616,0.8423474728201994,34
2896,8.90117918517108,2.3600000000000043,5.7805304826052195,22.080000000000002,5.7805304826052195,5.726028124301782,0.5175906626588442,34
2897,8.90117918517108,7.400000000000005,0.8168140899333463,3.1200000000000006,0.8168140899333463,5.923117205285667,1.7303351901406308,34
2898,8.90117918517108,1.4000000000000064,5.529203070318037,21.120000000000005,5.529203070318037,5.610942442636648,0.4945806365475716,34
2899,8.90117918517108,8.120000000000005,1.0053096491487339,3.8400000000000007,1.0053096491487339,1.115931663295182,1.7953859556227696,34
2900,8.90117918517108,2.919999999999997,4.39822971502571,16.8,4.39822971502571,4.466106749950178,0.6785943396578918,34
2901,8.90117918517108,4.599999999999996,3.9584067435231396,15.120000000000003,3.9584067435231396,2.7540217557794744,1.6804714185411864,34
2902,8.90117918517108,5.559999999999995,3.7070793312359562,14.160000000000002,3.7070793312359562,2.8248498367001313,1.078873467291337,34
2903,8.90117918517108,0.9999999999999939,4.900884539600078,18.720000000000006,4.900884539600078,5.08419902610122,0.5792819624492409,34
2904,8.90117918517108,0.03999999999999582,5.152211951887261,19.680000000000003,5.152211951887261,5.584333788867902,0.6961911411743968,34
2905,8.90117918517108,2.919999999999997,4.39822971502571,16.8,4.39822971502571,5.3031184237944835,1.5601923647856564,34
2906,8.90117918517108,8.120000000000005,1.0053096491487339,3.8400000000000007,1.0053096491487339,1.1596522699884915,1.10230427893575,34
2907,8.90117918517108,2.199999999999994,4.586725274241099,17.520000000000003,4.586725274241099,5.039296025661872,1.0668283645919885,34
2908,8.90117918517108,3.1599999999999953,4.335397861953915,16.560000000000002,4.335397861953915,4.411490891678286,0.8199630313049471,34
2909,8.90117918517108,5.960000000000003,0.4398229715025711,1.6800000000000004,0.4398229715025711,0.20393904687496206,0.7301633325280756,34
2910,8.90117918517108,9.800000000000006,1.4451326206513049,5.5200000000000005,1.4451326206513049,2.1093201645116313,0.9942865750977848,34
2911,8.90117918517108,1.4000000000000064,5.529203070318037,21.120000000000005,5.529203070318037,5.571063391925036,0.42184655668256493,34
2912,8.90117918517108,6.0399999999999965,3.5814156250923643,13.680000000000001,3.5814156250923643,3.1257328419300503,0.7824312212786193,34
2913,8.90117918517108,4.1199999999999966,4.084070449666731,15.600000000000001,4.084070449666731,3.896806546069231,1.0442631215326965,34
2914,8.90117918517108,2.120000000000006,5.717698629533424,21.840000000000003,5.717698629533424,5.698841642301385,0.4599102731882026,34
2915,8.90117918517108,1.880000000000007,5.6548667764616285,21.600000000000005,5.6548667764616285,5.692365845699885,0.5208356587471806,34
2916,8.90117918517108,1.880000000000007,5.6548667764616285,21.600000000000005,5.6548667764616285,5.668089370504928,0.5388034435709578,34
2917,8.90117918517108,6.759999999999995,3.392920065876977,12.960000000000003,3.392920065876977,3.1250644687970555,0.5400006880487221,34
2918,8.90117918517108,3.399999999999994,4.272566008882119,16.320000000000004,4.272566008882119,4.295038927483994,0.7877845527589019,34
2919,8.90117918517108,4.760000000000004,0.12566370614359174,0.4800000000000001,0.12566370614359174,5.799520781379939,0.768178221773618,34
2920,8.90117918517108,0.6800000000000069,5.340707511102649,20.400000000000006,5.340707511102649,5.520058864701552,0.5419390870459762,34
2921,8.90117918517108,0.20000000000000623,5.215043804959057,19.920000000000005,5.215043804959057,5.654079632594444,0.6945525026301465,34
2922,8.90117918517108,3.399999999999994,4.272566008882119,16.320000000000004,4.272566008882119,4.219468486391531,0.8506493328430339,34
2923,8.90117918517108,2.439999999999996,4.523893421169302,17.28,4.523893421169302,4.70673623652948,0.7655461319767275,34
2924,8.90117918517108,4.599999999999996,3.9584067435231396,15.120000000000003,3.9584067435231396,3.1559334471348626,1.5853040887878453,34
2925,8.90117918517108,1.239999999999996,4.838052686528282,18.48,4.838052686528282,5.339488877076088,0.8085858372245699,34
2926,8.90117918517108,3.8799999999999946,4.1469023027385274,15.840000000000003,4.1469023027385274,4.110639592727624,0.7333684481011034,34
2927,8.90117918517108,1.7199999999999966,4.71238898038469,18.0,4.71238898038469,5.018063067077707,0.8122710830598251,34
2928,8.90117918517108,3.639999999999996,4.209734155810323,16.080000000000002,4.209734155810323,4.345565626829597,1.5460906469633156,34
2929,8.90117918517108,10.520000000000005,1.6336281798666925,6.240000000000001,1.6336281798666925,2.5592156250389855,0.9818892626772686,34
2930,8.90117918517108,4.1199999999999966,4.084070449666731,15.600000000000001,4.084070449666731,2.5930040970116397,2.0769250497427425,34
2931,8.90117918517108,4.839999999999996,3.8955748904513436,14.880000000000003,3.8955748904513436,2.9416598419992854,1.4112492887461687,34
2932,8.90117918517108,0.03999999999999582,5.152211951887261,19.680000000000003,5.152211951887261,5.629382674560333,0.7389134722200632,34
2933,8.90117918517108,9.320000000000004,1.3194689145077132,5.040000000000001,1.3194689145077132,2.5154419330468856,1.3685149271298793,34
2934,8.90117918517108,2.439999999999996,4.523893421169302,17.28,4.523893421169302,4.819346196913047,1.033189521724847,34
2935,8.90117918517108,8.840000000000003,1.1938052083641215,4.5600000000000005,1.1938052083641215,1.4184510023962553,0.8841342826497202,34
2936,8.90117918517108,9.800000000000006,1.4451326206513049,5.5200000000000005,1.4451326206513049,2.2426272068477693,1.2264375033107195,34
2937,8.90117918517108,0.7599999999999952,4.9637163926718735,18.960000000000004,4.9637163926718735,5.303155663354088,0.6589649629348258,34
2938,8.90117918517108,4.599999999999996,3.9584067435231396,15.120000000000003,3.9584067435231396,3.698838427645273,0.8383317866377785,34
2939,8.90117918517108,1.9599999999999953,4.649557127312894,17.76,4.649557127312894,4.921937425248295,0.7520684099673391,34
2940,8.90117918517108,0.20000000000000623,5.215043804959057,19.920000000000005,5.215043804959057,5.618575672095962,0.6852090779856824,34
2941,8.90117918517108,0.20000000000000623,5.215043804959057,19.920000000000005,5.215043804959057,5.527995011562526,0.6149970896593595,34
2942,8.90117918517108,4.1199999999999966,4.084070449666731,15.600000000000001,4.084070449666731,3.975563394408216,0.8459284499678653,34
2943,8.90117918517108,1.9599999999999953,4.649557127312894,17.76,4.649557127312894,5.409752643535823,1.1007374134224241,34
2944,8.90117918517108,3.8799999999999946,4.1469023027385274,15.840000000000003,4.1469023027385274,4.105631111955132,0.7521578437237709,34
2945,8.90117918517108,3.399999999999994,4.272566008882119,16.320000000000004,4.272566008882119,4.201069812129315,0.629476836729765,34
2946,8.90117918517108,5.799999999999996,3.6442474781641603,13.920000000000002,3.6442474781641603,2.8176985207648,1.0601914882783385,34
2947,8.90117918517108,3.080000000000007,5.969026041820608,22.800000000000004,5.969026041820608,5.779387729576138,0.602311415356301,34
2948,8.90117918517108,1.7199999999999966,4.71238898038469,18.0,4.71238898038469,4.960860071938269,0.7291531219202917,34
2949,8.90117918517108,0.6800000000000069,5.340707511102649,20.400000000000006,5.340707511102649,5.607933698619542,0.6479623341542258,34
2950,8.90117918517108,9.800000000000006,1.4451326206513049,5.5200000000000005,1.4451326206513049,1.6740701639838513,0.657231746638019,34
2951,8.90117918517108,1.1600000000000044,5.46637121724624,20.880000000000003,5.46637121724624,5.5463058294154255,0.4861539456681437,34
2952,8.90117918517108,0.5199999999999966,5.026548245743669,19.200000000000003,5.026548245743669,5.424202025541751,0.679783767802564,34
2953,8.90117918517108,4.359999999999996,4.0212385965949355,15.360000000000003,4.0212385965949355,3.811465470822109,0.8939687374837896,34
2954,8.90117918517108,1.9599999999999953,4.649557127312894,17.76,4.649557127312894,5.251581104942785,1.061528422262611,34
2955,8.90117918517108,8.120000000000005,1.0053096491487339,3.8400000000000007,1.0053096491487339,1.189747822632949,2.5417646039595256,34
2956,8.90117918517108,0.2799999999999945,5.089380098815465,19.440000000000005,5.089380098815465,5.372596508171982,0.6151414679939267,34
2957,8.90117918517108,0.5199999999999966,5.026548245743669,19.200000000000003,5.026548245743669,5.425983793537064,0.7230617411718318,34
2958,8.90117918517108,0.20000000000000623,5.215043804959057,19.920000000000005,5.215043804959057,5.432537226799484,0.5626155427811923,34
2959,8.90117918517108,4.760000000000004,0.12566370614359174,0.4800000000000001,0.12566370614359174,5.736960087347146,0.7937303820869677,34
2960,8.90117918517108,6.200000000000005,0.5026548245743669,1.9200000000000004,0.5026548245743669,0.26008426287265074,0.8228957782267673,34
2961,8.90117918517108,2.199999999999994,4.586725274241099,17.520000000000003,4.586725274241099,5.030754852938834,0.9662574563331556,34
2962,8.90117918517108,4.839999999999996,3.8955748904513436,14.880000000000003,3.8955748904513436,3.68699750111985,0.7944227166869683,34
2963,8.90117918517108,1.9599999999999953,4.649557127312894,17.76,4.649557127312894,5.370373061845173,1.1514859054835913,34
2964,8.90117918517108,0.9999999999999939,4.900884539600078,18.720000000000006,4.900884539600078,5.56245757536356,0.8505167123015817,34
2965,8.90117918517108,1.880000000000007,5.6548667764616285,21.600000000000005,5.6548667764616285,5.669759212088875,0.48704250285404543,34
2966,8.90117918517108,0.5199999999999966,5.026548245743669,19.200000000000003,5.026548245743669,5.327701784068268,0.6489264673110898,34
2967,8.90117918517108,1.9599999999999953,4.649557127312894,17.76,4.649557127312894,5.632564200963996,1.1470313536649244,34
2968,8.90117918517108,4.520000000000004,0.06283185307179587,0.24000000000000005,0.06283185307179587,5.974692680525288,0.6782737183026673,34
2969,8.90117918517108,6.759999999999995,3.392920065876977,12.960000000000003,3.392920065876977,2.891480821217248,0.6943082641054281,34
2970,8.90117918517108,0.5199999999999966,5.026548245743669,19.200000000000003,5.026548245743669,5.341273036272697,0.6643589050083709,34
2971,8.90117918517108,1.640000000000005,5.592034923389832,21.360000000000003,5.592034923389832,5.660068310683933,0.6128078177340931,34
2972,8.90117918517108,1.239999999999996,4.838052686528282,18.48,4.838052686528282,5.138926305157723,0.6818472173550806,34
2973,8.90117918517108,4.599999999999996,3.9584067435231396,15.120000000000003,3.9584067435231396,3.762274682477077,0.6998920289183304,34
2974,8.90117918517108,5.319999999999995,3.769911184307752,14.400000000000002,3.769911184307752,3.502201663035098,0.6626794808865837,34
2975,8.90117918517108,1.1600000000000044,5.46637121724624,20.880000000000003,5.46637121724624,5.628456548991641,0.566691453826009,34
2976,8.90117918517108,3.399999999999994,4.272566008882119,16.320000000000004,4.272566008882119,4.391782958795249,1.2360830591159715,34
2977,8.90117918517108,8.600000000000005,1.1309733552923256,4.32,1.1309733552923256,1.9050183902396218,1.7466246358130788,34
2978,8.90117918517108,0.5199999999999966,5.026548245743669,19.200000000000003,5.026548245743669,5.658947398412825,0.7727889982981084,34
2979,8.90117918517108,8.360000000000003,1.0681415022205298,4.080000000000001,1.0681415022205298,1.2129934736279318,0.8182628904630005,34
2980,8.90117918517108,7.160000000000003,0.7539822368615504,2.8800000000000003,0.7539822368615504,5.84138783048355,1.6608501534260887,34
2981,8.90117918517108,4.280000000000004,0.0,0.0,0.0,5.759576152524669,0.752522388670048,34
2982,8.90117918517108,4.599999999999996,3.9584067435231396,15.120000000000003,3.9584067435231396,3.738636876314623,0.952428142297557,34
2983,8.90117918517108,10.599999999999996,2.387610416728243,9.120000000000001,2.387610416728243,2.5157094152063073,0.40535248538791585,34
2984,8.90117918517108,10.359999999999994,2.450442269800039,9.360000000000003,2.450442269800039,2.495094110041347,0.3600360852802874,34
2985,8.90117918517108,2.919999999999997,4.39822971502571,16.8,4.39822971502571,4.698075688000868,1.303516559062547,34
2986,8.90117918517108,2.840000000000005,5.906194188748811,22.560000000000002,5.906194188748811,5.7925931526873065,0.5193539790345411,34
2987,8.90117918517108,5.720000000000004,0.3769911184307752,1.4400000000000002,0.3769911184307752,6.164292212023492,0.8759937027806717,34
2988,8.90117918517108,3.8799999999999946,4.1469023027385274,15.840000000000003,4.1469023027385274,4.03523925847624,0.9965434652388335,34
2989,8.90117918517108,3.1599999999999953,4.335397861953915,16.560000000000002,4.335397861953915,5.25824482467464,1.82201678620034,34
2990,8.90117918517108,2.439999999999996,4.523893421169302,17.28,4.523893421169302,5.0142697877817834,1.221197895286647,34
2991,8.90117918517108,8.840000000000003,1.1938052083641215,4.5600000000000005,1.1938052083641215,1.5270034166654947,1.2566230933071003,34
2992,8.90117918517108,2.919999999999997,4.39822971502571,16.8,4.39822971502571,4.525532146414139,1.1435200117629525,34
2993,8.90117918517108,5.079999999999995,3.832743037379548,14.640000000000002,3.832743037379548,3.57795557479042,0.7588903612541603,34
2994,8.90117918517108,0.9200000000000056,5.403539364174445,20.640000000000004,5.403539364174445,5.49620867489639,0.441413170805416,34
2995,8.90117918517108,1.4000000000000064,5.529203070318037,21.120000000000005,5.529203070318037,5.584105267504099,0.49152052750589187,34
2996,8.90117918517108,0.9999999999999939,4.900884539600078,18.720000000000006,4.900884539600078,5.464744412852315,0.8163628718160479,34
2997,8.90117918517108,0.4400000000000049,5.277875658030853,20.160000000000004,5.277875658030853,5.433565765250859,0.529242324941495,34
2998,8.90117918517108,4.359999999999996,4.0212385965949355,15.360000000000003,4.0212385965949355,3.936262859093196,0.6058609524086205,34
2999,8.90117918517108,6.519999999999995,3.455751918948773,13.200000000000003,3.455751918948773,3.0556216478332856,0.6344656798548833,34
3000,8.90117918517108,1.4000000000000064,5.529203070318037,21.120000000000005,5.529203070318037,5.5776061629078635,0.4722023290651323,34
3001,8.90117918517108,1.7199999999999966,4.71238898038469,18.0,4.71238898038469,5.176651598681124,0.9139516496307363,34
3002,8.90117918517108,1.880000000000007,5.6548667764616285,21.600000000000005,5.6548667764616285,5.677676504180707,0.4559493815830243,34
3003,8.90117918517108,11.799999999999997,2.0734511513692637,7.920000000000002,2.0734511513692637,2.3093681371371515,0.49591043970996945,34
3004,8.90117918517108,2.919999999999997,4.39822971502571,16.8,4.39822971502571,4.505903166823286,0.8005005967712108,34
3005,8.90117918517108,1.9599999999999953,4.649557127312894,17.76,4.649557127312894,4.882375597197022,0.6902300166187866,34
3006,8.90117918517108,5.799999999999996,3.6442474781641603,13.920000000000002,3.6442474781641603,2.877015752675924,0.9903990388901958,34
3007,8.90117918517108,8.840000000000003,1.1938052083641215,4.5600000000000005,1.1938052083641215,2.513785674163517,1.5195469251462144,34
3008,8.90117918517108,7.400000000000005,0.8168140899333463,3.1200000000000006,0.8168140899333463,0.8609356847254931,0.6047091823976781,34
3009,8.90117918517108,1.4799999999999947,4.775220833456486,18.240000000000002,4.775220833456486,5.10869464399828,0.8114973261105138,34
3010,8.90117918517108,2.199999999999994,4.586725274241099,17.520000000000003,4.586725274241099,4.965669311069108,0.9036938440554845,34
3011,8.90117918517108,0.5199999999999966,5.026548245743669,19.200000000000003,5.026548245743669,5.4325360275516,0.7179772212676938,34
3012,8.90117918517108,1.4000000000000064,5.529203070318037,21.120000000000005,5.529203070318037,5.604265969472834,0.4538584564546068,34
3013,8.90117918517108,3.639999999999996,4.209734155810323,16.080000000000002,4.209734155810323,4.154066912215772,0.7376188503045333,34
3014,8.90117918517108,3.639999999999996,4.209734155810323,16.080000000000002,4.209734155810323,4.128066827507034,0.5769322914937606,34
3015,8.90117918517108,1.9599999999999953,4.649557127312894,17.76,4.649557127312894,4.980427581044821,0.8276203921326462,34
3016,8.90117918517108,2.199999999999994,4.586725274241099,17.520000000000003,4.586725274241099,5.397593224828482,1.18887342573432,34
3017,8.90117918517108,5.960000000000003,0.4398229715025711,1.6800000000000004,0.4398229715025711,0.21628947570113619,0.6782481770838059,34
3018,8.90117918517108,1.7199999999999966,4.71238898038469,18.0,4.71238898038469,5.457978996851854,1.054152146293196,34
3019,8.90117918517108,0.03999999999999582,5.152211951887261,19.680000000000003,5.152211951887261,5.659446461739814,0.726285960353877,34
3020,8.90117918517108,1.239999999999996,4.838052686528282,18.48,4.838052686528282,5.622157407907913,0.9410861071052814,34
3021,8.90117918517108,3.8799999999999946,4.1469023027385274,15.840000000000003,4.1469023027385274,4.063744469283623,1.101756655853276,34
3022,8.90117918517108,2.439999999999996,4.523893421169302,17.28,4.523893421169302,4.779005506553463,0.9987148268251572,34
3023,8.90117918517108,0.6800000000000069,5.340707511102649,20.400000000000006,5.340707511102649,5.521656103158324,0.5960275625687066,34
3024,8.90117918517108,2.840000000000005,5.906194188748811,22.560000000000002,5.906194188748811,5.807298215478751,0.5580615820334409,34
3025,8.90117918517108,4.1199999999999966,4.084070449666731,15.600000000000001,4.084070449666731,3.974479515618759,0.5380180754300403,34
3026,8.90117918517108,5.319999999999995,3.769911184307752,14.400000000000002,3.769911184307752,3.549564115750296,0.6424036944619772,34
3027,8.90117918517108,1.4000000000000064,5.529203070318037,21.120000000000005,5.529203070318037,5.5904421002426155,0.4373564168216882,34
3028,8.90117918517108,2.439999999999996,4.523893421169302,17.28,4.523893421169302,4.637477690198024,0.7621173507635296,34
3029,8.90117918517108,1.640000000000005,5.592034923389832,21.360000000000003,5.592034923389832,5.614126475311736,0.4785758559243585,34
3030,8.90117918517108,1.880000000000007,5.6548667764616285,21.600000000000005,5.6548667764616285,5.686857264781952,0.4345357500141786,34
3031,8.90117918517108,1.880000000000007,5.6548667764616285,21.600000000000005,5.6548667764616285,5.689942338303392,0.39368573402941476,34
3032,8.90117918517108,1.239999999999996,4.838052686528282,18.48,4.838052686528282,5.33389019934801,0.8170439146817177,34
3033,8.90117918517108,10.040000000000004,1.5079644737231008,5.760000000000001,1.5079644737231008,1.9187912592510574,0.8229659859567818,34
3034,8.90117918517108,1.239999999999996,4.838052686528282,18.48,4.838052686528282,5.4634146347936845,0.9275728864257001,34
3035,8.90117918517108,8.360000000000003,1.0681415022205298,4.080000000000001,1.0681415022205298,1.3856939504644596,1.9003025537526888,34
3036,8.90117918517108,4.599999999999996,3.9584067435231396,15.120000000000003,3.9584067435231396,3.4598351283772524,1.2280499478293962,34
3037,8.90117918517108,3.639999999999996,4.209734155810323,16.080000000000002,4.209734155810323,4.136448834191072,0.9116766476923522,34
3038,8.90117918517108,4.839999999999996,3.8955748904513436,14.880000000000003,3.8955748904513436,3.7385868296469673,0.6802835972097153,34
3039,8.90117918517108,3.639999999999996,4.209734155810323,16.080000000000002,4.209734155810323,4.2003334520303905,0.440391333438033,34
3040,8.90117918517108,6.9999999999999964,3.330088212805181,12.720000000000002,3.330088212805181,2.9825790763673923,0.5635434855405805,34
3041,8.90117918517108,4.599999999999996,3.9584067435231396,15.120000000000003,3.9584067435231396,3.4586194843348768,1.2442116194399087,34
3042,8.90117918517108,0.2799999999999945,5.089380098815465,19.440000000000005,5.089380098815465,5.473604707432528,0.6922126359392424,34
3043,8.90117918517108,0.9200000000000056,5.403539364174445,20.640000000000004,5.403539364174445,5.516280232143627,0.4784926381471093,34
3044,8.90117918517108,1.880000000000007,5.6548667764616285,21.600000000000005,5.6548667764616285,5.674547223078453,0.6508937921210372,34
3045,8.90117918517108,2.840000000000005,5.906194188748811,22.560000000000002,5.906194188748811,5.761404065482056,0.5731359428287212,34
3046,8.90117918517108,1.4799999999999947,4.775220833456486,18.240000000000002,4.775220833456486,5.218995111028478,0.8336145533554905,34
3047,8.90117918517108,1.1600000000000044,5.46637121724624,20.880000000000003,5.46637121724624,5.528208369934331,0.38855588767718835,34
3048,8.90117918517108,1.640000000000005,5.592034923389832,21.360000000000003,5.592034923389832,5.6382038305934,0.41064875598443057,34
3049,8.90117918517108,3.080000000000007,5.969026041820608,22.800000000000004,5.969026041820608,5.86673989274682,0.48012941074269416,34
3050,8.90117918517108,0.6800000000000069,5.340707511102649,20.400000000000006,5.340707511102649,5.453529520775447,0.4976234313248714,34
3051,8.90117918517108,1.9599999999999953,4.649557127312894,17.76,4.649557127312894,5.408548026306723,1.0789887814715076,34
3052,8.90117918517108,2.439999999999996,4.523893421169302,17.28,4.523893421169302,4.653905898212693,0.7781338938383755,34
3053,8.90117918517108,0.2799999999999945,5.089380098815465,19.440000000000005,5.089380098815465,5.441759967075958,0.6332504501894861,34
3054,8.90117918517108,0.2799999999999945,5.089380098815465,19.440000000000005,5.089380098815465,5.616557552273168,0.7552303163810086,34
3055,8.90117918517108,8.120000000000005,1.0053096491487339,3.8400000000000007,1.0053096491487339,1.0885207263810819,0.9219090791862973,34
3056,8.90117918517108,8.919999999999996,2.8274333882308142,10.800000000000002,2.8274333882308142,2.686772629790918,0.49121819802977046,34
3057,8.90117918517108,3.1599999999999953,4.335397861953915,16.560000000000002,4.335397861953915,4.297542589621967,0.5901908878358874,34
3058,8.90117918517108,1.1600000000000044,5.46637121724624,20.880000000000003,5.46637121724624,5.590386655016117,0.5015702863261848,34
3059,8.90117918517108,5.319999999999995,3.769911184307752,14.400000000000002,3.769911184307752,3.2513208224948325,0.9436899871911725,34
3060,8.90117918517108,1.880000000000007,5.6548667764616285,21.600000000000005,5.6548667764616285,5.661644194945576,0.39716812940922414,34
3061,8.90117918517108,3.3200000000000056,6.031857894892403,23.040000000000003,6.031857894892403,5.907013465945745,0.5442380922848261,34
3062,8.90117918517108,9.080000000000005,1.2566370614359172,4.800000000000001,1.2566370614359172,2.121231596883402,1.3985561674346356,34
3063,8.90117918517108,1.4000000000000064,5.529203070318037,21.120000000000005,5.529203070318037,5.583582284151311,0.43501018631740407,34
3064,8.90117918517108,6.680000000000006,0.6283185307179586,2.4000000000000004,0.6283185307179586,0.43531553920894894,0.9420067709607631,34
3065,8.90117918517108,7.640000000000004,0.8796459430051422,3.3600000000000008,0.8796459430051422,0.6023950050976894,1.8832859063696636,34
3066,8.90117918517108,1.1600000000000044,5.46637121724624,20.880000000000003,5.46637121724624,5.537824700904111,0.48588335057655685,34
3067,8.90117918517108,0.6800000000000069,5.340707511102649,20.400000000000006,5.340707511102649,5.436426786591975,0.47038531256816574,34
3068,8.90117918517108,5.799999999999996,3.6442474781641603,13.920000000000002,3.6442474781641603,3.2028127784813547,0.7525216980962312,34
3069,8.90117918517108,1.1600000000000044,5.46637121724624,20.880000000000003,5.46637121724624,5.5267116943313885,0.39609674745898266,34
3070,8.90117918517108,1.9599999999999953,4.649557127312894,17.76,4.649557127312894,5.316881636020362,1.0369176222837018,34
3071,8.90117918517108,2.679999999999995,4.461061568097507,17.040000000000003,4.461061568097507,5.275918149097899,1.4588969503142764,34
3072,8.90117918517108,0.6800000000000069,5.340707511102649,20.400000000000006,5.340707511102649,5.53049213114156,0.5520560084268052,34
3073,8.90117918517108,1.4799999999999947,4.775220833456486,18.240000000000002,4.775220833456486,4.942392144282215,0.5398809087636671,34
3074,8.90117918517108,1.880000000000007,5.6548667764616285,21.600000000000005,5.6548667764616285,5.667177646357308,0.4850556269312566,34
3075,8.90117918517108,6.200000000000005,0.5026548245743669,1.9200000000000004,0.5026548245743669,0.17964197518769265,0.8130842614798788,34
3076,8.90117918517108,10.760000000000003,1.6964600329384885,6.480000000000001,1.6964600329384885,1.829521638517521,0.3503334810913598,34
3077,8.90117918517108,0.9200000000000056,5.403539364174445,20.640000000000004,5.403539364174445,5.512293121176793,0.4452829356087893,34
3078,8.90117918517108,1.640000000000005,5.592034923389832,21.360000000000003,5.592034923389832,5.602043369249962,0.39143857671123133,34
3079,8.90117918517108,4.839999999999996,3.8955748904513436,14.880000000000003,3.8955748904513436,3.127281258287852,1.3846375351271565,34
3080,8.90117918517108,2.199999999999994,4.586725274241099,17.520000000000003,4.586725274241099,5.570367710403146,1.2372907627577223,34
3081,8.90117918517108,4.839999999999996,3.8955748904513436,14.880000000000003,3.8955748904513436,3.789551232345901,0.5089576394826055,34
3082,8.90117918517108,3.8799999999999946,4.1469023027385274,15.840000000000003,4.1469023027385274,4.057270779806611,0.8828940138649192,34
3083,8.90117918517108,1.880000000000007,5.6548667764616285,21.600000000000005,5.6548667764616285,5.6823038854895,0.4088314194443439,34
3084,8.90117918517108,1.4000000000000064,5.529203070318037,21.120000000000005,5.529203070318037,5.568395582237426,0.4385897010611601,34
3085,8.90117918517108,0.7599999999999952,4.9637163926718735,18.960000000000004,4.9637163926718735,5.233006299712527,0.5955581996991739,34
3086,8.90117918517108,1.880000000000007,5.6548667764616285,21.600000000000005,5.6548667764616285,5.6818528284802925,0.4601636702983277,34
3087,8.90117918517108,7.880000000000006,0.942477796076938,3.6000000000000005,0.942477796076938,0.965973967465853,0.7214856445456796,34
3088,8.90117918517108,1.9599999999999953,4.649557127312894,17.76,4.649557127312894,5.442374714628015,1.0978238320129297,34
3089,8.90117918517108,0.4400000000000049,5.277875658030853,20.160000000000004,5.277875658030853,5.520219946140996,0.6028337213528111,34
3090,8.90117918517108,4.839999999999996,3.8955748904513436,14.880000000000003,3.8955748904513436,3.7275115338538813,0.521188582385702,34
3091,8.90117918517108,0.6800000000000069,5.340707511102649,20.400000000000006,5.340707511102649,5.471231793058259,0.503707811377071,34
3092,8.90117918517108,3.1599999999999953,4.335397861953915,16.560000000000002,4.335397861953915,4.411993222567196,1.1631205208861455,34
3093,8.90117918517108,1.4000000000000064,5.529203070318037,21.120000000000005,5.529203070318037,5.644942197821014,0.5467765834745135,34
3094,8.90117918517108,4.359999999999996,4.0212385965949355,15.360000000000003,4.0212385965949355,3.910461559085948,0.7512641671065665,34
3095,8.90117918517108,2.120000000000006,5.717698629533424,21.840000000000003,5.717698629533424,5.726225441266433,0.40998418827616556,34
3096,8.90117918517108,3.399999999999994,4.272566008882119,16.320000000000004,4.272566008882119,4.205773082258888,0.732666281675564,34
3097,8.90117918517108,2.439999999999996,4.523893421169302,17.28,4.523893421169302,4.623516227513367,0.6415426175122577,34
3098,8.90117918517108,0.4400000000000049,5.277875658030853,20.160000000000004,5.277875658030853,5.468542583583068,0.5543173290960316,34
3099,8.90117918517108,2.919999999999997,4.39822971502571,16.8,4.39822971502571,5.063844444114522,1.5336017175597199,34
3100,8.90117918517108,4.520000000000004,0.06283185307179587,0.24000000000000005,0.06283185307179587,6.062881218838897,0.6482033040775237,34
3101,8.90117918517108,2.3600000000000043,5.7805304826052195,22.080000000000002,5.7805304826052195,5.720287859309149,0.5523865104447413,34
3102,8.90117918517108,2.919999999999997,4.39822971502571,16.8,4.39822971502571,4.421779678116576,0.4029055932184628,34
3103,8.90117918517108,5.079999999999995,3.832743037379548,14.640000000000002,3.832743037379548,3.472823750671248,0.8841893086034863,34
3104,8.90117918517108,6.680000000000006,0.6283185307179586,2.4000000000000004,0.6283185307179586,0.14705541209521777,1.0329257900444233,34
3105,8.90117918517108,9.800000000000006,1.4451326206513049,5.5200000000000005,1.4451326206513049,1.895553354860933,0.9077129901984464,34
3106,8.90117918517108,1.4000000000000064,5.529203070318037,21.120000000000005,5.529203070318037,5.550886417149707,0.38137491985021016,34
3107,8.90117918517108,1.9599999999999953,4.649557127312894,17.76,4.649557127312894,5.340474872866114,1.141990750857528,34
3108,8.90117918517108,4.520000000000004,0.06283185307179587,0.24000000000000005,0.06283185307179587,6.15960828752738,0.6075597817203975,34
3109,8.90117918517108,1.880000000000007,5.6548667764616285,21.600000000000005,5.6548667764616285,5.670345263133837,0.4925609415006211,34
3110,8.90117918517108,0.03999999999999582,5.152211951887261,19.680000000000003,5.152211951887261,5.378071642254697,0.5487931122132325,34
3111,8.90117918517108,5.319999999999995,3.769911184307752,14.400000000000002,3.769911184307752,3.2069932405351853,0.9648360214321495,34
3112,8.90117918517108,2.120000000000006,5.717698629533424,21.840000000000003,5.717698629533424,5.700376584867957,0.4268432263001292,34
3113,8.90117918517108,4.760000000000004,0.12566370614359174,0.4800000000000001,0.12566370614359174,5.917122841792436,0.7513977136864459,34
3114,8.90117918517108,3.8799999999999946,4.1469023027385274,15.840000000000003,4.1469023027385274,3.685860124090645,1.6783820003925303,34
3115,8.90117918517108,6.759999999999995,3.392920065876977,12.960000000000003,3.392920065876977,3.0094420014933534,0.6316513264552915,34
3116,8.90117918517108,5.240000000000004,0.25132741228718347,0.9600000000000002,0.25132741228718347,0.09704054548832923,0.558050916618849,34
3117,8.90117918517108,3.1599999999999953,4.335397861953915,16.560000000000002,4.335397861953915,5.63931626187691,1.7170346508897225,34
3118,8.90117918517108,1.640000000000005,5.592034923389832,21.360000000000003,5.592034923389832,5.643477756527751,0.4725397024939055,34
3119,8.90117918517108,0.7599999999999952,4.9637163926718735,18.960000000000004,4.9637163926718735,5.271527253953172,0.652017320622528,34
3120,8.90117918517108,9.159999999999997,2.7646015351590183,10.560000000000002,2.7646015351590183,2.68912480792146,0.4546982670108763,34
3121,8.90117918517108,2.199999999999994,4.586725274241099,17.520000000000003,4.586725274241099,5.055014547310867,1.0816462823791826,34
3122,8.90117918517108,7.400000000000005,0.8168140899333463,3.1200000000000006,0.8168140899333463,5.971435570501588,1.7402783136612234,34
3123,8.90117918517108,0.6800000000000069,5.340707511102649,20.400000000000006,5.340707511102649,5.476221905520359,0.46809483480374986,34
3124,8.90117918517108,2.199999999999994,4.586725274241099,17.520000000000003,4.586725274241099,4.784761517534955,0.7122049738046798,34
3125,8.90117918517108,4.359999999999996,4.0212385965949355,15.360000000000003,4.0212385965949355,3.373670742045535,1.5968928059048948,34
3126,8.90117918517108,1.239999999999996,4.838052686528282,18.48,4.838052686528282,5.457363412767119,0.878029421966125,34
3127,8.90117918517108,3.8799999999999946,4.1469023027385274,15.840000000000003,4.1469023027385274,4.083213626038381,0.8011856757157729,34
3128,8.90117918517108,2.199999999999994,4.586725274241099,17.520000000000003,4.586725274241099,4.783885564193589,0.7599168285537168,34
3129,8.90117918517108,4.040000000000005,6.220353454107791,23.76,6.220353454107791,5.833687917465392,0.6762552275470632,34
3130,8.90117918517108,1.640000000000005,5.592034923389832,21.360000000000003,5.592034923389832,5.641425116587509,0.3813583269294507,34
3131,8.90117918517108,0.20000000000000623,5.215043804959057,19.920000000000005,5.215043804959057,5.618195472185051,0.6768878652588628,34
3132,8.90117918517108,8.600000000000005,1.1309733552923256,4.32,1.1309733552923256,1.3466517485095086,1.3321995860040876,34
3133,8.90117918517108,2.679999999999995,4.461061568097507,17.040000000000003,4.461061568097507,4.591987928723186,0.8936432233675651,34
3134,8.90117918517108,0.4400000000000049,5.277875658030853,20.160000000000004,5.277875658030853,5.456862788622096,0.5153977568687864,34
3135,8.90117918517108,2.199999999999994,4.586725274241099,17.520000000000003,4.586725274241099,4.7651410212955465,0.7644041897034617,34
3136,8.90117918517108,3.5600000000000045,6.094689747964199,23.28,6.094689747964199,5.968862806678837,0.4873161266234356,34
3137,8.90117918517108,6.0399999999999965,3.5814156250923643,13.680000000000001,3.5814156250923643,3.325399246389787,0.5600482258838629,34
3138,8.90117918517108,1.239999999999996,4.838052686528282,18.48,4.838052686528282,5.054092103316359,0.6432143420592605,34
3139,8.90117918517108,0.03999999999999582,5.152211951887261,19.680000000000003,5.152211951887261,5.387696684028488,0.5774624002853587,34
3140,8.90117918517108,0.4400000000000049,5.277875658030853,20.160000000000004,5.277875658030853,5.644855074185426,0.6939576286256262,34
3141,8.90117918517108,6.920000000000004,0.6911503837897546,2.6400000000000006,0.6911503837897546,6.075509340278067,1.511490938889645,34
3142,8.90117918517108,2.199999999999994,4.586725274241099,17.520000000000003,4.586725274241099,5.186225123890815,1.052363120361695,34
3143,8.90117918517108,1.7199999999999966,4.71238898038469,18.0,4.71238898038469,5.6323053762620505,1.0678245835935842,34
3144,8.90117918517108,8.120000000000005,1.0053096491487339,3.8400000000000007,1.0053096491487339,1.043494526493345,0.8297177530929377,34
3145,5.759586531581287,0.4400000000000032,2.1362830044410597,8.160000000000002,2.1362830044410597,2.4758568484348795,0.5763135122045185,22
3146,5.759586531581287,0.6800000000000018,2.199114857512855,8.4,2.199114857512855,2.267434810152885,0.3092913408673941,22
3147,5.759586531581287,3.399999999999999,1.1309733552923256,4.32,1.1309733552923256,1.2267041972344508,0.5267608195479047,22
3148,5.759586531581287,2.4400000000000013,1.3823007675795091,5.280000000000001,1.3823007675795091,2.055026118546895,1.106465345336502,22
3149,5.759586531581287,1.240000000000001,1.6964600329384885,6.480000000000001,1.6964600329384885,2.327753572217023,0.764367915695892,22
3150,5.759586531581287,2.9199999999999986,1.2566370614359172,4.800000000000001,1.2566370614359172,1.961660071599094,1.4242874579975726,22
3151,5.759586531581287,0.9200000000000005,2.261946710584651,8.64,2.261946710584651,2.3931096202975457,0.4530149373705953,22
3152,5.759586531581287,3.88,1.0053096491487339,3.8400000000000007,1.0053096491487339,1.0936531122217883,0.6273147113933003,22
3153,5.759586531581287,1.7199999999999984,1.5707963267948968,6.000000000000002,1.5707963267948968,1.8190145651474354,0.5355627278395686,22
3154,5.759586531581287,3.88,1.0053096491487339,3.8400000000000007,1.0053096491487339,1.0478760031327223,0.6889493357357385,22
3155,5.759586531581287,5.24,3.392920065876977,12.960000000000003,3.392920065876977,2.974498001703868,0.6873512313204779,22
3156,5.759586531581287,4.5200000000000005,3.204424506661589,12.240000000000002,3.204424506661589,2.667877873468546,0.6618277569125379,22
3157,5.759586531581287,1.7199999999999984,1.5707963267948968,6.000000000000002,1.5707963267948968,1.7188955190522344,0.43799573750460613,22
3158,5.759586531581287,1.6400000000000032,2.450442269800039,9.360000000000003,2.450442269800039,2.488596208891394,0.38452111239003384,22
3159,5.759586531581287,5.480000000000002,3.455751918948773,13.200000000000003,3.455751918948773,3.118411392375466,0.5835805006525291,22
3160,5.759586531581287,5.960000000000003,3.5814156250923643,13.680000000000001,3.5814156250923643,3.1104146584537387,0.7380571954724345,22
3161,5.759586531581287,3.5600000000000027,2.9530970943744057,11.280000000000001,2.9530970943744057,2.6662571072189207,0.5451410949859206,22
3162,5.759586531581287,4.04,3.0787608005179976,11.760000000000002,3.0787608005179976,2.794821741347458,0.5298693309922329,22
3163,5.759586531581287,1.6400000000000032,2.450442269800039,9.360000000000003,2.450442269800039,2.4732797635259334,0.2746842356113897,22
3164,5.759586531581287,2.199999999999999,1.4451326206513049,5.5200000000000005,1.4451326206513049,1.6234128616020314,0.481285789603767,22
3165,5.759586531581287,1.880000000000002,2.5132741228718345,9.600000000000001,2.5132741228718345,2.551567514112248,0.36584507549349554,22
3166,5.759586531581287,0.20000000000000115,2.0734511513692637,7.920000000000002,2.0734511513692637,2.306994568194262,0.46833943612689155,22
3167,5.759586531581287,2.3600000000000025,2.6389378290154264,10.080000000000002,2.6389378290154264,2.611746977068812,0.4461452924894553,22
3168,5.759586531581287,0.4400000000000032,2.1362830044410597,8.160000000000002,2.1362830044410597,2.2064552929117465,0.3530548120758477,22
3169,5.759586531581287,0.9200000000000005,2.261946710584651,8.64,2.261946710584651,2.334753336142704,0.32836802242024277,22
3170,5.759586531581287,1.1599999999999993,2.324778563656447,8.88,2.324778563656447,2.4163561824931623,0.43309277575334487,22
3171,5.759586531581287,1.880000000000002,2.5132741228718345,9.600000000000001,2.5132741228718345,2.5156847740262545,0.24974501294131501,22
3172,5.759586531581287,3.640000000000001,1.0681415022205298,4.080000000000001,1.0681415022205298,1.262187983975103,1.7283947385863268,22
3173,5.759586531581287,2.199999999999999,1.4451326206513049,5.5200000000000005,1.4451326206513049,1.6360797854591624,0.5127726017128552,22
3174,5.759586531581287,1.6400000000000032,2.450442269800039,9.360000000000003,2.450442269800039,2.4546816873706323,0.25247740778659933,22
3175,5.759586531581287,4.7600000000000025,3.267256359733385,12.480000000000002,3.267256359733385,2.8663904812438625,0.5978618933640107,22
3176,5.759586531581287,0.9200000000000005,2.261946710584651,8.64,2.261946710584651,2.273550430572599,0.2950988662088779,22
3177,5.759586531581287,2.1200000000000006,2.5761059759436304,9.840000000000002,2.5761059759436304,2.588807345404577,0.4625947922992744,22
3178,5.759586531581287,1.240000000000001,1.6964600329384885,6.480000000000001,1.6964600329384885,2.1180131296330478,0.7227286747863764,22
3179,5.759586531581287,7.640000000000001,4.0212385965949355,15.360000000000003,4.0212385965949355,3.5314780653314872,1.6107521693645699,22
3180,5.759586531581287,2.6000000000000014,2.7017696820872223,10.320000000000002,2.7017696820872223,2.6421144412262203,0.4590291523030007,22
3181,5.759586531581287,0.20000000000000115,2.0734511513692637,7.920000000000002,2.0734511513692637,2.1714568258569877,0.3421513014377719,22
3182,5.759586531581287,0.2799999999999996,1.9477874452256718,7.440000000000001,1.9477874452256718,2.208207402752103,0.4837628508676144,22
3183,5.759586531581287,4.36,0.8796459430051422,3.3600000000000008,0.8796459430051422,0.6362793410407479,1.3125142198541635,22
3184,5.759586531581287,1.1599999999999993,2.324778563656447,8.88,2.324778563656447,2.407189701829391,0.4164866927986959,22
3185,5.759586531581287,1.9600000000000004,1.5079644737231008,5.760000000000001,1.5079644737231008,2.385248554798221,0.9902096554306229,22
3186,5.759586531581287,2.1200000000000006,2.5761059759436304,9.840000000000002,2.5761059759436304,2.5576414857685377,0.3062036962389804,22
3187,5.759586531581287,1.880000000000002,2.5132741228718345,9.600000000000001,2.5132741228718345,2.5388851741974476,0.3844743301711146,22
3188,5.759586531581287,4.280000000000002,3.1415926535897936,12.000000000000004,3.1415926535897936,2.9200233612827615,0.4760100441643167,22
3189,5.759586531581287,2.3600000000000025,2.6389378290154264,10.080000000000002,2.6389378290154264,2.6319082468435786,0.27263472407784123,22
3190,5.759586531581287,2.4400000000000013,1.3823007675795091,5.280000000000001,1.3823007675795091,2.2849240313232295,1.2184074102404694,22
3191,5.759586531581287,2.6799999999999997,1.3194689145077132,5.040000000000001,1.3194689145077132,1.9905125028031523,1.2196881055697204,22
3192,5.759586531581287,1.7199999999999984,1.5707963267948968,6.000000000000002,1.5707963267948968,1.886871085937043,0.6340615728609053,22
3193,5.759586531581287,0.7600000000000003,1.8221237390820801,6.960000000000001,1.8221237390820801,2.13510497943681,0.534307975815843,22
3194,5.759586531581287,0.2799999999999996,1.9477874452256718,7.440000000000001,1.9477874452256718,2.2456438016334914,0.5261561880033758,22
3195,5.759586531581287,2.84,2.7646015351590183,10.560000000000002,2.7646015351590183,2.6861141354621743,0.4650497048650448,22
3196,5.759586531581287,5.000000000000002,3.330088212805181,12.720000000000002,3.330088212805181,2.8072787143700486,0.6912720540348679,22
3197,5.759586531581287,3.3200000000000007,2.8902652413026098,11.040000000000001,2.8902652413026098,2.768805720582116,0.44464422488406274,22
3198,5.759586531581287,1.6400000000000032,2.450442269800039,9.360000000000003,2.450442269800039,2.463682564528624,0.2262437341950477,22
3199,5.759586531581287,2.199999999999999,1.4451326206513049,5.5200000000000005,1.4451326206513049,1.5695298700487854,0.4720814826795687,22
3200,5.759586531581287,4.7600000000000025,3.267256359733385,12.480000000000002,3.267256359733385,2.9503118750496724,0.5780256906495116,22
3201,5.759586531581287,1.4000000000000012,2.387610416728243,9.120000000000001,2.387610416728243,2.405231365263124,0.2508193020862623,22
3202,5.759586531581287,0.6800000000000018,2.199114857512855,8.4,2.199114857512855,2.2927884614735117,0.3953804972164401,22
3203,5.759586531581287,0.5199999999999982,1.884955592153876,7.200000000000001,1.884955592153876,1.9478757861589884,0.3008482222018853,22
3204,5.759586531581287,0.9200000000000005,2.261946710584651,8.64,2.261946710584651,2.291188607116596,0.1875592239204424,22
3205,5.759586531581287,2.199999999999999,1.4451326206513049,5.5200000000000005,1.4451326206513049,1.6740635121269742,0.5584608736859349,22
3206,5.759586531581287,1.6400000000000032,2.450442269800039,9.360000000000003,2.450442269800039,2.4340140962831183,0.2056481408830013,22
3207,5.759586531581287,1.6400000000000032,2.450442269800039,9.360000000000003,2.450442269800039,2.4944464797527526,0.3561373061253767,22
3208,5.759586531581287,2.4400000000000013,1.3823007675795091,5.280000000000001,1.3823007675795091,1.8490118914523732,0.8648102980602405,22
3209,5.759586531581287,0.6800000000000018,2.199114857512855,8.4,2.199114857512855,2.3367620527226145,0.41154883019684424,22
3210,5.759586531581287,3.640000000000001,1.0681415022205298,4.080000000000001,1.0681415022205298,1.1189631444342518,0.288614367117609,22
3211,5.759586531581287,1.6400000000000032,2.450442269800039,9.360000000000003,2.450442269800039,2.4461272970253987,0.28912906020010243,22
3212,5.759586531581287,0.9200000000000005,2.261946710584651,8.64,2.261946710584651,2.5887116837904394,0.5706387515041395,22
3213,5.759586531581287,1.1599999999999993,2.324778563656447,8.88,2.324778563656447,2.3748391567525515,0.37575584505313875,22
3214,5.759586531581287,3.5600000000000027,2.9530970943744057,11.280000000000001,2.9530970943744057,2.8554907439720045,0.4051566950610394,22
3215,5.759586531581287,1.6400000000000032,2.450442269800039,9.360000000000003,2.450442269800039,2.4771289251260895,0.3264920372549916,22
3216,5.759586531581287,1.4799999999999998,1.6336281798666925,6.240000000000001,1.6336281798666925,1.982515493195819,0.6595589091680022,22
3217,5.759586531581287,3.080000000000002,2.8274333882308142,10.800000000000002,2.8274333882308142,2.6569480661894236,0.5068216206896421,22
3218,5.759586531581287,5.08,0.6911503837897546,2.6400000000000006,0.6911503837897546,0.31619882061260757,1.03794792731612,22
3219,5.759586531581287,0.4400000000000032,2.1362830044410597,8.160000000000002,2.1362830044410597,2.206923163738955,0.3763420407708231,22
3220,5.759586531581287,1.1599999999999993,2.324778563656447,8.88,2.324778563656447,2.382977037001591,0.3598959115868899,22
3221,5.759586531581287,1.240000000000001,1.6964600329384885,6.480000000000001,1.6964600329384885,2.2873427128468897,0.7738516753008676,22
3222,5.759586531581287,1.880000000000002,2.5132741228718345,9.600000000000001,2.5132741228718345,2.5964260222657565,0.47723254238058443,22
3223,5.759586531581287,1.240000000000001,1.6964600329384885,6.480000000000001,1.6964600329384885,2.4209471392391815,0.8104746369595129,22
3224,5.759586531581287,1.6400000000000032,2.450442269800039,9.360000000000003,2.450442269800039,2.479826182888878,0.43657334499483363,22
3225,5.759586531581287,7.400000000000002,3.9584067435231396,15.120000000000003,3.9584067435231396,3.851869033635799,0.5086008652923769,22
3226,5.759586531581287,6.680000000000002,3.769911184307752,14.400000000000002,3.769911184307752,3.349353575606689,0.8698260588366394,22
3227,5.759586531581287,6.44,3.7070793312359562,14.160000000000002,3.7070793312359562,3.359517959613868,0.7948429482808265,22
3228,5.759586531581287,4.04,3.0787608005179976,11.760000000000002,3.0787608005179976,2.9110155856917284,0.41665802037613225,22
3229,5.759586531581287,2.6799999999999997,1.3194689145077132,5.040000000000001,1.3194689145077132,2.227884052807238,1.2470585708308415,22
3230,5.759586531581287,0.7600000000000003,1.8221237390820801,6.960000000000001,1.8221237390820801,2.3458661673186496,0.6941884365915733,22
3231,5.759586531581287,1.6400000000000032,2.450442269800039,9.360000000000003,2.450442269800039,2.489081339144956,0.3885248211124727,22
3232,5.759586531581287,1.9600000000000004,1.5079644737231008,5.760000000000001,1.5079644737231008,1.8029934429908605,0.6348103575398818,22
3233,5.759586531581287,2.1200000000000006,2.5761059759436304,9.840000000000002,2.5761059759436304,2.5981434228119586,0.2673903672898355,22
3234,5.759586531581287,1.6400000000000032,2.450442269800039,9.360000000000003,2.450442269800039,2.465453239751024,0.22374570589404244,22
3235,5.759586531581287,0.9200000000000005,2.261946710584651,8.64,2.261946710584651,2.2867403300259634,0.18534152954936325,22
3236,5.759586531581287,0.04000000000000091,2.0106192982974678,7.6800000000000015,2.0106192982974678,2.1030701003387304,0.33998553262332865,22
3237,5.759586531581287,2.1200000000000006,2.5761059759436304,9.840000000000002,2.5761059759436304,2.5821604551453725,0.3287786858619763,22
3238,5.759586531581287,0.5199999999999982,1.884955592153876,7.200000000000001,1.884955592153876,2.286393276324525,0.5960481221704625,22
3239,5.759586531581287,2.1200000000000006,2.5761059759436304,9.840000000000002,2.5761059759436304,2.583010029332424,0.32121793046257835,22
3240,5.759586531581287,0.6800000000000018,2.199114857512855,8.4,2.199114857512855,2.3644232152041895,0.47494322758292984,22
3241,5.759586531581287,1.1599999999999993,2.324778563656447,8.88,2.324778563656447,2.3985840661545965,0.3568613298141603,22
3242,5.759586531581287,5.720000000000004,3.518583772020569,13.440000000000003,3.518583772020569,2.9786107569723406,0.7402420328127752,22
3243,5.759586531581287,1.6400000000000032,2.450442269800039,9.360000000000003,2.450442269800039,2.4535752409993723,0.26879418913402353,22
3244,5.759586531581287,1.7199999999999984,1.5707963267948968,6.000000000000002,1.5707963267948968,1.7676639806222547,0.49899553302207944,22
3245,5.759586531581287,1.9600000000000004,1.5079644737231008,5.760000000000001,1.5079644737231008,1.9917803150052509,0.8728871909077774,22
3246,5.759586531581287,0.999999999999999,1.7592918860102844,6.7200000000000015,1.7592918860102844,1.985710940928461,0.5316187669038637,22
3247,5.759586531581287,2.84,2.7646015351590183,10.560000000000002,2.7646015351590183,2.7409537212909494,0.3484340200883431,22
3248,5.759586531581287,5.000000000000002,3.330088212805181,12.720000000000002,3.330088212805181,2.9456169738404343,0.6383248036582867,22
3249,5.759586531581287,0.4400000000000032,2.1362830044410597,8.160000000000002,2.1362830044410597,2.167208968845032,0.20585104017869973,22
3250,5.759586531581287,0.7600000000000003,1.8221237390820801,6.960000000000001,1.8221237390820801,2.2314011703727497,0.6536360861190549,22
3251,5.759586531581287,2.6000000000000014,2.7017696820872223,10.320000000000002,2.7017696820872223,2.6982082625453,0.3185172838799104,22
3252,5.759586531581287,2.84,2.7646015351590183,10.560000000000002,2.7646015351590183,2.7064437428374437,0.3334128729012656,22
3253,5.759586531581287,5.24,3.392920065876977,12.960000000000003,3.392920065876977,2.950168727569278,0.6673262342227586,22
3254,5.759586531581287,4.5200000000000005,3.204424506661589,12.240000000000002,3.204424506661589,2.8258797713470956,0.6008721429757568,22
3255,5.759586531581287,4.04,3.0787608005179976,11.760000000000002,3.0787608005179976,2.7689456338724288,0.5323056355273018,22
3256,5.759586531581287,1.6400000000000032,2.450442269800039,9.360000000000003,2.450442269800039,2.505088959571708,0.3959836796513668,22
3257,5.759586531581287,0.7600000000000003,1.8221237390820801,6.960000000000001,1.8221237390820801,2.0372769753332154,0.44207807693649126,22
3258,5.759586531581287,0.4400000000000032,2.1362830044410597,8.160000000000002,2.1362830044410597,2.3593867629529273,0.46543691772155227,22
3259,5.759586531581287,5.000000000000002,3.330088212805181,12.720000000000002,3.330088212805181,3.0354763613804443,0.5292659781992219,22
3260,5.759586531581287,1.4000000000000012,2.387610416728243,9.120000000000001,2.387610416728243,2.437985456400938,0.37649503323219297,22
3261,5.759586531581287,0.2799999999999996,1.9477874452256718,7.440000000000001,1.9477874452256718,2.14318046854234,0.44210011845447283,22
3262,5.759586531581287,0.04000000000000091,2.0106192982974678,7.6800000000000015,2.0106192982974678,2.3549448172160004,0.5621368689615426,22
3263,5.759586531581287,5.960000000000003,3.5814156250923643,13.680000000000001,3.5814156250923643,2.691431115643197,0.9986661056850411,22
3264,5.759586531581287,0.04000000000000091,2.0106192982974678,7.6800000000000015,2.0106192982974678,2.1401961870287654,0.366695944435563,22
3265,5.759586531581287,0.04000000000000091,2.0106192982974678,7.6800000000000015,2.0106192982974678,2.12733344702247,0.3733358607267307,22
3266,5.759586531581287,5.000000000000002,3.330088212805181,12.720000000000002,3.330088212805181,2.786909421610064,0.7147581137905679,22
3267,5.759586531581287,1.6400000000000032,2.450442269800039,9.360000000000003,2.450442269800039,2.480292901988945,0.3920398042472667,22
3268,5.759586531581287,3.080000000000002,2.8274333882308142,10.800000000000002,2.8274333882308142,2.7422600497375984,0.3745913832119218,22
3269,5.759586531581287,1.6400000000000032,2.450442269800039,9.360000000000003,2.450442269800039,2.4914433955573925,0.38664982172130424,22
3270,5.759586531581287,5.720000000000004,3.518583772020569,13.440000000000003,3.518583772020569,2.9814989383779826,0.7860571435304309,22
3271,5.759586531581287,2.199999999999999,1.4451326206513049,5.5200000000000005,1.4451326206513049,1.6665613008937366,0.5847695104926974,22
3272,5.759586531581287,5.960000000000003,3.5814156250923643,13.680000000000001,3.5814156250923643,2.8908686774653183,0.9153644933756521,22
3273,5.759586531581287,3.1600000000000006,1.1938052083641215,4.5600000000000005,1.1938052083641215,1.327806103138857,0.7569714797747051,22
3274,5.759586531581287,2.6000000000000014,2.7017696820872223,10.320000000000002,2.7017696820872223,2.573699160559421,0.5542506491565798,22
3275,5.759586531581287,5.480000000000002,3.455751918948773,13.200000000000003,3.455751918948773,2.940128300154,0.7125217592599155,22
3276,5.759586531581287,0.04000000000000091,2.0106192982974678,7.6800000000000015,2.0106192982974678,2.418584925671342,0.6104254224108524,22
3277,5.759586531581287,0.9200000000000005,2.261946710584651,8.64,2.261946710584651,2.385388181653297,0.4369160314464284,22
3278,5.759586531581287,3.8000000000000016,3.0159289474462017,11.520000000000001,3.0159289474462017,2.802042015077421,0.4774644422034196,22
3279,5.759586531581287,2.1200000000000006,2.5761059759436304,9.840000000000002,2.5761059759436304,2.565563182433805,0.2720604728580193,22
3280,5.759586531581287,0.6800000000000018,2.199114857512855,8.4,2.199114857512855,2.369766901667928,0.4487383485060432,22
3281,5.759586531581287,3.5600000000000027,2.9530970943744057,11.280000000000001,2.9530970943744057,2.724585808707852,0.4984899169647078,22
3282,5.759586531581287,1.1599999999999993,2.324778563656447,8.88,2.324778563656447,2.4521901911520727,0.42272174445518795,22
3283,5.759586531581287,5.24,3.392920065876977,12.960000000000003,3.392920065876977,2.8035080729289144,0.7491184286800207,22
3284,5.759586531581287,0.7600000000000003,1.8221237390820801,6.960000000000001,1.8221237390820801,2.0615386723355713,0.5267072868244006,22
3285,5.759586531581287,1.240000000000001,1.6964600329384885,6.480000000000001,1.6964600329384885,2.08872536895305,0.6547344808175503,22
3286,5.759586531581287,1.9600000000000004,1.5079644737231008,5.760000000000001,1.5079644737231008,1.64956342178289,0.4827201099261744,22
3287,5.759586531581287,1.9600000000000004,1.5079644737231008,5.760000000000001,1.5079644737231008,1.7805936064566368,0.6320896277024189,22
3288,5.759586531581287,2.84,2.7646015351590183,10.560000000000002,2.7646015351590183,2.75810886459696,0.30688758992709425,22
3289,5.759586531581287,2.3600000000000025,2.6389378290154264,10.080000000000002,2.6389378290154264,2.6203118786004653,0.44012293290961535,22
3290,5.759586531581287,5.24,3.392920065876977,12.960000000000003,3.392920065876977,3.142995157405446,0.5340000361680483,22
3291,5.759586531581287,1.6400000000000032,2.450442269800039,9.360000000000003,2.450442269800039,2.4687676916414385,0.31474103756562655,22
3292,5.759586531581287,3.8000000000000016,3.0159289474462017,11.520000000000001,3.0159289474462017,2.82854081461819,0.45883848543360606,22
3293,5.759586531581287,0.7600000000000003,1.8221237390820801,6.960000000000001,1.8221237390820801,2.0028190585928756,0.43262347050868677,22
3294,5.759586531581287,1.6400000000000032,2.450442269800039,9.360000000000003,2.450442269800039,2.511966477384962,0.42475430501368727,22
3295,5.759586531581287,4.280000000000002,3.1415926535897936,12.000000000000004,3.1415926535897936,2.6818513300388283,0.6168186244758653,22
3296,5.759586531581287,3.5600000000000027,2.9530970943744057,11.280000000000001,2.9530970943744057,2.81006141605253,0.444265874665522,22
3297,5.759586531581287,2.84,2.7646015351590183,10.560000000000002,2.7646015351590183,2.726788730621856,0.3829563445179148,22
3298,5.759586531581287,4.5200000000000005,3.204424506661589,12.240000000000002,3.204424506661589,2.7424524148826386,0.6344517240445989,22
3299,5.759586531581287,5.480000000000002,3.455751918948773,13.200000000000003,3.455751918948773,2.9397329614591063,0.690429149681247,22
3300,5.759586531581287,2.6000000000000014,2.7017696820872223,10.320000000000002,2.7017696820872223,2.6827409968615226,0.34182846551772783,22
3301,5.759586531581287,1.6400000000000032,2.450442269800039,9.360000000000003,2.450442269800039,2.4747663961494,0.28699312281552986,22
3302,5.759586531581287,1.4000000000000012,2.387610416728243,9.120000000000001,2.387610416728243,2.442067103765003,0.36184504454343625,22
3303,5.759586531581287,2.6000000000000014,2.7017696820872223,10.320000000000002,2.7017696820872223,2.669344426809489,0.26673009037881035,22
3304,5.759586531581287,1.880000000000002,2.5132741228718345,9.600000000000001,2.5132741228718345,2.5499375876452905,0.3184007819153224,22
3305,5.759586531581287,1.4000000000000012,2.387610416728243,9.120000000000001,2.387610416728243,2.502550350394961,0.46282377487979676,22
3306,5.759586531581287,2.84,2.7646015351590183,10.560000000000002,2.7646015351590183,2.700221348330352,0.3808754859736134,22
3307,5.759586531581287,0.9200000000000005,2.261946710584651,8.64,2.261946710584651,2.3619563932475094,0.37954264349982075,22
3308,5.759586531581287,2.1200000000000006,2.5761059759436304,9.840000000000002,2.5761059759436304,2.575386886661065,0.48451275262030996,22
3309,5.759586531581287,0.20000000000000115,2.0734511513692637,7.920000000000002,2.0734511513692637,2.1073995752632815,0.2711164793712875,22
3310,5.759586531581287,0.4400000000000032,2.1362830044410597,8.160000000000002,2.1362830044410597,2.2240142393514812,0.36155178968174423,22
3311,5.759586531581287,4.5200000000000005,3.204424506661589,12.240000000000002,3.204424506661589,2.8182467872182544,0.6153025749588116,22
3312,5.759586531581287,0.04000000000000091,2.0106192982974678,7.6800000000000015,2.0106192982974678,2.512074269667732,0.6440900256479146,22
3313,5.759586531581287,3.8000000000000016,3.0159289474462017,11.520000000000001,3.0159289474462017,2.8025768724653166,0.5068013540519712,22
3314,5.759586531581287,5.24,3.392920065876977,12.960000000000003,3.392920065876977,2.919351423249617,0.6977852265424919,22
3315,5.759586531581287,0.2799999999999996,1.9477874452256718,7.440000000000001,1.9477874452256718,2.4165565090195744,0.627762202357065,22
3316,5.759586531581287,3.8000000000000016,3.0159289474462017,11.520000000000001,3.0159289474462017,2.750221976424264,0.5296968283859593,22
3317,5.759586531581287,0.999999999999999,1.7592918860102844,6.7200000000000015,1.7592918860102844,2.4569930784922285,0.756066987746743,22
3318,5.759586531581287,4.04,3.0787608005179976,11.760000000000002,3.0787608005179976,2.801051834544535,0.5028694892558605,22
3319,5.759586531581287,0.6800000000000018,2.199114857512855,8.4,2.199114857512855,2.250418658206506,0.3163647545177639,22
3320,5.759586531581287,8.360000000000003,4.209734155810323,16.080000000000002,4.209734155810323,4.280422080217354,1.659007524731045,22
3321,5.759586531581287,6.920000000000004,3.832743037379548,14.640000000000002,3.832743037379548,3.6320563489635926,0.5928624925387105,22
3322,5.759586531581287,5.24,3.392920065876977,12.960000000000003,3.392920065876977,2.873515463817941,0.7172777081996846,22
3323,5.759586531581287,1.6400000000000032,2.450442269800039,9.360000000000003,2.450442269800039,2.5280885524922048,0.46396994740260084,22
3324,5.759586531581287,0.4400000000000032,2.1362830044410597,8.160000000000002,2.1362830044410597,2.3932412455627063,0.47220236745637717,22
3325,5.759586531581287,6.200000000000002,3.6442474781641603,13.920000000000002,3.6442474781641603,3.193140893507026,0.8456755499512245,22
3326,5.759586531581287,1.4000000000000012,2.387610416728243,9.120000000000001,2.387610416728243,2.4791671671626148,0.4498664347362721,22
3327,5.759586531581287,4.840000000000002,0.7539822368615504,2.8800000000000003,0.7539822368615504,0.4619861083530333,1.297888557003931,22
3328,5.759586531581287,1.6400000000000032,2.450442269800039,9.360000000000003,2.450442269800039,2.45888990822639,0.3579850910193646,22
3329,5.759586531581287,0.7600000000000003,1.8221237390820801,6.960000000000001,1.8221237390820801,2.0961637255516052,0.5018955256688455,22
3330,5.759586531581287,5.000000000000002,3.330088212805181,12.720000000000002,3.330088212805181,3.030488271451857,0.5706237578854717,22
3331,5.759586531581287,4.7600000000000025,3.267256359733385,12.480000000000002,3.267256359733385,2.8759584126230093,0.5930267703817327,22
3332,5.759586531581287,0.999999999999999,1.7592918860102844,6.7200000000000015,1.7592918860102844,1.884694121977659,0.3303041222072724,22
3333,5.759586531581287,3.3200000000000007,2.8902652413026098,11.040000000000001,2.8902652413026098,2.708359174529936,0.4791325700304367,22
3334,5.759586531581287,4.04,3.0787608005179976,11.760000000000002,3.0787608005179976,2.887320554005615,0.4657454473374367,22
3335,5.759586531581287,2.84,2.7646015351590183,10.560000000000002,2.7646015351590183,2.6712997273939307,0.42599684347759403,22
3336,5.759586531581287,4.7600000000000025,3.267256359733385,12.480000000000002,3.267256359733385,3.007217050936474,0.5279837993714496,22
3337,5.759586531581287,2.3600000000000025,2.6389378290154264,10.080000000000002,2.6389378290154264,2.601206136581637,0.39360700145121275,22
3338,5.759586531581287,5.24,3.392920065876977,12.960000000000003,3.392920065876977,3.026365757488777,0.6412171206836617,22
3339,5.759586531581287,6.680000000000002,3.769911184307752,14.400000000000002,3.769911184307752,3.3169724373393956,0.9313927530165996,22
3340,5.759586531581287,10.280000000000001,4.71238898038469,18.0,4.71238898038469,5.524624538604584,0.9952235743179023,22
3341,5.759586531581287,4.5200000000000005,3.204424506661589,12.240000000000002,3.204424506661589,2.620316394313147,0.6715041467433129,22
3342,5.759586531581287,5.480000000000002,3.455751918948773,13.200000000000003,3.455751918948773,2.8984281052142196,0.7489965669277898,22
3343,5.759586531581287,2.6799999999999997,1.3194689145077132,5.040000000000001,1.3194689145077132,1.6533158505803829,0.7956559295493295,22
3344,5.759586531581287,6.680000000000002,3.769911184307752,14.400000000000002,3.769911184307752,3.456510273554978,0.7878803710462678,22
3345,5.759586531581287,5.720000000000004,3.518583772020569,13.440000000000003,3.518583772020569,2.8415657951842697,0.8873105175256939,22
3346,5.759586531581287,4.119999999999998,0.942477796076938,3.6000000000000005,0.942477796076938,0.8528296948850493,1.3661061668564203,22
3347,5.759586531581287,0.7600000000000003,1.8221237390820801,6.960000000000001,1.8221237390820801,2.0851380226478207,0.5143128481302928,22
3348,5.759586531581287,0.04000000000000091,2.0106192982974678,7.6800000000000015,2.0106192982974678,2.415552777876089,0.5972582528545174,22
3349,5.759586531581287,0.7600000000000003,1.8221237390820801,6.960000000000001,1.8221237390820801,2.2177605251549153,0.6151063693230109,22
3350,5.759586531581287,4.5200000000000005,3.204424506661589,12.240000000000002,3.204424506661589,2.734138991045386,0.6260210915444895,22
3351,5.759586531581287,0.9200000000000005,2.261946710584651,8.64,2.261946710584651,2.369060895626254,0.38369756630967056,22
3352,5.759586531581287,2.4400000000000013,1.3823007675795091,5.280000000000001,1.3823007675795091,1.8015247488873105,0.8336828313413756,22
3353,5.759586531581287,1.1599999999999993,2.324778563656447,8.88,2.324778563656447,2.3515724518626993,0.25356460270252973,22
3354,5.759586531581287,5.720000000000004,3.518583772020569,13.440000000000003,3.518583772020569,3.142313390833128,0.6694237515908233,22
3355,5.759586531581287,1.240000000000001,1.6964600329384885,6.480000000000001,1.6964600329384885,1.8405895961732368,0.37154918854409663,22
3356,5.759586531581287,7.400000000000002,3.9584067435231396,15.120000000000003,3.9584067435231396,2.989670474039437,1.6063768502746358,22
3357,5.759586531581287,5.480000000000002,3.455751918948773,13.200000000000003,3.455751918948773,2.685596395778334,0.8157148040114478,22
3358,5.759586531581287,4.04,3.0787608005179976,11.760000000000002,3.0787608005179976,2.866207885134364,0.46289979521282887,22
3359,5.759586531581287,1.9600000000000004,1.5079644737231008,5.760000000000001,1.5079644737231008,2.1039405065631316,0.9119767095493834,22
3360,5.759586531581287,3.1600000000000006,1.1938052083641215,4.5600000000000005,1.1938052083641215,2.176427413663454,1.5115193272147074,22
3361,5.759586531581287,1.9600000000000004,1.5079644737231008,5.760000000000001,1.5079644737231008,2.086673578421453,0.9065998804346629,22
3362,5.759586531581287,0.20000000000000115,2.0734511513692637,7.920000000000002,2.0734511513692637,2.2669302476999484,0.4417306506833516,22
3363,5.759586531581287,7.879999999999999,4.084070449666731,15.600000000000001,4.084070449666731,3.9561194095328993,0.5538924056938372,22
3364,5.759586531581287,1.4000000000000012,2.387610416728243,9.120000000000001,2.387610416728243,2.5303465622575128,0.5416329852613646,22
3365,5.759586531581287,3.080000000000002,2.8274333882308142,10.800000000000002,2.8274333882308142,2.7655519086614735,0.37588303927563277,22
3366,5.759586531581287,1.1599999999999993,2.324778563656447,8.88,2.324778563656447,2.4281332593070193,0.436561572386906,22
3367,5.759586531581287,5.960000000000003,3.5814156250923643,13.680000000000001,3.5814156250923643,2.686148927157971,1.025670850104135,22
3368,5.759586531581287,1.7199999999999984,1.5707963267948968,6.000000000000002,1.5707963267948968,2.0968385266857674,0.8345617761636571,22
3369,5.759586531581287,5.480000000000002,3.455751918948773,13.200000000000003,3.455751918948773,3.02183351202654,0.6670608428887197,22
3370,5.759586531581287,4.7600000000000025,3.267256359733385,12.480000000000002,3.267256359733385,2.9605487340545236,0.5533871999532521,22
3371,5.759586531581287,0.4400000000000032,2.1362830044410597,8.160000000000002,2.1362830044410597,2.313719312116643,0.4785385410238183,22
3372,5.759586531581287,2.6000000000000014,2.7017696820872223,10.320000000000002,2.7017696820872223,2.5963238365322057,0.5279318365957687,22
3373,5.759586531581287,1.4000000000000012,2.387610416728243,9.120000000000001,2.387610416728243,2.4346008878605683,0.3718732251834247,22
3374,5.759586531581287,5.000000000000002,3.330088212805181,12.720000000000002,3.330088212805181,2.556077261864387,0.8265178835879465,22
3375,5.759586531581287,8.120000000000005,4.1469023027385274,15.840000000000003,4.1469023027385274,4.001755625697424,0.8963747375367486,22
3376,5.759586531581287,2.199999999999999,1.4451326206513049,5.5200000000000005,1.4451326206513049,2.4602971741431414,1.0718042938472925,22
3377,5.759586531581287,7.400000000000002,3.9584067435231396,15.120000000000003,3.9584067435231396,3.7250367174551346,0.8832576583096046,22
3378,5.759586531581287,2.84,2.7646015351590183,10.560000000000002,2.7646015351590183,2.6934045597626666,0.44596263141994336,22
3379,5.759586531581287,0.7600000000000003,1.8221237390820801,6.960000000000001,1.8221237390820801,2.0651985130912385,0.5025164335955787,22
3380,5.759586531581287,1.1599999999999993,2.324778563656447,8.88,2.324778563656447,2.3302913556375477,0.28039524343395317,22
3381,5.759586531581287,3.3200000000000007,2.8902652413026098,11.040000000000001,2.8902652413026098,2.6647271674893336,0.5181841350575562,22
3382,5.759586531581287,5.720000000000004,3.518583772020569,13.440000000000003,3.518583772020569,2.7619240025154745,0.8991567037096385,22
3383,5.759586531581287,5.960000000000003,3.5814156250923643,13.680000000000001,3.5814156250923643,3.3042155398894653,0.6215782265762531,22
3384,5.759586531581287,0.5199999999999982,1.884955592153876,7.200000000000001,1.884955592153876,2.2758457603728854,0.6141708826247823,22
3385,5.759586531581287,1.7199999999999984,1.5707963267948968,6.000000000000002,1.5707963267948968,1.9114929427883314,0.673402565101157,22
3386,5.759586531581287,8.120000000000005,4.1469023027385274,15.840000000000003,4.1469023027385274,4.096490192263946,0.9666075659333935,22
3387,5.759586531581287,5.24,3.392920065876977,12.960000000000003,3.392920065876977,2.829515879707779,0.734613235750743,22
3388,5.759586531581287,0.04000000000000091,2.0106192982974678,7.6800000000000015,2.0106192982974678,2.430032777821123,0.595219355776528,22
3389,5.759586531581287,5.960000000000003,3.5814156250923643,13.680000000000001,3.5814156250923643,2.9713757325737276,0.8451722007076216,22
3390,5.759586531581287,4.280000000000002,3.1415926535897936,12.000000000000004,3.1415926535897936,2.85925623126086,0.5475927839535163,22
3391,5.759586531581287,3.3200000000000007,2.8902652413026098,11.040000000000001,2.8902652413026098,2.788734838621321,0.38630763251907907,22
3392,5.759586531581287,0.2799999999999996,1.9477874452256718,7.440000000000001,1.9477874452256718,2.2988999135998243,0.5781761415629245,22
3393,5.759586531581287,2.4400000000000013,1.3823007675795091,5.280000000000001,1.3823007675795091,1.9103226654364853,0.9354625142764225,22
3394,5.759586531581287,0.20000000000000115,2.0734511513692637,7.920000000000002,2.0734511513692637,2.394116549349936,0.560339523807223,22
3395,5.759586531581287,0.5199999999999982,1.884955592153876,7.200000000000001,1.884955592153876,2.4323529263316783,0.6874779528871213,22
3396,5.759586531581287,0.999999999999999,1.7592918860102844,6.7200000000000015,1.7592918860102844,2.4493924328203462,0.7941927762812176,22
3397,5.759586531581287,5.000000000000002,3.330088212805181,12.720000000000002,3.330088212805181,2.8624079277170695,0.6582604272280066,22
3398,5.759586531581287,2.6000000000000014,2.7017696820872223,10.320000000000002,2.7017696820872223,2.703392900657491,0.23651404788923078,22
3399,5.759586531581287,4.04,3.0787608005179976,11.760000000000002,3.0787608005179976,2.851118107739554,0.5164298363318158,22
3400,5.759586531581287,3.8000000000000016,3.0159289474462017,11.520000000000001,3.0159289474462017,2.82446011747347,0.4839168910487593,22
3401,5.759586531581287,4.5200000000000005,3.204424506661589,12.240000000000002,3.204424506661589,2.9317562998696536,0.5102421583370437,22
3402,5.759586531581287,5.000000000000002,3.330088212805181,12.720000000000002,3.330088212805181,2.8795661773204655,0.6448562830142732,22
3403,5.759586531581287,7.160000000000003,3.8955748904513436,14.880000000000003,3.8955748904513436,3.59137677560279,1.0094773355555204,22
3404,5.759586531581287,2.9199999999999986,1.2566370614359172,4.800000000000001,1.2566370614359172,1.6883341925225994,1.0546187087655128,22
3405,5.759586531581287,1.880000000000002,2.5132741228718345,9.600000000000001,2.5132741228718345,2.5203572943289445,0.3755964196079832,22
3406,5.759586531581287,1.7199999999999984,1.5707963267948968,6.000000000000002,1.5707963267948968,1.6980563729122928,0.41816743059761,22
3407,5.759586531581287,1.880000000000002,2.5132741228718345,9.600000000000001,2.5132741228718345,2.522483099541066,0.3125980895980014,22
3408,5.759586531581287,7.160000000000003,3.8955748904513436,14.880000000000003,3.8955748904513436,3.4854785637548753,1.0001573310472094,22
3409,5.759586531581287,3.3200000000000007,2.8902652413026098,11.040000000000001,2.8902652413026098,2.8042158907255637,0.40706139423504445,22
3410,5.759586531581287,1.880000000000002,2.5132741228718345,9.600000000000001,2.5132741228718345,2.549625580222906,0.4067165735469064,22
3411,5.759586531581287,5.720000000000004,3.518583772020569,13.440000000000003,3.518583772020569,3.1229069995558585,0.664878741774784,22
3412,5.759586531581287,2.84,2.7646015351590183,10.560000000000002,2.7646015351590183,2.7143538129910896,0.3803293763121285,22
3413,5.759586531581287,3.3200000000000007,2.8902652413026098,11.040000000000001,2.8902652413026098,2.762300653835173,0.4377387765457471,22
3414,5.759586531581287,3.8000000000000016,3.0159289474462017,11.520000000000001,3.0159289474462017,2.758646533250251,0.51694502550536,22
3415,5.759586531581287,8.120000000000005,4.1469023027385274,15.840000000000003,4.1469023027385274,4.1029041883408155,0.8670220894589931,22
3416,5.759586531581287,5.000000000000002,3.330088212805181,12.720000000000002,3.330088212805181,2.865449497923615,0.652659286497607,22
3417,5.759586531581287,2.1200000000000006,2.5761059759436304,9.840000000000002,2.5761059759436304,2.572632901074512,0.35270328317123656,22
3418,5.759586531581287,0.20000000000000115,2.0734511513692637,7.920000000000002,2.0734511513692637,2.4499382434298753,0.5990379281965217,22
3419,5.759586531581287,6.200000000000002,3.6442474781641603,13.920000000000002,3.6442474781641603,3.363038564918676,0.5691243027842526,22
3420,5.759586531581287,7.400000000000002,3.9584067435231396,15.120000000000003,3.9584067435231396,3.6896748516721676,0.8827877899535933,22
3421,5.759586531581287,5.720000000000004,3.518583772020569,13.440000000000003,3.518583772020569,3.2158394765120537,0.564464751549027,22
3422,5.759586531581287,6.200000000000002,3.6442474781641603,13.920000000000002,3.6442474781641603,3.3889694353371715,0.5764308889694204,22
3423,5.759586531581287,4.04,3.0787608005179976,11.760000000000002,3.0787608005179976,2.8745716866092814,0.4837630567091886,22
3424,5.759586531581287,5.720000000000004,3.518583772020569,13.440000000000003,3.518583772020569,2.7064365462147286,0.9014830863805366,22
3425,5.759586531581287,4.7600000000000025,3.267256359733385,12.480000000000002,3.267256359733385,2.762898006310852,0.6732678489601364,22
3426,5.759586531581287,4.280000000000002,3.1415926535897936,12.000000000000004,3.1415926535897936,2.703542527691367,0.6224869958645387,22
3427,5.759586531581287,5.24,3.392920065876977,12.960000000000003,3.392920065876977,3.0701624851155143,0.5644832291293266,22
3428,5.759586531581287,4.7600000000000025,3.267256359733385,12.480000000000002,3.267256359733385,2.718286371442173,0.6699779326306251,22
3429,5.759586531581287,4.7600000000000025,3.267256359733385,12.480000000000002,3.267256359733385,2.6331088530339577,0.7372802171122631,22
3430,5.759586531581287,5.960000000000003,3.5814156250923643,13.680000000000001,3.5814156250923643,3.3854367608167757,0.4691552150132343,22
3431,5.759586531581287,3.3200000000000007,2.8902652413026098,11.040000000000001,2.8902652413026098,2.784545142816601,0.41884057433017435,22
3432,5.759586531581287,4.5200000000000005,3.204424506661589,12.240000000000002,3.204424506661589,2.9361242223490414,0.4964665237480927,22
3433,5.759586531581287,6.680000000000002,3.769911184307752,14.400000000000002,3.769911184307752,3.454257481512106,0.7689952825764299,22
3434,5.759586531581287,0.4400000000000032,2.1362830044410597,8.160000000000002,2.1362830044410597,2.3994531125228136,0.522688390669399,22
3435,5.759586531581287,0.6800000000000018,2.199114857512855,8.4,2.199114857512855,2.513335970201376,0.5488842670287503,22
3436,5.759586531581287,5.24,3.392920065876977,12.960000000000003,3.392920065876977,2.701470803459428,0.8207352215657847,22
3437,5.759586531581287,4.5200000000000005,3.204424506661589,12.240000000000002,3.204424506661589,2.8490477879215383,0.5684964891512464,22
3438,5.759586531581287,2.1200000000000006,2.5761059759436304,9.840000000000002,2.5761059759436304,2.5851220494445757,0.4348075311674409,22
3439,5.759586531581287,2.9199999999999986,1.2566370614359172,4.800000000000001,1.2566370614359172,1.44441171047868,0.6054212400268102,22
3440,5.759586531581287,7.640000000000001,4.0212385965949355,15.360000000000003,4.0212385965949355,3.9041278777715314,0.5209619394432908,22
3441,5.759586531581287,3.3200000000000007,2.8902652413026098,11.040000000000001,2.8902652413026098,2.751540264849836,0.4579186700535291,22
3442,5.759586531581287,6.680000000000002,3.769911184307752,14.400000000000002,3.769911184307752,3.431568184852775,0.8203644227865191,22
3443,5.759586531581287,5.3199999999999985,0.6283185307179586,2.4000000000000004,0.6283185307179586,0.6306375842216245,0.5232306247893802,22
3444,5.759586531581287,1.880000000000002,2.5132741228718345,9.600000000000001,2.5132741228718345,2.5225962326850335,0.40076196894480454,22
3445,5.759586531581287,0.6800000000000018,2.199114857512855,8.4,2.199114857512855,2.237886005160322,0.2605558144483845,22
3446,5.759586531581287,5.24,3.392920065876977,12.960000000000003,3.392920065876977,2.6915195321754153,0.766015943663056,22
3447,5.759586531581287,11.240000000000002,4.9637163926718735,18.960000000000004,4.9637163926718735,5.390265112014703,0.7321485743152938,22
3448,5.759586531581287,5.960000000000003,3.5814156250923643,13.680000000000001,3.5814156250923643,3.287391664075281,0.6276820000181754,22
3449,5.759586531581287,1.880000000000002,2.5132741228718345,9.600000000000001,2.5132741228718345,2.514813505470064,0.3218732722073893,22
3450,5.759586531581287,5.960000000000003,3.5814156250923643,13.680000000000001,3.5814156250923643,3.1163620719813783,0.7830215057630951,22
3451,5.759586531581287,6.200000000000002,3.6442474781641603,13.920000000000002,3.6442474781641603,3.3567806378049294,0.6367740908899339,22
3452,5.759586531581287,0.4400000000000032,2.1362830044410597,8.160000000000002,2.1362830044410597,2.2922258359094982,0.4529630662600906,22
3453,5.759586531581287,0.7600000000000003,1.8221237390820801,6.960000000000001,1.8221237390820801,2.412515425626946,0.7040748322408497,22
3454,5.759586531581287,1.4799999999999998,1.6336281798666925,6.240000000000001,1.6336281798666925,1.8062481826996872,0.4282395035392138,22
3455,5.759586531581287,6.44,3.7070793312359562,14.160000000000002,3.7070793312359562,2.9060220093886917,1.0306208870733726,22
3456,5.759586531581287,1.240000000000001,1.6964600329384885,6.480000000000001,1.6964600329384885,1.9846397345200641,0.5893658100239844,22
3457,5.759586531581287,5.480000000000002,3.455751918948773,13.200000000000003,3.455751918948773,3.198457693419979,0.5365268492098175,22
3458,5.759586531581287,5.24,3.392920065876977,12.960000000000003,3.392920065876977,2.936707562757772,0.7041696648475345,22
3459,5.759586531581287,6.920000000000004,3.832743037379548,14.640000000000002,3.832743037379548,3.592753614658249,0.7420557335450951,22
3460,5.759586531581287,1.4000000000000012,2.387610416728243,9.120000000000001,2.387610416728243,2.4743079752798853,0.4307901039868645,22
3461,5.759586531581287,1.4799999999999998,1.6336281798666925,6.240000000000001,1.6336281798666925,2.1795705291925973,0.7388791180974953,22
3462,5.759586531581287,1.6400000000000032,2.450442269800039,9.360000000000003,2.450442269800039,2.4880604950516836,0.3895867560240907,22
3463,5.759586531581287,1.1599999999999993,2.324778563656447,8.88,2.324778563656447,2.353091384596476,0.3042440973335563,22
3464,5.759586531581287,8.600000000000001,4.272566008882119,16.320000000000004,4.272566008882119,4.30675457763672,1.2866677255494803,22
3465,5.759586531581287,2.6799999999999997,1.3194689145077132,5.040000000000001,1.3194689145077132,1.5569555202135736,0.656350291824413,22
3466,5.759586531581287,1.4000000000000012,2.387610416728243,9.120000000000001,2.387610416728243,2.457386523129852,0.36797744347774053,22
3467,5.759586531581287,7.160000000000003,3.8955748904513436,14.880000000000003,3.8955748904513436,3.3387902232523325,1.2127025684576525,22
3468,5.759586531581287,4.6,0.8168140899333463,3.1200000000000006,0.8168140899333463,0.18941183156132807,1.6919048523385056,22
3469,5.759586531581287,0.999999999999999,1.7592918860102844,6.7200000000000015,1.7592918860102844,2.113125216853055,0.628118347615378,22
3470,5.759586531581287,5.960000000000003,3.5814156250923643,13.680000000000001,3.5814156250923643,3.081601516717224,0.842953742362445,22
3471,5.759586531581287,2.6799999999999997,1.3194689145077132,5.040000000000001,1.3194689145077132,1.9772400473660396,1.1494617800190285,22
3472,5.759586531581287,9.800000000000004,4.586725274241099,17.520000000000003,4.586725274241099,4.713492471128402,0.6985233892600266,22
3473,5.759586531581287,0.04000000000000091,2.0106192982974678,7.6800000000000015,2.0106192982974678,2.321056905278494,0.5453809218174872,22
3474,5.759586531581287,0.999999999999999,1.7592918860102844,6.7200000000000015,1.7592918860102844,2.01842608720119,0.5265592088431028,22
3475,5.759586531581287,4.04,3.0787608005179976,11.760000000000002,3.0787608005179976,2.852976729812652,0.4951429439663948,22
3476,5.759586531581287,5.3199999999999985,0.6283185307179586,2.4000000000000004,0.6283185307179586,5.979984116907752,1.454211574927377,22
3477,5.759586531581287,2.199999999999999,1.4451326206513049,5.5200000000000005,1.4451326206513049,1.671701869211147,0.503979954269059,22
3478,5.759586531581287,4.280000000000002,3.1415926535897936,12.000000000000004,3.1415926535897936,2.7985752918111126,0.5643313152477845,22
3479,5.759586531581287,0.4400000000000032,2.1362830044410597,8.160000000000002,2.1362830044410597,2.4697140513859313,0.5680822947348089,22
3480,5.759586531581287,5.24,3.392920065876977,12.960000000000003,3.392920065876977,2.8102881712473766,0.7744809280272769,22
3481,5.759586531581287,1.7199999999999984,1.5707963267948968,6.000000000000002,1.5707963267948968,2.4515084472314252,0.9470575827511359,22
3482,5.759586531581287,6.920000000000004,3.832743037379548,14.640000000000002,3.832743037379548,3.597304352298485,0.7404906247267468,22
3483,5.759586531581287,5.3199999999999985,0.6283185307179586,2.4000000000000004,0.6283185307179586,0.622948852901664,0.5188064097277543,22
3484,5.759586531581287,0.20000000000000115,2.0734511513692637,7.920000000000002,2.0734511513692637,2.2186543844991524,0.4306332722539747,22
3485,5.759586531581287,7.160000000000003,3.8955748904513436,14.880000000000003,3.8955748904513436,3.7013882529074955,0.6023939613126016,22
3486,5.759586531581287,3.5600000000000027,2.9530970943744057,11.280000000000001,2.9530970943744057,2.8289523362403446,0.43717047224718764,22
3487,5.759586531581287,0.999999999999999,1.7592918860102844,6.7200000000000015,1.7592918860102844,2.1498180234547535,0.6221364516138204,22
3488,5.759586531581287,7.400000000000002,3.9584067435231396,15.120000000000003,3.9584067435231396,3.244398013320364,1.5486698467792113,22
3489,5.759586531581287,6.680000000000002,3.769911184307752,14.400000000000002,3.769911184307752,3.483559610889721,0.6580413872533891,22
3490,5.759586531581287,5.000000000000002,3.330088212805181,12.720000000000002,3.330088212805181,2.6690932186983356,0.7605365804406973,22
3491,5.759586531581287,0.7600000000000003,1.8221237390820801,6.960000000000001,1.8221237390820801,2.1062789940946285,0.5102806050784817,22
3492,5.759586531581287,5.720000000000004,3.518583772020569,13.440000000000003,3.518583772020569,2.915197606556729,0.8153614530025848,22
3493,5.759586531581287,4.5200000000000005,3.204424506661589,12.240000000000002,3.204424506661589,2.802361025896587,0.614914943681236,22
3494,5.759586531581287,6.519999999999999,0.3141592653589793,1.2000000000000002,0.3141592653589793,0.28827455903554466,0.4290322750039309,22
3495,5.759586531581287,0.04000000000000091,2.0106192982974678,7.6800000000000015,2.0106192982974678,2.4818660267363013,0.6178555005935004,22
3496,5.759586531581287,0.5199999999999982,1.884955592153876,7.200000000000001,1.884955592153876,2.2002050331402416,0.555318414199587,22
